// 4.24.2 0x1ba7f03e D2 R0 FRGB565 U565 N0 SExtFlashSection
// Generated by imageconverter. Please, do not edit!

#include <touchgfx/hal/Config.hpp>

LOCATION_PRAGMA("ExtFlashSection")
KEEP extern const unsigned char image_titles[] LOCATION_ATTRIBUTE("ExtFlashSection") = { // 46x272 RGB565 pixels.
    0x54, 0xa2, 0x55, 0xa2, 0x54, 0xa2, 0x54, 0xa2, 0x55, 0xa2, 0x54, 0xa2,
    0x54, 0xa2, 0x55, 0xa2, 0x54, 0xa2, 0x54, 0xa2, 0x55, 0xa2, 0x54, 0xa2,
    0x54, 0xa2, 0x55, 0xa2, 0x54, 0xa2, 0x54, 0xa2, 0x55, 0xa2, 0x54, 0xa2,
    0x54, 0xa2, 0x55, 0xa2, 0x54, 0xa2, 0x54, 0xa2, 0x55, 0xa2, 0x54, 0xa2,
    0x54, 0xa2, 0x55, 0xa2, 0x54, 0xa2, 0x54, 0xa2, 0x55, 0xa2, 0x54, 0xa2,
    0x54, 0xa2, 0x55, 0xa2, 0x54, 0xa2, 0x54, 0xa2, 0x55, 0xa2, 0x54, 0xa2,
    0x54, 0xa2, 0x55, 0xa2, 0x54, 0xa2, 0x54, 0xa2, 0x55, 0xa2, 0x54, 0xa2,
    0x54, 0xa2, 0x55, 0xa2, 0x54, 0xa2, 0x54, 0xa2, 0x54, 0xa2, 0x55, 0xaa,
    0x55, 0xaa, 0x54, 0xa2, 0x55, 0xaa, 0x55, 0xaa, 0x54, 0xa2, 0x55, 0xaa,
    0x55, 0xaa, 0x54, 0xa2, 0x55, 0xaa, 0x55, 0xaa, 0x54, 0xa2, 0x55, 0xaa,
    0x55, 0xaa, 0x54, 0xa2, 0x55, 0xaa, 0x55, 0xaa, 0x54, 0xa2, 0x55, 0xaa,
    0x55, 0xaa, 0x54, 0xa2, 0x55, 0xaa, 0x55, 0xaa, 0x54, 0xa2, 0x55, 0xaa,
    0x55, 0xaa, 0x54, 0xa2, 0x55, 0xaa, 0x55, 0xaa, 0x54, 0xa2, 0x55, 0xaa,
    0x55, 0xaa, 0x54, 0xa2, 0x55, 0xaa, 0x55, 0xaa, 0x54, 0xa2, 0x55, 0xaa,
    0x55, 0xaa, 0x54, 0xa2, 0x55, 0xaa, 0x55, 0xaa, 0x54, 0xa2, 0x55, 0xaa,
    0x55, 0xaa, 0x54, 0xa2, 0x54, 0xa2, 0x55, 0xa2, 0x74, 0xaa, 0x54, 0xa2,
    0x75, 0xa2, 0x54, 0xaa, 0x74, 0xa2, 0x55, 0xa2, 0x74, 0xaa, 0x54, 0xa2,
    0x75, 0xa2, 0x54, 0xaa, 0x74, 0xa2, 0x55, 0xa2, 0x74, 0xaa, 0x54, 0xa2,
    0x75, 0xa2, 0x54, 0xaa, 0x74, 0xa2, 0x55, 0xa2, 0x74, 0xaa, 0x54, 0xa2,
    0x75, 0xa2, 0x54, 0xaa, 0x74, 0xa2, 0x55, 0xa2, 0x74, 0xaa, 0x54, 0xa2,
    0x75, 0xa2, 0x54, 0xaa, 0x74, 0xa2, 0x57, 0xa2, 0x7a, 0xab, 0x7c, 0xa4,
    0x77, 0xa2, 0x54, 0xaa, 0x74, 0xa2, 0x55, 0xa2, 0x74, 0xaa, 0x54, 0xa2,
    0x75, 0xa2, 0x54, 0xaa, 0x74, 0xa2, 0x55, 0xa2, 0x55, 0xaa, 0x54, 0xa2,
    0x55, 0xa2, 0x54, 0xa2, 0x55, 0xaa, 0x55, 0xa2, 0x54, 0xa2, 0x75, 0xa2,
    0x55, 0xaa, 0x54, 0xa2, 0x55, 0xa2, 0x75, 0xaa, 0x54, 0xa2, 0x55, 0xa2,
    0x55, 0xaa, 0x74, 0xa2, 0x55, 0xa2, 0x55, 0xaa, 0x54, 0xa2, 0x75, 0xa2,
    0x55, 0xaa, 0x54, 0xa2, 0x55, 0xa2, 0x75, 0xaa, 0x54, 0xa2, 0x55, 0xa2,
    0x55, 0xaa, 0x78, 0xa2, 0x7a, 0xa3, 0x5e, 0xbd, 0x3f, 0xd7, 0xff, 0xf7,
    0xff, 0xff, 0xff, 0xff, 0xff, 0xff, 0xff, 0xff, 0xff, 0xff, 0x54, 0xa2,
    0x55, 0xa2, 0x55, 0xaa, 0x54, 0xa2, 0x75, 0xa2, 0x55, 0xa2, 0x54, 0xaa,
    0x55, 0xa2, 0x74, 0xa2, 0x54, 0xa2, 0x55, 0xaa, 0x54, 0xa2, 0x55, 0xaa,
    0x74, 0xa2, 0x55, 0xaa, 0x54, 0xa2, 0x54, 0xaa, 0x55, 0xa2, 0x54, 0xa2,
    0x55, 0xaa, 0x54, 0xa2, 0x54, 0xa2, 0x55, 0xaa, 0x54, 0xa2, 0x54, 0xa2,
    0x55, 0xaa, 0x54, 0xa2, 0x54, 0xa2, 0x55, 0xaa, 0x54, 0xa2, 0x54, 0xa2,
    0x55, 0xaa, 0x56, 0xa2, 0x7a, 0xa3, 0x7c, 0xac, 0x5f, 0xc6, 0xff, 0xe7,
    0xff, 0xf7, 0xff, 0xff, 0xff, 0xff, 0xff, 0xff, 0xff, 0xff, 0xff, 0xff,
    0xff, 0xff, 0xff, 0xff, 0x3a, 0xff, 0x55, 0xaa, 0x55, 0xa2, 0x74, 0xa2,
    0x54, 0xaa, 0x55, 0xaa, 0x54, 0xa2, 0x55, 0xa2, 0x55, 0xaa, 0x74, 0xa2,
    0x55, 0xa2, 0x54, 0xaa, 0x54, 0xa2, 0x55, 0xa2, 0x74, 0xaa, 0x54, 0xa2,
    0x55, 0xa2, 0x75, 0xaa, 0x54, 0xa2, 0x75, 0xaa, 0x54, 0xa2, 0x55, 0xa2,
    0x75, 0xaa, 0x74, 0xa2, 0x55, 0xa2, 0x55, 0xaa, 0x74, 0xa2, 0x75, 0xa2,
    0x57, 0xaa, 0x58, 0xa2, 0x7a, 0xa3, 0x7e, 0xbd, 0x5f, 0xc6, 0x3f, 0xd7,
    0xff, 0xf7, 0xff, 0xff, 0xff, 0xff, 0xff, 0xff, 0xff, 0xff, 0xff, 0xff,
    0xff, 0xff, 0xff, 0xff, 0xff, 0xff, 0xfe, 0xff, 0x3a, 0xff, 0x57, 0xf5,
    0x55, 0xb2, 0x74, 0xaa, 0x54, 0xa2, 0x55, 0xa2, 0x75, 0xaa, 0x54, 0xa2,
    0x54, 0xa2, 0x75, 0xaa, 0x54, 0xaa, 0x55, 0xa2, 0x54, 0xa2, 0x55, 0xa2,
    0x55, 0xa2, 0x54, 0xaa, 0x55, 0xa2, 0x55, 0xa2, 0x74, 0xaa, 0x55, 0xa2,
    0x54, 0xa2, 0x74, 0xaa, 0x55, 0xa2, 0x54, 0xaa, 0x55, 0xaa, 0x54, 0xa2,
    0x74, 0xaa, 0x57, 0xa2, 0x7c, 0xac, 0x5e, 0xb5, 0x3f, 0xd7, 0xff, 0xe7,
    0xff, 0xf7, 0xff, 0xff, 0xff, 0xff, 0xff, 0xff, 0xff, 0xff, 0xff, 0xff,
    0xff, 0xff, 0xff, 0xff, 0xff, 0xff, 0xff, 0xff, 0xfc, 0xff, 0x3b, 0xff,
    0x57, 0xf5, 0x74, 0xd3, 0x55, 0xba, 0x54, 0xa2, 0x55, 0xa2, 0x54, 0xaa,
    0x54, 0xa2, 0x55, 0xa2, 0x55, 0xaa, 0x54, 0xa2, 0x75, 0xa2, 0x54, 0xaa,
    0x54, 0xa2, 0x75, 0xaa, 0x54, 0xaa, 0x54, 0xa2, 0x54, 0xa2, 0x75, 0xaa,
    0x54, 0xa2, 0x54, 0xaa, 0x55, 0xa2, 0x54, 0xa2, 0x55, 0xaa, 0x55, 0xa2,
    0x74, 0xa2, 0x54, 0xa2, 0x55, 0xa2, 0x55, 0xa2, 0x54, 0xaa, 0x5e, 0xc6,
    0xff, 0xff, 0xff, 0xff, 0xff, 0xff, 0xff, 0xff, 0xff, 0xff, 0xff, 0xff,
    0xff, 0xff, 0xff, 0xff, 0xff, 0xff, 0xff, 0xff, 0xfc, 0xff, 0x3b, 0xff,
    0x57, 0xf5, 0x74, 0xe4, 0x55, 0xc2, 0x54, 0xba, 0x54, 0xa2, 0x55, 0xa2,
    0x54, 0xaa, 0x75, 0xa2, 0x54, 0xa2, 0x55, 0xaa, 0x75, 0xa2, 0x74, 0xaa,
    0x54, 0xa2, 0x55, 0xa2, 0x55, 0xaa, 0x54, 0xa2, 0x55, 0xa2, 0x75, 0xa2,
    0x54, 0xa2, 0x55, 0xaa, 0x54, 0xa2, 0x55, 0xa2, 0x75, 0xaa, 0x54, 0xa2,
    0x75, 0xa2, 0x54, 0xaa, 0x55, 0xa2, 0x55, 0xaa, 0x54, 0xa2, 0x75, 0xaa,
    0x54, 0xa2, 0x75, 0xa2, 0x55, 0xaa, 0xff, 0xff, 0xff, 0xff, 0xff, 0xff,
    0xff, 0xff, 0xff, 0xff, 0xff, 0xff, 0xff, 0xff, 0xff, 0xff, 0x5c, 0xfe,
    0x57, 0xf5, 0x75, 0xe4, 0x54, 0xc2, 0x54, 0xba, 0x55, 0xa2, 0x55, 0xa2,
    0x54, 0xaa, 0x55, 0xa2, 0x75, 0xa2, 0x54, 0xaa, 0x55, 0xa2, 0x74, 0xa2,
    0x55, 0xaa, 0x54, 0xa2, 0x55, 0xa2, 0x54, 0xaa, 0x74, 0xa2, 0x55, 0xaa,
    0x74, 0xa2, 0x54, 0xa2, 0x55, 0xaa, 0x54, 0xa2, 0x75, 0xa2, 0x55, 0xa2,
    0x54, 0xa2, 0x55, 0xaa, 0x54, 0xa2, 0x55, 0xa2, 0x54, 0xaa, 0x74, 0xa2,
    0x74, 0xa2, 0x55, 0xaa, 0x54, 0xa2, 0x55, 0xaa, 0x54, 0xaa, 0x54, 0xa2,
    0x54, 0xa2, 0xfe, 0xff, 0xff, 0xff, 0xff, 0xff, 0xff, 0xff, 0xff, 0xff,
    0xff, 0xff, 0xff, 0xff, 0xff, 0xff, 0xff, 0xe7, 0x5f, 0xc6, 0x7c, 0xac,
    0x58, 0xaa, 0x55, 0xa2, 0x54, 0xaa, 0x54, 0xa2, 0x75, 0xaa, 0x54, 0xa2,
    0x54, 0xa2, 0x55, 0xaa, 0x54, 0xa2, 0x55, 0xaa, 0x74, 0xa2, 0x55, 0xa2,
    0x54, 0xaa, 0x55, 0xa2, 0x55, 0xa2, 0x54, 0xaa, 0x55, 0xa2, 0x75, 0xaa,
    0x54, 0xaa, 0x54, 0xa2, 0x54, 0xaa, 0x54, 0xa2, 0x55, 0xa2, 0x54, 0xaa,
    0x74, 0xa2, 0x55, 0xaa, 0x55, 0xaa, 0x55, 0xa2, 0x54, 0xa2, 0x74, 0xaa,
    0x55, 0xa2, 0x54, 0xa2, 0x75, 0xa2, 0x55, 0xaa, 0x54, 0xa2, 0xfe, 0xff,
    0xff, 0xff, 0xff, 0xff, 0xff, 0xff, 0xff, 0xff, 0xff, 0xff, 0xff, 0xff,
    0xff, 0xff, 0xff, 0xe7, 0x5f, 0xc6, 0x7c, 0xac, 0x58, 0xa2, 0x55, 0xa2,
    0x75, 0xa2, 0x54, 0xaa, 0x55, 0xa2, 0x74, 0xaa, 0x55, 0xa2, 0x75, 0xa2,
    0x54, 0xaa, 0x54, 0xa2, 0x55, 0xaa, 0x74, 0xa2, 0x55, 0xaa, 0x74, 0xa2,
    0x55, 0xa2, 0x54, 0xaa, 0x54, 0xa2, 0x75, 0xa2, 0x55, 0xa2, 0x55, 0xaa,
    0x75, 0xa2, 0x54, 0xaa, 0x55, 0xa2, 0x54, 0xa2, 0x75, 0xa2, 0x54, 0xa2,
    0x54, 0xaa, 0x55, 0xa2, 0x55, 0xa2, 0x54, 0xaa, 0x75, 0xa2, 0x54, 0xa2,
    0x55, 0xaa, 0x75, 0xa2, 0x54, 0xaa, 0x75, 0xe4, 0xfc, 0xff, 0x3a, 0xff,
    0xfe, 0xff, 0xff, 0xff, 0xff, 0xff, 0xff, 0xff, 0xff, 0xff, 0xff, 0xff,
    0xff, 0xff, 0xff, 0xff, 0xff, 0xe7, 0x5f, 0xc6, 0x7c, 0xac, 0x58, 0xa2,
    0x55, 0xa2, 0x55, 0xaa, 0x54, 0xa2, 0x55, 0xa2, 0x74, 0xaa, 0x55, 0xa2,
    0x55, 0xa2, 0x54, 0xaa, 0x54, 0xa2, 0x75, 0xa2, 0x54, 0xaa, 0x55, 0xa2,
    0x74, 0xa2, 0x54, 0xaa, 0x55, 0xa2, 0x54, 0xa2, 0x55, 0xa2, 0x55, 0xa2,
    0x54, 0xaa, 0x55, 0xa2, 0x55, 0xaa, 0x74, 0xa2, 0x54, 0xa2, 0x75, 0xaa,
    0x54, 0xa2, 0x55, 0xa2, 0x54, 0xaa, 0x55, 0xa2, 0x54, 0xa2, 0x74, 0xaa,
    0x55, 0xa2, 0x55, 0xa2, 0x54, 0xc2, 0x55, 0xba, 0x75, 0xd3, 0x56, 0xf5,
    0x3a, 0xff, 0xfe, 0xff, 0xff, 0xff, 0xff, 0xff, 0xff, 0xff, 0xff, 0xff,
    0xff, 0xff, 0xff, 0xff, 0xff, 0xff, 0xff, 0xe7, 0x5f, 0xc6, 0x5e, 0xbd,
    0x7a, 0xa3, 0x56, 0xaa, 0x55, 0xa2, 0x74, 0xa2, 0x55, 0xaa, 0x55, 0xa2,
    0x74, 0xa2, 0x55, 0xaa, 0x55, 0xaa, 0x54, 0xa2, 0x75, 0xa2, 0x55, 0xaa,
    0x54, 0xaa, 0x74, 0xa2, 0x54, 0xaa, 0x55, 0xa2, 0x54, 0xa2, 0x55, 0xaa,
    0x54, 0xa2, 0x55, 0xaa, 0x55, 0xa2, 0x74, 0xaa, 0x55, 0xa2, 0x54, 0xa2,
    0x75, 0xaa, 0x55, 0xaa, 0x54, 0xa2, 0x54, 0xa2, 0x75, 0xaa, 0x54, 0xa2,
    0x54, 0xaa, 0x75, 0xa2, 0x55, 0xaa, 0x54, 0xa2, 0x55, 0xba, 0x75, 0xd3,
    0x58, 0xfe, 0xfe, 0xff, 0xff, 0xff, 0xff, 0xff, 0xff, 0xff, 0xff, 0xff,
    0xff, 0xff, 0xff, 0xff, 0xff, 0xff, 0xff, 0xff, 0xff, 0xf7, 0x3f, 0xd7,
    0x7c, 0xac, 0x56, 0xa2, 0x54, 0xaa, 0x75, 0xa2, 0x54, 0xa2, 0x54, 0xaa,
    0x55, 0xa2, 0x74, 0xa2, 0x55, 0xaa, 0x54, 0xa2, 0x55, 0xa2, 0x75, 0xaa,
    0x54, 0xa2, 0x54, 0xaa, 0x55, 0xa2, 0x74, 0xa2, 0x54, 0xa2, 0x55, 0xa2,
    0x54, 0xaa, 0x55, 0xa2, 0x74, 0xaa, 0x54, 0xa2, 0x55, 0xa2, 0x74, 0xaa,
    0x55, 0xa2, 0x55, 0xa2, 0x54, 0xaa, 0x75, 0xa2, 0x54, 0xa2, 0x54, 0xaa,
    0x55, 0xa2, 0x54, 0xa2, 0x55, 0xaa, 0x55, 0xa2, 0x54, 0xaa, 0x55, 0xaa,
    0x57, 0xa2, 0x58, 0xba, 0x7a, 0xd4, 0x3e, 0xf7, 0xff, 0xff, 0xff, 0xff,
    0xff, 0xff, 0xff, 0xff, 0xff, 0xff, 0xff, 0xff, 0xff, 0xff, 0xff, 0xff,
    0x3f, 0xe7, 0x55, 0xaa, 0x54, 0xa2, 0x55, 0xa2, 0x74, 0xa2, 0x55, 0xaa,
    0x54, 0xa2, 0x54, 0xa2, 0x75, 0xa2, 0x55, 0xa2, 0x54, 0xa2, 0x55, 0xa2,
    0x54, 0xa2, 0x55, 0xaa, 0x75, 0xaa, 0x74, 0xa2, 0x54, 0xa2, 0x55, 0xaa,
    0x55, 0xa2, 0x54, 0xa2, 0x55, 0xaa, 0x74, 0xa2, 0x54, 0xa2, 0x55, 0xaa,
    0x54, 0xa2, 0x55, 0xa2, 0x75, 0xaa, 0x54, 0xa2, 0x77, 0xa2, 0x78, 0xaa,
    0x7a, 0xa3, 0x7c, 0xa4, 0x5e, 0xb5, 0x5f, 0xc6, 0x3f, 0xd7, 0xff, 0xe7,
    0xff, 0xf7, 0xff, 0xff, 0xff, 0xff, 0xff, 0xff, 0xff, 0xff, 0xff, 0xff,
    0xff, 0xff, 0xff, 0xff, 0xff, 0xff, 0xff, 0xff, 0xfe, 0xff, 0x55, 0xa2,
    0x55, 0xaa, 0x74, 0xa2, 0x55, 0xaa, 0x55, 0xa2, 0x54, 0xaa, 0x75, 0xaa,
    0x54, 0xaa, 0x54, 0xa2, 0x55, 0xaa, 0x74, 0xa2, 0x54, 0xa2, 0x55, 0xa2,
    0x55, 0xaa, 0x54, 0xa2, 0x75, 0xa2, 0x54, 0xaa, 0x75, 0xa2, 0x55, 0xa2,
    0x54, 0xaa, 0x55, 0xa2, 0x75, 0xaa, 0x54, 0xa2, 0x54, 0xa2, 0x78, 0xaa,
    0x7c, 0xa4, 0x5e, 0xb5, 0x3f, 0xd7, 0xff, 0xe7, 0xff, 0xf7, 0xff, 0xff,
    0xff, 0xff, 0xff, 0xff, 0xff, 0xff, 0xff, 0xff, 0xff, 0xff, 0xff, 0xff,
    0xff, 0xff, 0xff, 0xff, 0xff, 0xff, 0xff, 0xff, 0xff, 0xff, 0xff, 0xff,
    0xfe, 0xff, 0xfc, 0xff, 0x75, 0xe4, 0x54, 0xa2, 0x54, 0xaa, 0x54, 0xa2,
    0x55, 0xa2, 0x54, 0xaa, 0x75, 0xa2, 0x55, 0xa2, 0x54, 0xa2, 0x55, 0xaa,
    0x75, 0xa2, 0x54, 0xaa, 0x54, 0xa2, 0x54, 0xa2, 0x55, 0xaa, 0x54, 0xa2,
    0x55, 0xa2, 0x54, 0xaa, 0x54, 0xa2, 0x75, 0xaa, 0x54, 0xa2, 0x54, 0xa2,
    0x75, 0xaa, 0x55, 0xa2, 0x7c, 0xac, 0xff, 0xe7, 0xff, 0xff, 0xff, 0xff,
    0xff, 0xff, 0xff, 0xff, 0xff, 0xff, 0xff, 0xff, 0xff, 0xff, 0xff, 0xff,
    0xff, 0xff, 0xff, 0xff, 0xff, 0xff, 0xff, 0xff, 0xfe, 0xff, 0xfc, 0xff,
    0x3a, 0xff, 0x59, 0xfe, 0x57, 0xf5, 0x56, 0xf5, 0x75, 0xd3, 0x55, 0xc2,
    0x54, 0xaa, 0x75, 0xa2, 0x55, 0xa2, 0x74, 0xaa, 0x54, 0xa2, 0x55, 0xa2,
    0x54, 0xaa, 0x54, 0xa2, 0x55, 0xa2, 0x74, 0xa2, 0x54, 0xa2, 0x55, 0xa2,
    0x55, 0xa2, 0x74, 0xaa, 0x54, 0xa2, 0x75, 0xaa, 0x55, 0xa2, 0x54, 0xa2,
    0x55, 0xaa, 0x74, 0xa2, 0x55, 0xa2, 0x54, 0xaa, 0x54, 0xa2, 0x55, 0xa2,
    0xff, 0xf7, 0xff, 0xff, 0xff, 0xff, 0xff, 0xff, 0xff, 0xff, 0xff, 0xff,
    0xff, 0xff, 0xff, 0xff, 0xfe, 0xff, 0xfc, 0xff, 0x3a, 0xff, 0x58, 0xfe,
    0x57, 0xf5, 0x75, 0xe4, 0x75, 0xd3, 0x54, 0xc2, 0x55, 0xba, 0x54, 0xa2,
    0x54, 0xa2, 0x55, 0xaa, 0x74, 0xa2, 0x54, 0xaa, 0x55, 0xa2, 0x54, 0xa2,
    0x75, 0xaa, 0x55, 0xa2, 0x54, 0xaa, 0x75, 0xa2, 0x54, 0xa2, 0x75, 0xaa,
    0x55, 0xaa, 0x54, 0xaa, 0x54, 0xa2, 0x55, 0xaa, 0x55, 0xa2, 0x55, 0xaa,
    0x54, 0xa2, 0x55, 0xa2, 0x74, 0xaa, 0x55, 0xa2, 0x54, 0xaa, 0x55, 0xa2,
    0x75, 0xa2, 0x54, 0xaa, 0x55, 0xa2, 0x74, 0xaa, 0xfe, 0xff, 0xff, 0xff,
    0xff, 0xff, 0xff, 0xff, 0xff, 0xff, 0xff, 0xff, 0xff, 0xff, 0x5c, 0xf6,
    0x77, 0xdb, 0x55, 0xc2, 0x55, 0xba, 0x54, 0xaa, 0x55, 0xa2, 0x54, 0xaa,
    0x54, 0xaa, 0x55, 0xa2, 0x55, 0xaa, 0x54, 0xa2, 0x75, 0xaa, 0x55, 0xa2,
    0x54, 0xa2, 0x75, 0xaa, 0x54, 0xa2, 0x54, 0xaa, 0x55, 0xa2, 0x54, 0xa2,
    0x55, 0xaa, 0x74, 0xa2, 0x55, 0xa2, 0x54, 0xa2, 0x75, 0xa2, 0x55, 0xaa,
    0x54, 0xa2, 0x55, 0xa2, 0x54, 0xa2, 0x54, 0xa2, 0x75, 0xaa, 0x54, 0xa2,
    0x54, 0xa2, 0x75, 0xaa, 0x54, 0xa2, 0x54, 0xaa, 0x55, 0xa2, 0x75, 0xa2,
    0x54, 0xaa, 0x55, 0xa2, 0x55, 0xa2, 0x74, 0xd3, 0x57, 0xf5, 0xfc, 0xff,
    0xff, 0xff, 0xff, 0xff, 0xff, 0xff, 0xff, 0xff, 0xff, 0xff, 0xff, 0xff,
    0xff, 0xf7, 0x3f, 0xd7, 0x7c, 0xa4, 0x58, 0xa2, 0x55, 0xa2, 0x74, 0xaa,
    0x54, 0xa2, 0x55, 0xa2, 0x74, 0xaa, 0x54, 0xa2, 0x55, 0xa2, 0x55, 0xaa,
    0x74, 0xa2, 0x55, 0xa2, 0x54, 0xaa, 0x75, 0xa2, 0x54, 0xa2, 0x55, 0xaa,
    0x54, 0xaa, 0x54, 0xa2, 0x54, 0xa2, 0x75, 0xa2, 0x54, 0xaa, 0x54, 0xa2,
    0x54, 0xa2, 0x55, 0xaa, 0x75, 0xa2, 0x54, 0xaa, 0x55, 0xa2, 0x55, 0xa2,
    0x74, 0xaa, 0x54, 0xa2, 0x55, 0xaa, 0x54, 0xa2, 0x54, 0xa2, 0x55, 0xaa,
    0x54, 0xaa, 0x55, 0xa2, 0x54, 0xaa, 0x55, 0xc2, 0x75, 0xe4, 0x58, 0xfe,
    0xfe, 0xff, 0xff, 0xff, 0xff, 0xff, 0xff, 0xff, 0xff, 0xff, 0xff, 0xff,
    0xff, 0xff, 0xff, 0xe7, 0x5f, 0xc6, 0x7c, 0xac, 0x58, 0xa2, 0x55, 0xa2,
    0x55, 0xaa, 0x54, 0xa2, 0x54, 0xaa, 0x55, 0xa2, 0x55, 0xa2, 0x74, 0xaa,
    0x55, 0xa2, 0x54, 0xaa, 0x75, 0xa2, 0x55, 0xa2, 0x54, 0xaa, 0x75, 0xaa,
    0x55, 0xa2, 0x54, 0xaa, 0x75, 0xa2, 0x55, 0xa2, 0x55, 0xa2, 0x54, 0xa2,
    0x55, 0xaa, 0x54, 0xa2, 0x55, 0xaa, 0x55, 0xa2, 0x54, 0xa2, 0x75, 0xa2,
    0x55, 0xaa, 0x54, 0xa2, 0x75, 0xa2, 0x74, 0xaa, 0x55, 0xa2, 0x74, 0xa2,
    0x54, 0xaa, 0x55, 0xaa, 0x54, 0xa2, 0x55, 0xaa, 0x74, 0xd3, 0x57, 0xf5,
    0x3a, 0xff, 0xff, 0xff, 0xff, 0xff, 0xff, 0xff, 0xff, 0xff, 0xff, 0xff,
    0xff, 0xff, 0xff, 0xff, 0xff, 0xe7, 0x5f, 0xc6, 0x7c, 0xac, 0x7a, 0xa3,
    0x77, 0xa2, 0x54, 0xaa, 0x54, 0xa2, 0x55, 0xa2, 0x54, 0xaa, 0x54, 0xa2,
    0x55, 0xa2, 0x74, 0xa2, 0x55, 0xa2, 0x55, 0xa2, 0x54, 0xaa, 0x54, 0xa2,
    0x55, 0xa2, 0x54, 0xaa, 0x54, 0xa2, 0x55, 0xaa, 0x74, 0xa2, 0x54, 0xa2,
    0x74, 0xaa, 0x55, 0xaa, 0x54, 0xa2, 0x75, 0xa2, 0x54, 0xaa, 0x55, 0xa2,
    0x54, 0xa2, 0x55, 0xaa, 0x55, 0xa2, 0x54, 0xa2, 0x75, 0xa2, 0x54, 0xa2,
    0x55, 0xaa, 0x54, 0xa2, 0x55, 0xaa, 0x54, 0xa2, 0x55, 0xb2, 0x74, 0xe4,
    0x58, 0xfe, 0xfe, 0xff, 0xff, 0xff, 0xff, 0xff, 0xff, 0xff, 0xff, 0xff,
    0xff, 0xff, 0xff, 0xff, 0xff, 0xff, 0xff, 0xf7, 0x3f, 0xd7, 0x5e, 0xbd,
    0x77, 0xa2, 0x55, 0xa2, 0x74, 0xaa, 0x55, 0xaa, 0x54, 0xa2, 0x54, 0xaa,
    0x75, 0xaa, 0x54, 0xa2, 0x54, 0xa2, 0x75, 0xaa, 0x54, 0xa2, 0x55, 0xa2,
    0x54, 0xa2, 0x55, 0xaa, 0x55, 0xa2, 0x74, 0xa2, 0x55, 0xa2, 0x54, 0xaa,
    0x55, 0xa2, 0x54, 0xaa, 0x74, 0xa2, 0x55, 0xaa, 0x54, 0xa2, 0x74, 0xa2,
    0x55, 0xaa, 0x54, 0xaa, 0x55, 0xa2, 0x75, 0xa2, 0x54, 0xaa, 0x55, 0xa2,
    0x74, 0xa2, 0x55, 0xaa, 0x55, 0xaa, 0x54, 0xa2, 0x55, 0xaa, 0x75, 0xd3,
    0x56, 0xf5, 0xfc, 0xff, 0xff, 0xff, 0xff, 0xff, 0xff, 0xff, 0xff, 0xff,
    0xff, 0xff, 0xff, 0xff, 0xff, 0xff, 0xff, 0xff, 0x5e, 0xd6, 0x54, 0xaa,
    0x55, 0xa2, 0x75, 0xa2, 0x54, 0xaa, 0x55, 0xa2, 0x54, 0xa2, 0x75, 0xaa,
    0x55, 0xa2, 0x54, 0xaa, 0x75, 0xa2, 0x54, 0xa2, 0x54, 0xa2, 0x55, 0xa2,
    0x54, 0xaa, 0x55, 0xa2, 0x55, 0xa2, 0x74, 0xa2, 0x55, 0xaa, 0x55, 0xa2,
    0x54, 0xa2, 0x75, 0xaa, 0x55, 0xa2, 0x54, 0xa2, 0x74, 0xaa, 0x55, 0xa2,
    0x54, 0xaa, 0x54, 0xa2, 0x75, 0xa2, 0x54, 0xaa, 0x54, 0xa2, 0x55, 0xa2,
    0x54, 0xaa, 0x54, 0xa2, 0x55, 0xa2, 0x55, 0xaa, 0x54, 0xa2, 0x55, 0xc2,
    0x75, 0xe4, 0x58, 0xfe, 0xfc, 0xff, 0xff, 0xff, 0xff, 0xff, 0xff, 0xff,
    0xff, 0xff, 0xff, 0xff, 0xff, 0xff, 0x54, 0xa2, 0x55, 0xa2, 0x54, 0xa2,
    0x75, 0xaa, 0x54, 0xa2, 0x55, 0xa2, 0x54, 0xaa, 0x55, 0xa2, 0x54, 0xa2,
    0x55, 0xaa, 0x54, 0xaa, 0x55, 0xa2, 0x74, 0xaa, 0x74, 0xaa, 0x55, 0xa2,
    0x54, 0xaa, 0x74, 0xa2, 0x55, 0xa2, 0x54, 0xaa, 0x74, 0xa2, 0x55, 0xa2,
    0x55, 0xaa, 0x54, 0xa2, 0x55, 0xa2, 0x75, 0xa2, 0x54, 0xaa, 0x55, 0xa2,
    0x55, 0xa2, 0x74, 0xaa, 0x55, 0xa2, 0x75, 0xa2, 0x54, 0xaa, 0x75, 0xa2,
    0x54, 0xa2, 0x54, 0xaa, 0x75, 0xaa, 0x54, 0xa2, 0x55, 0xaa, 0x55, 0xaa,
    0x54, 0xa2, 0x55, 0xa2, 0x55, 0xaa, 0x54, 0xc2, 0x75, 0xe4, 0x57, 0xf5,
    0x54, 0xba, 0x75, 0xaa, 0x54, 0xa2, 0x54, 0xaa, 0x55, 0xa2, 0x75, 0xa2,
    0x54, 0xaa, 0x54, 0xa2, 0x75, 0xa2, 0x75, 0xaa, 0x54, 0xa2, 0x55, 0xa2,
    0x55, 0xa2, 0x54, 0xa2, 0x55, 0xa2, 0x55, 0xaa, 0x54, 0xa2, 0x55, 0xaa,
    0x55, 0xa2, 0x74, 0xaa, 0x54, 0xa2, 0x55, 0xa2, 0x74, 0xaa, 0x54, 0xaa,
    0x55, 0xa2, 0x54, 0xaa, 0x74, 0xa2, 0x55, 0xaa, 0x54, 0xa2, 0x7a, 0xab,
    0x7c, 0xa4, 0x5e, 0xb5, 0x5e, 0xbd, 0x7c, 0xa4, 0x7a, 0xa3, 0x57, 0xaa,
    0x54, 0xa2, 0x54, 0xa2, 0x55, 0xa2, 0x74, 0xaa, 0x55, 0xa2, 0x54, 0xa2,
    0x75, 0xaa, 0x54, 0xa2, 0x54, 0xa2, 0x55, 0xaa, 0x54, 0xa2, 0x55, 0xa2,
    0x75, 0xaa, 0x54, 0xa2, 0x54, 0xa2, 0x55, 0xaa, 0x74, 0xaa, 0x55, 0xa2,
    0x54, 0xa2, 0x54, 0xaa, 0x55, 0xa2, 0x54, 0xa2, 0x54, 0xa2, 0x55, 0xaa,
    0x54, 0xa2, 0x74, 0xa2, 0x55, 0xaa, 0x54, 0xa2, 0x75, 0xa2, 0x55, 0xaa,
    0x54, 0xa2, 0x55, 0xa2, 0x55, 0xaa, 0x74, 0xa2, 0x55, 0xa2, 0x55, 0xaa,
    0x54, 0xa2, 0x7a, 0xa3, 0x5f, 0xc6, 0xff, 0xf7, 0xff, 0xff, 0xff, 0xff,
    0xff, 0xff, 0xff, 0xff, 0xff, 0xf7, 0x3f, 0xd7, 0x7c, 0xa4, 0x55, 0xaa,
    0x74, 0xa2, 0x55, 0xa2, 0x54, 0xaa, 0x54, 0xa2, 0x75, 0xaa, 0x55, 0xa2,
    0x54, 0xa2, 0x74, 0xaa, 0x55, 0xa2, 0x54, 0xa2, 0x55, 0xaa, 0x75, 0xa2,
    0x54, 0xa2, 0x55, 0xaa, 0x55, 0xa2, 0x54, 0xa2, 0x55, 0xaa, 0x74, 0xa2,
    0x55, 0xaa, 0x54, 0xa2, 0x54, 0xa2, 0x55, 0xaa, 0x75, 0xa2, 0x54, 0xa2,
    0x54, 0xaa, 0x75, 0xa2, 0x54, 0xa2, 0x54, 0xaa, 0x55, 0xa2, 0x74, 0xaa,
    0x54, 0xa2, 0x55, 0xa2, 0x74, 0xaa, 0x55, 0xa2, 0x7a, 0xa3, 0xff, 0xf7,
    0xff, 0xff, 0xff, 0xff, 0xff, 0xff, 0xff, 0xff, 0xff, 0xff, 0xff, 0xff,
    0xff, 0xff, 0xff, 0xff, 0xff, 0xff, 0x5f, 0xc6, 0x57, 0xaa, 0x54, 0xa2,
    0x55, 0xa2, 0x75, 0xaa, 0x54, 0xa2, 0x55, 0xaa, 0x55, 0xa2, 0x74, 0xa2,
    0x55, 0xaa, 0x54, 0xa2, 0x74, 0xa2, 0x55, 0xaa, 0x54, 0xa2, 0x74, 0xa2,
    0x55, 0xaa, 0x54, 0xa2, 0x75, 0xa2, 0x55, 0xaa, 0x54, 0xa2, 0x55, 0xa2,
    0x54, 0xa2, 0x55, 0xaa, 0x55, 0xa2, 0x54, 0xaa, 0x55, 0xa2, 0x55, 0xa2,
    0x54, 0xaa, 0x75, 0xa2, 0x55, 0xa2, 0x54, 0xaa, 0x55, 0xa2, 0x54, 0xa2,
    0x55, 0xaa, 0x76, 0xa3, 0xff, 0xf7, 0xff, 0xff, 0xff, 0xff, 0xff, 0xff,
    0xff, 0xff, 0xfe, 0xff, 0xfe, 0xff, 0xff, 0xff, 0xff, 0xff, 0xff, 0xff,
    0xff, 0xff, 0xff, 0xff, 0x5e, 0xc6, 0x54, 0xaa, 0x55, 0xa2, 0x54, 0xa2,
    0x54, 0xaa, 0x55, 0xa2, 0x74, 0xaa, 0x55, 0xa2, 0x55, 0xaa, 0x54, 0xa2,
    0x55, 0xa2, 0x55, 0xaa, 0x54, 0xa2, 0x75, 0xa2, 0x54, 0xaa, 0x54, 0xa2,
    0x75, 0xa2, 0x54, 0xaa, 0x54, 0xa2, 0x75, 0xa2, 0x54, 0xa2, 0x74, 0xa2,
    0x55, 0xaa, 0x74, 0xa2, 0x74, 0xa2, 0x55, 0xaa, 0x54, 0xaa, 0x54, 0xa2,
    0x75, 0xa2, 0x55, 0xaa, 0x54, 0xa2, 0x75, 0xaa, 0x54, 0xa2, 0x5e, 0xc6,
    0xff, 0xff, 0xff, 0xff, 0xff, 0xff, 0xfe, 0xff, 0x75, 0xe4, 0x75, 0xd3,
    0x74, 0xd3, 0x75, 0xe4, 0x3a, 0xff, 0xff, 0xff, 0xff, 0xff, 0xff, 0xff,
    0xff, 0xff, 0x7a, 0xbc, 0x75, 0xa2, 0x54, 0xa2, 0x55, 0xaa, 0x74, 0xa2,
    0x54, 0xa2, 0x55, 0xaa, 0x74, 0xa2, 0x54, 0xaa, 0x75, 0xa2, 0x54, 0xaa,
    0x55, 0xa2, 0x55, 0xaa, 0x54, 0xa2, 0x55, 0xaa, 0x55, 0xa2, 0x54, 0xaa,
    0x55, 0xa2, 0x54, 0xaa, 0x55, 0xa2, 0x54, 0xaa, 0x55, 0xa2, 0x55, 0xa2,
    0x54, 0xaa, 0x75, 0xa2, 0x55, 0xa2, 0x54, 0xaa, 0x54, 0xa2, 0x75, 0xa2,
    0x54, 0xaa, 0x55, 0xa2, 0x55, 0xaa, 0xff, 0xf7, 0xff, 0xff, 0xff, 0xff,
    0xff, 0xff, 0x77, 0xdc, 0x54, 0xaa, 0x54, 0xaa, 0x55, 0xa2, 0x55, 0xaa,
    0x54, 0xba, 0x58, 0xfe, 0xff, 0xff, 0xff, 0xff, 0xff, 0xff, 0x3e, 0xe7,
    0x55, 0xa2, 0x55, 0xaa, 0x74, 0xa2, 0x55, 0xa2, 0x55, 0xaa, 0x54, 0xa2,
    0x55, 0xa2, 0x74, 0xa2, 0x54, 0xaa, 0x55, 0xa2, 0x74, 0xa2, 0x54, 0xaa,
    0x75, 0xa2, 0x74, 0xa2, 0x54, 0xaa, 0x75, 0xa2, 0x55, 0xa2, 0x54, 0xa2,
    0x54, 0xa2, 0x55, 0xaa, 0x74, 0xa2, 0x54, 0xaa, 0x55, 0xa2, 0x54, 0xa2,
    0x75, 0xaa, 0x54, 0xa2, 0x55, 0xa2, 0x54, 0xaa, 0x74, 0xa2, 0x55, 0xa2,
    0x54, 0xaa, 0xff, 0xff, 0xff, 0xff, 0xff, 0xff, 0xff, 0xff, 0x55, 0xa2,
    0x54, 0xa2, 0x55, 0xa2, 0x54, 0xaa, 0x55, 0xa2, 0x55, 0xa2, 0x55, 0xb2,
    0xff, 0xff, 0xff, 0xff, 0xff, 0xff, 0xff, 0xff, 0x54, 0xaa, 0x54, 0xa2,
    0x55, 0xa2, 0x54, 0xaa, 0x74, 0xa2, 0x55, 0xaa, 0x55, 0xa2, 0x55, 0xa2,
    0x54, 0xaa, 0x55, 0xa2, 0x54, 0xa2, 0x55, 0xaa, 0x55, 0xa2, 0x54, 0xa2,
    0x54, 0xaa, 0x55, 0xa2, 0x74, 0xaa, 0x55, 0xa2, 0x55, 0xa2, 0x54, 0xa2,
    0x55, 0xaa, 0x75, 0xa2, 0x54, 0xa2, 0x54, 0xaa, 0x55, 0xa2, 0x75, 0xa2,
    0x54, 0xaa, 0x55, 0xa2, 0x55, 0xa2, 0x74, 0xaa, 0x54, 0xa2, 0xff, 0xff,
    0xff, 0xff, 0xff, 0xff, 0xff, 0xff, 0x56, 0xa2, 0x55, 0xaa, 0x75, 0xa2,
    0x54, 0xa2, 0x74, 0xaa, 0x55, 0xa2, 0x54, 0xaa, 0xff, 0xff, 0xff, 0xff,
    0xff, 0xff, 0xff, 0xff, 0x55, 0xa2, 0x74, 0xaa, 0x55, 0xa2, 0x55, 0xa2,
    0x74, 0xaa, 0x54, 0xa2, 0x55, 0xaa, 0x74, 0xa2, 0x55, 0xaa, 0x74, 0xa2,
    0x55, 0xaa, 0x54, 0xa2, 0x75, 0xa2, 0x55, 0xaa, 0x54, 0xa2, 0x55, 0xa2,
    0x54, 0xaa, 0x54, 0xa2, 0x54, 0xa2, 0x55, 0xaa, 0x54, 0xa2, 0x55, 0xa2,
    0x74, 0xaa, 0x55, 0xa2, 0x54, 0xaa, 0x54, 0xa2, 0x75, 0xaa, 0x54, 0xa2,
    0x55, 0xaa, 0x55, 0xa2, 0x75, 0xa2, 0x3c, 0xf7, 0xff, 0xff, 0xff, 0xff,
    0xff, 0xff, 0x5f, 0xc6, 0x56, 0xaa, 0x55, 0xa2, 0x54, 0xa2, 0x54, 0xaa,
    0x75, 0xa2, 0x7c, 0xb4, 0xff, 0xff, 0xff, 0xff, 0xff, 0xff, 0xff, 0xff,
    0x55, 0xa2, 0x54, 0xaa, 0x74, 0xa2, 0x55, 0xa2, 0x55, 0xaa, 0x54, 0xa2,
    0x74, 0xa2, 0x55, 0xaa, 0x54, 0xa2, 0x75, 0xa2, 0x54, 0xaa, 0x54, 0xa2,
    0x75, 0xaa, 0x54, 0xa2, 0x75, 0xa2, 0x75, 0xaa, 0x54, 0xa2, 0x55, 0xa2,
    0x54, 0xa2, 0x75, 0xaa, 0x54, 0xa2, 0x54, 0xaa, 0x55, 0xa2, 0x75, 0xa2,
    0x54, 0xaa, 0x55, 0xa2, 0x54, 0xa2, 0x74, 0xaa, 0x54, 0xa2, 0x55, 0xa2,
    0x54, 0xaa, 0x77, 0xd4, 0xff, 0xff, 0xff, 0xff, 0xff, 0xff, 0xff, 0xff,
    0x3f, 0xd7, 0x5e, 0xbd, 0x7e, 0xb5, 0x5e, 0xb5, 0x5f, 0xc6, 0xff, 0xff,
    0xff, 0xff, 0xff, 0xff, 0xff, 0xff, 0x5a, 0xf6, 0x55, 0xaa, 0x55, 0xa2,
    0x54, 0xaa, 0x54, 0xa2, 0x55, 0xa2, 0x75, 0xaa, 0x54, 0xa2, 0x55, 0xa2,
    0x54, 0xaa, 0x55, 0xa2, 0x55, 0xa2, 0x54, 0xaa, 0x54, 0xa2, 0x55, 0xa2,
    0x54, 0xaa, 0x54, 0xaa, 0x55, 0xa2, 0x54, 0xa2, 0x55, 0xa2, 0x54, 0xa2,
    0x75, 0xaa, 0x55, 0xa2, 0x54, 0xa2, 0x54, 0xaa, 0x75, 0xa2, 0x55, 0xa2,
    0x55, 0xaa, 0x54, 0xa2, 0x75, 0xa2, 0x54, 0xaa, 0x54, 0xaa, 0x55, 0xa2,
    0x58, 0xf6, 0xff, 0xff, 0xff, 0xff, 0xff, 0xff, 0xff, 0xff, 0xff, 0xff,
    0xff, 0xff, 0xff, 0xff, 0xff, 0xff, 0xff, 0xff, 0xff, 0xff, 0xff, 0xff,
    0xfe, 0xff, 0x74, 0xc3, 0x55, 0xa2, 0x75, 0xa2, 0x54, 0xaa, 0x55, 0xa2,
    0x74, 0xa2, 0x54, 0xaa, 0x55, 0xa2, 0x54, 0xa2, 0x75, 0xaa, 0x54, 0xa2,
    0x75, 0xa2, 0x55, 0xaa, 0x54, 0xa2, 0x75, 0xa2, 0x54, 0xaa, 0x55, 0xa2,
    0x75, 0xa2, 0x54, 0xaa, 0x54, 0xa2, 0x55, 0xaa, 0x54, 0xa2, 0x75, 0xa2,
    0x54, 0xaa, 0x54, 0xa2, 0x55, 0xa2, 0x74, 0xaa, 0x54, 0xa2, 0x55, 0xa2,
    0x55, 0xaa, 0x74, 0xa2, 0x55, 0xa2, 0x54, 0xaa, 0x55, 0xa2, 0x57, 0xf5,
    0xfe, 0xff, 0xff, 0xff, 0xff, 0xff, 0xff, 0xff, 0xff, 0xff, 0xff, 0xff,
    0xff, 0xff, 0xff, 0xff, 0xff, 0xff, 0xfc, 0xff, 0x75, 0xd3, 0x54, 0xaa,
    0x54, 0xa2, 0x54, 0xaa, 0x75, 0xa2, 0x55, 0xaa, 0x54, 0xa2, 0x55, 0xaa,
    0x55, 0xa2, 0x74, 0xaa, 0x54, 0xa2, 0x55, 0xaa, 0x54, 0xa2, 0x74, 0xaa,
    0x55, 0xa2, 0x55, 0xa2, 0x74, 0xaa, 0x54, 0xa2, 0x55, 0xa2, 0x54, 0xaa,
    0x54, 0xa2, 0x55, 0xaa, 0x54, 0xa2, 0x55, 0xaa, 0x75, 0xa2, 0x54, 0xaa,
    0x55, 0xa2, 0x54, 0xaa, 0x74, 0xa2, 0x55, 0xaa, 0x54, 0xa2, 0x55, 0xa2,
    0x75, 0xa2, 0x54, 0xaa, 0x54, 0xa2, 0x75, 0xaa, 0x54, 0xaa, 0x55, 0xa2,
    0x55, 0xba, 0x54, 0xc2, 0x75, 0xd3, 0x75, 0xdb, 0x54, 0xc2, 0x55, 0xba,
    0x55, 0xaa, 0x54, 0xa2, 0x55, 0xaa, 0x55, 0xa2, 0x54, 0xaa, 0x55, 0xa2,
    0x74, 0xa2, 0x54, 0xa2, 0x55, 0xaa, 0x74, 0xa2, 0x55, 0xa2, 0x54, 0xaa,
    0x55, 0xa2, 0x55, 0xa2, 0x54, 0xaa, 0x74, 0xa2, 0x55, 0xaa, 0x54, 0xa2,
    0x55, 0xa2, 0x55, 0xaa, 0x54, 0xa2, 0x55, 0xa2, 0x55, 0xa2, 0x74, 0xa2,
    0x55, 0xaa, 0x54, 0xa2, 0x55, 0xa2, 0x75, 0xaa, 0x54, 0xa2, 0x55, 0xa2,
    0x55, 0xaa, 0x74, 0xa2, 0x54, 0xaa, 0x55, 0xa2, 0x54, 0xaa, 0x75, 0xa2,
    0x56, 0xa2, 0x56, 0xa2, 0x77, 0xa2, 0x56, 0xa2, 0x56, 0xaa, 0x77, 0xa2,
    0x56, 0xa2, 0x56, 0xaa, 0x57, 0xa2, 0x56, 0xa2, 0x76, 0xa2, 0x57, 0xaa,
    0x56, 0xa2, 0x75, 0xa2, 0x55, 0xaa, 0x54, 0xa2, 0x55, 0xa2, 0x55, 0xaa,
    0x74, 0xa2, 0x54, 0xa2, 0x55, 0xaa, 0x74, 0xa2, 0x55, 0xa2, 0x74, 0xaa,
    0x55, 0xa2, 0x55, 0xa2, 0x54, 0xaa, 0x74, 0xa2, 0x55, 0xa2, 0x74, 0xaa,
    0x54, 0xa2, 0x55, 0xa2, 0x54, 0xa2, 0x55, 0xaa, 0x74, 0xa2, 0x54, 0xa2,
    0x54, 0xaa, 0x55, 0xa2, 0x74, 0xa2, 0x55, 0xaa, 0x55, 0xa2, 0x54, 0xa2,
    0x75, 0xaa, 0x54, 0xa2, 0x55, 0xa2, 0x7c, 0xac, 0x3f, 0xd7, 0x3f, 0xd7,
    0x3f, 0xd7, 0x3f, 0xd7, 0x3f, 0xd7, 0x3f, 0xd7, 0x3f, 0xd7, 0x3f, 0xd7,
    0x3f, 0xd7, 0x3f, 0xd7, 0x3f, 0xd7, 0x3f, 0xd7, 0x3f, 0xd7, 0x7c, 0xac,
    0x54, 0xa2, 0x74, 0xaa, 0x55, 0xaa, 0x55, 0xa2, 0x54, 0xa2, 0x55, 0xaa,
    0x55, 0xa2, 0x54, 0xa2, 0x74, 0xaa, 0x55, 0xa2, 0x54, 0xa2, 0x55, 0xaa,
    0x75, 0xa2, 0x54, 0xaa, 0x55, 0xa2, 0x55, 0xaa, 0x74, 0xaa, 0x54, 0xa2,
    0x54, 0xa2, 0x55, 0xaa, 0x55, 0xa2, 0x74, 0xa2, 0x55, 0xaa, 0x54, 0xa2,
    0x54, 0xa2, 0x75, 0xaa, 0x54, 0xa2, 0x55, 0xa2, 0x54, 0xaa, 0x75, 0xa2,
    0x54, 0xa2, 0xff, 0xf7, 0xff, 0xff, 0xff, 0xff, 0xff, 0xff, 0xff, 0xff,
    0xff, 0xff, 0xff, 0xff, 0xff, 0xff, 0xff, 0xff, 0xff, 0xff, 0xff, 0xff,
    0xff, 0xff, 0xff, 0xff, 0xff, 0xff, 0xff, 0xf7, 0x55, 0xa2, 0x54, 0xa2,
    0x74, 0xaa, 0x55, 0xa2, 0x74, 0xaa, 0x54, 0xa2, 0x55, 0xaa, 0x75, 0xa2,
    0x54, 0xaa, 0x55, 0xa2, 0x54, 0xa2, 0x74, 0xaa, 0x55, 0xa2, 0x54, 0xa2,
    0x54, 0xaa, 0x55, 0xa2, 0x55, 0xa2, 0x54, 0xa2, 0x54, 0xa2, 0x55, 0xa2,
    0x55, 0xaa, 0x54, 0xa2, 0x75, 0xaa, 0x55, 0xa2, 0x54, 0xaa, 0x54, 0xa2,
    0x75, 0xa2, 0x54, 0xaa, 0x55, 0xa2, 0x54, 0xaa, 0x55, 0xaa, 0x3c, 0xff,
    0xff, 0xff, 0xff, 0xff, 0xff, 0xff, 0xff, 0xff, 0xff, 0xff, 0xff, 0xff,
    0xff, 0xff, 0xff, 0xff, 0xff, 0xff, 0xff, 0xff, 0xff, 0xff, 0xff, 0xff,
    0xff, 0xff, 0xfe, 0xff, 0x55, 0xaa, 0x55, 0xa2, 0x54, 0xa2, 0x55, 0xa2,
    0x75, 0xa2, 0x54, 0xaa, 0x54, 0xa2, 0x55, 0xa2, 0x54, 0xaa, 0x55, 0xa2,
    0x75, 0xaa, 0x54, 0xa2, 0x55, 0xa2, 0x75, 0xaa, 0x54, 0xa2, 0x74, 0xa2,
    0x55, 0xaa, 0x55, 0xa2, 0x54, 0xa2, 0x74, 0xaa, 0x55, 0xa2, 0x54, 0xa2,
    0x54, 0xa2, 0x75, 0xaa, 0x55, 0xa2, 0x54, 0xaa, 0x55, 0xa2, 0x75, 0xa2,
    0x54, 0xaa, 0x55, 0xa2, 0x54, 0xa2, 0x55, 0xaa, 0x55, 0xaa, 0x54, 0xa2,
    0x55, 0xaa, 0x55, 0xaa, 0x54, 0xaa, 0x55, 0xaa, 0x55, 0xaa, 0x54, 0xba,
    0x58, 0xfe, 0xff, 0xff, 0xff, 0xff, 0xff, 0xff, 0xff, 0xf7, 0x56, 0xaa,
    0x74, 0xa2, 0x55, 0xaa, 0x54, 0xa2, 0x54, 0xaa, 0x55, 0xa2, 0x75, 0xa2,
    0x54, 0xaa, 0x74, 0xa2, 0x55, 0xa2, 0x54, 0xaa, 0x54, 0xa2, 0x55, 0xa2,
    0x54, 0xaa, 0x55, 0xa2, 0x75, 0xa2, 0x54, 0xaa, 0x54, 0xa2, 0x55, 0xaa,
    0x55, 0xa2, 0x54, 0xaa, 0x75, 0xa2, 0x55, 0xaa, 0x54, 0xa2, 0x54, 0xa2,
    0x75, 0xaa, 0x54, 0xa2, 0x54, 0xaa, 0x55, 0xa2, 0x74, 0xa2, 0x54, 0xa2,
    0x75, 0xa2, 0x54, 0xa2, 0x54, 0xa2, 0x75, 0xa2, 0x54, 0xa2, 0x54, 0xa2,
    0x55, 0xa2, 0x54, 0xa2, 0x55, 0xa2, 0x55, 0xa2, 0x54, 0xaa, 0x77, 0xd4,
    0xff, 0xff, 0xff, 0xff, 0xff, 0xff, 0x3e, 0xe7, 0x55, 0xa2, 0x74, 0xa2,
    0x55, 0xaa, 0x74, 0xaa, 0x54, 0xa2, 0x55, 0xa2, 0x55, 0xaa, 0x54, 0xa2,
    0x75, 0xa2, 0x55, 0xaa, 0x74, 0xa2, 0x55, 0xaa, 0x54, 0xa2, 0x54, 0xa2,
    0x55, 0xaa, 0x54, 0xa2, 0x75, 0xa2, 0x54, 0xa2, 0x55, 0xa2, 0x54, 0xa2,
    0x54, 0xaa, 0x75, 0xa2, 0x55, 0xaa, 0x54, 0xa2, 0x55, 0xa2, 0x75, 0xaa,
    0x54, 0xa2, 0x55, 0xaa, 0x55, 0xaa, 0x54, 0xaa, 0x75, 0xa2, 0x55, 0xaa,
    0x54, 0xaa, 0x75, 0xa2, 0x55, 0xaa, 0x54, 0xa2, 0x75, 0xa2, 0x74, 0xaa,
    0x54, 0xa2, 0x55, 0xa2, 0x7a, 0xab, 0x7a, 0xa3, 0xff, 0xff, 0xff, 0xff,
    0xff, 0xff, 0xff, 0xff, 0x55, 0xaa, 0x54, 0xa2, 0x55, 0xa2, 0x55, 0xa2,
    0x74, 0xaa, 0x54, 0xa2, 0x55, 0xaa, 0x54, 0xa2, 0x54, 0xaa, 0x75, 0xa2,
    0x55, 0xa2, 0x74, 0xaa, 0x55, 0xa2, 0x74, 0xaa, 0x55, 0xaa, 0x55, 0xa2,
    0x54, 0xaa, 0x55, 0xa2, 0x54, 0xa2, 0x55, 0xaa, 0x54, 0xa2, 0x54, 0xa2,
    0x75, 0xaa, 0x54, 0xa2, 0x54, 0xa2, 0x55, 0xaa, 0x74, 0xa2, 0x54, 0xa2,
    0x55, 0xa2, 0x54, 0xa2, 0x54, 0xaa, 0x55, 0xa2, 0x54, 0xa2, 0x54, 0xaa,
    0x55, 0xaa, 0x54, 0xa2, 0x55, 0xaa, 0x55, 0xaa, 0x74, 0xa2, 0x5e, 0xc6,
    0xff, 0xf7, 0xff, 0xf7, 0xff, 0xff, 0xff, 0xff, 0xff, 0xff, 0xff, 0xff,
    0x54, 0xaa, 0x55, 0xa2, 0x54, 0xa2, 0x55, 0xaa, 0x55, 0xa2, 0x74, 0xa2,
    0x55, 0xa2, 0x75, 0xaa, 0x54, 0xa2, 0x54, 0xa2, 0x55, 0xaa, 0x54, 0xa2,
    0x55, 0xa2, 0x74, 0xa2, 0x54, 0xa2, 0x55, 0xaa, 0x74, 0xa2, 0x54, 0xa2,
    0x55, 0xa2, 0x75, 0xaa, 0x54, 0xa2, 0x55, 0xa2, 0x55, 0xaa, 0x74, 0xa2,
    0x55, 0xa2, 0x55, 0xaa, 0x54, 0xa2, 0x75, 0xa2, 0x75, 0xaa, 0x54, 0xa2,
    0x75, 0xa2, 0x55, 0xa2, 0x74, 0xa2, 0x55, 0xa2, 0x74, 0xa2, 0x54, 0xa2,
    0x55, 0xa2, 0x54, 0xaa, 0x55, 0xa2, 0xff, 0xff, 0xff, 0xff, 0xff, 0xff,
    0xff, 0xff, 0xff, 0xff, 0xff, 0xff, 0xfe, 0xff, 0x55, 0xa2, 0x74, 0xaa,
    0x74, 0xa2, 0x55, 0xaa, 0x54, 0xa2, 0x54, 0xaa, 0x55, 0xa2, 0x55, 0xaa,
    0x74, 0xa2, 0x55, 0xa2, 0x54, 0xaa, 0x55, 0xa2, 0x54, 0xaa, 0x55, 0xa2,
    0x74, 0xa2, 0x55, 0xaa, 0x55, 0xa2, 0x54, 0xa2, 0x54, 0xa2, 0x54, 0xa2,
    0x75, 0xaa, 0x54, 0xa2, 0x55, 0xaa, 0x54, 0xa2, 0x75, 0xaa, 0x54, 0xa2,
    0x54, 0xa2, 0x55, 0xaa, 0x54, 0xaa, 0x54, 0xa2, 0x55, 0xaa, 0x74, 0xaa,
    0x55, 0xaa, 0x55, 0xa2, 0x74, 0xaa, 0x55, 0xaa, 0x74, 0xa2, 0x54, 0xa2,
    0x55, 0xaa, 0x3a, 0xff, 0xff, 0xff, 0xff, 0xff, 0xff, 0xff, 0xff, 0xff,
    0xfe, 0xff, 0x77, 0xe4, 0x54, 0xa2, 0x55, 0xaa, 0x55, 0xa2, 0x74, 0xa2,
    0x55, 0xaa, 0x54, 0xa2, 0x74, 0xa2, 0x55, 0xaa, 0x54, 0xa2, 0x75, 0xaa,
    0x55, 0xa2, 0x74, 0xa2, 0x55, 0xaa, 0x54, 0xaa, 0x55, 0xa2, 0x74, 0xa2,
    0x55, 0xaa, 0x55, 0xaa, 0x54, 0xa2, 0x55, 0xaa, 0x54, 0xa2, 0x75, 0xa2,
    0x54, 0xa2, 0x55, 0xaa, 0x54, 0xa2, 0x75, 0xa2, 0x55, 0xaa, 0x54, 0xa2,
    0x55, 0xa2, 0x55, 0xa2, 0x54, 0xa2, 0x54, 0xaa, 0x55, 0xa2, 0x54, 0xa2,
    0x55, 0xaa, 0x55, 0xa2, 0x54, 0xa2, 0x75, 0xaa, 0x55, 0xa2, 0x54, 0xa2,
    0x55, 0xaa, 0x55, 0xaa, 0x54, 0xa2, 0x55, 0xaa, 0x55, 0xaa, 0x54, 0xa2,
    0x54, 0xa2, 0x55, 0xaa, 0x54, 0xa2, 0x55, 0xa2, 0x75, 0xaa, 0x54, 0xa2,
    0x55, 0xa2, 0x54, 0xaa, 0x54, 0xa2, 0x55, 0xa2, 0x54, 0xaa, 0x74, 0xa2,
    0x55, 0xa2, 0x55, 0xaa, 0x54, 0xa2, 0x54, 0xa2, 0x74, 0xaa, 0x55, 0xa2,
    0x55, 0xa2, 0x54, 0xaa, 0x55, 0xa2, 0x54, 0xaa, 0x75, 0xa2, 0x54, 0xaa,
    0x54, 0xa2, 0x55, 0xaa, 0x74, 0xa2, 0x54, 0xa2, 0x75, 0xaa, 0x75, 0xa2,
    0x54, 0xa2, 0x7a, 0xa3, 0x5f, 0xc6, 0x5f, 0xc6, 0x5f, 0xc6, 0x5e, 0xb5,
    0x5e, 0xbd, 0x5e, 0xb5, 0x7c, 0xa4, 0x7c, 0xac, 0x7c, 0xa4, 0x7c, 0xa4,
    0x7c, 0xa4, 0x7c, 0xa4, 0x7c, 0xac, 0x7c, 0xa4, 0x7a, 0xa3, 0x7a, 0xab,
    0x7a, 0xa3, 0x7c, 0xac, 0x7c, 0xa4, 0x7c, 0xac, 0x57, 0xa2, 0x75, 0xa2,
    0x54, 0xaa, 0x55, 0xa2, 0x54, 0xaa, 0x55, 0xa2, 0x74, 0xa2, 0x55, 0xaa,
    0x55, 0xa2, 0x74, 0xa2, 0x55, 0xa2, 0x54, 0xa2, 0x54, 0xa2, 0x75, 0xa2,
    0x54, 0xaa, 0x55, 0xa2, 0x55, 0xa2, 0x74, 0xa2, 0x55, 0xaa, 0x55, 0xa2,
    0x54, 0xa2, 0x54, 0xaa, 0x55, 0xaa, 0x54, 0xaa, 0x55, 0xa2, 0x3f, 0xe7,
    0xff, 0xff, 0xff, 0xff, 0xff, 0xff, 0xff, 0xff, 0xff, 0xff, 0xff, 0xff,
    0xff, 0xff, 0xff, 0xff, 0xff, 0xff, 0xff, 0xff, 0xff, 0xff, 0xff, 0xff,
    0xff, 0xff, 0xff, 0xff, 0xff, 0xf7, 0xff, 0xf7, 0xff, 0xf7, 0xff, 0xff,
    0xff, 0xff, 0xff, 0xff, 0x5e, 0xd6, 0x54, 0xaa, 0x75, 0xa2, 0x54, 0xa2,
    0x55, 0xaa, 0x74, 0xa2, 0x54, 0xa2, 0x55, 0xaa, 0x74, 0xaa, 0x55, 0xa2,
    0x55, 0xaa, 0x54, 0xaa, 0x55, 0xa2, 0x54, 0xaa, 0x74, 0xa2, 0x55, 0xaa,
    0x54, 0xa2, 0x54, 0xaa, 0x75, 0xa2, 0x55, 0xa2, 0x54, 0xaa, 0x75, 0xa2,
    0x54, 0xa2, 0x55, 0xa2, 0x74, 0xaa, 0xff, 0xff, 0xff, 0xff, 0xff, 0xff,
    0xff, 0xff, 0xff, 0xff, 0xff, 0xff, 0xff, 0xff, 0xff, 0xff, 0xff, 0xff,
    0xff, 0xff, 0xff, 0xff, 0xff, 0xff, 0xff, 0xff, 0xff, 0xff, 0xff, 0xff,
    0xff, 0xff, 0xff, 0xff, 0xff, 0xff, 0xff, 0xff, 0xff, 0xff, 0xff, 0xff,
    0xff, 0xff, 0x55, 0xa2, 0x54, 0xaa, 0x75, 0xa2, 0x55, 0xa2, 0x54, 0xaa,
    0x55, 0xa2, 0x54, 0xa2, 0x54, 0xa2, 0x55, 0xaa, 0x54, 0xa2, 0x54, 0xa2,
    0x55, 0xa2, 0x54, 0xa2, 0x55, 0xaa, 0x75, 0xa2, 0x54, 0xaa, 0x54, 0xa2,
    0x55, 0xa2, 0x74, 0xaa, 0x55, 0xa2, 0x54, 0xa2, 0x75, 0xa2, 0x55, 0xaa,
    0x54, 0xa2, 0x57, 0xf5, 0xfc, 0xff, 0xfc, 0xff, 0xfc, 0xff, 0xfe, 0xff,
    0xff, 0xff, 0xff, 0xff, 0xff, 0xff, 0xff, 0xff, 0xff, 0xff, 0xff, 0xff,
    0xff, 0xff, 0xff, 0xff, 0xff, 0xff, 0xff, 0xff, 0xff, 0xff, 0xff, 0xff,
    0xff, 0xff, 0xff, 0xff, 0xff, 0xff, 0xfe, 0xff, 0x58, 0xf6, 0x55, 0xa2,
    0x54, 0xaa, 0x54, 0xa2, 0x75, 0xa2, 0x55, 0xaa, 0x54, 0xaa, 0x75, 0xa2,
    0x55, 0xa2, 0x74, 0xaa, 0x55, 0xa2, 0x55, 0xa2, 0x54, 0xa2, 0x55, 0xaa,
    0x54, 0xa2, 0x55, 0xa2, 0x75, 0xa2, 0x54, 0xaa, 0x55, 0xa2, 0x54, 0xaa,
    0x54, 0xaa, 0x55, 0xa2, 0x54, 0xaa, 0x74, 0xa2, 0x55, 0xaa, 0x54, 0xa2,
    0x55, 0xc2, 0x55, 0xca, 0x74, 0xc2, 0x75, 0xd3, 0x58, 0xf5, 0xff, 0xff,
    0xff, 0xff, 0xff, 0xff, 0x3e, 0xf7, 0x75, 0xe4, 0x74, 0xe4, 0x75, 0xe4,
    0x75, 0xe4, 0x74, 0xe4, 0x75, 0xe4, 0x75, 0xe4, 0x75, 0xe4, 0x75, 0xe4,
    0x74, 0xe4, 0x75, 0xd3, 0x55, 0xaa, 0x54, 0xa2, 0x55, 0xa2, 0x54, 0xaa,
    0x54, 0xa2, 0x75, 0xa2, 0x54, 0xaa, 0x54, 0xa2, 0x75, 0xa2, 0x54, 0xaa,
    0x54, 0xa2, 0x75, 0xa2, 0x54, 0xa2, 0x75, 0xaa, 0x54, 0xa2, 0x54, 0xa2,
    0x55, 0xaa, 0x74, 0xa2, 0x55, 0xa2, 0x75, 0xa2, 0x54, 0xa2, 0x55, 0xaa,
    0x75, 0xa2, 0x54, 0xa2, 0x55, 0xaa, 0x74, 0xa2, 0x54, 0xaa, 0x55, 0xaa,
    0x54, 0xa2, 0x55, 0xaa, 0x55, 0xba, 0x3e, 0xff, 0xff, 0xff, 0xff, 0xff,
    0xff, 0xff, 0x7c, 0xbc, 0x54, 0xa2, 0x55, 0xaa, 0x54, 0xaa, 0x54, 0xa2,
    0x55, 0xaa, 0x54, 0xaa, 0x54, 0xa2, 0x55, 0xaa, 0x54, 0xa2, 0x54, 0xaa,
    0x55, 0xa2, 0x74, 0xaa, 0x55, 0xa2, 0x55, 0xaa, 0x74, 0xa2, 0x55, 0xa2,
    0x55, 0xaa, 0x54, 0xa2, 0x55, 0xa2, 0x55, 0xaa, 0x54, 0xaa, 0x54, 0xa2,
    0x55, 0xa2, 0x54, 0xa2, 0x75, 0xaa, 0x54, 0xaa, 0x55, 0xa2, 0x54, 0xaa,
    0x54, 0xaa, 0x75, 0xa2, 0x54, 0xa2, 0x54, 0xaa, 0x55, 0xa2, 0x55, 0xa2,
    0x54, 0xaa, 0x75, 0xa2, 0x55, 0xa2, 0x54, 0xa2, 0x74, 0xa2, 0x54, 0xa2,
    0x7c, 0xac, 0xff, 0xf7, 0xff, 0xff, 0xff, 0xff, 0xff, 0xff, 0xff, 0xff,
    0x7c, 0xa4, 0x55, 0xa2, 0x54, 0xaa, 0x55, 0xa2, 0x55, 0xa2, 0x54, 0xa2,
    0x54, 0xaa, 0x55, 0xa2, 0x55, 0xa2, 0x54, 0xa2, 0x55, 0xaa, 0x74, 0xa2,
    0x54, 0xa2, 0x55, 0xaa, 0x54, 0xa2, 0x54, 0xaa, 0x75, 0xa2, 0x54, 0xaa,
    0x54, 0xa2, 0x75, 0xa2, 0x55, 0xa2, 0x54, 0xaa, 0x54, 0xa2, 0x55, 0xa2,
    0x54, 0xaa, 0x75, 0xa2, 0x55, 0xa2, 0x54, 0xa2, 0x55, 0xaa, 0x55, 0xa2,
    0x74, 0xaa, 0x54, 0xa2, 0x75, 0xa2, 0x54, 0xaa, 0x54, 0xa2, 0x55, 0xa2,
    0x55, 0xaa, 0x74, 0xaa, 0x57, 0xa2, 0x5e, 0xb5, 0xff, 0xff, 0xff, 0xff,
    0xff, 0xff, 0xff, 0xff, 0xff, 0xff, 0xff, 0xff, 0xff, 0xf7, 0x7a, 0xa3,
    0x55, 0xa2, 0x54, 0xaa, 0x75, 0xa2, 0x55, 0xa2, 0x54, 0xaa, 0x75, 0xa2,
    0x54, 0xaa, 0x55, 0xa2, 0x75, 0xa2, 0x54, 0xaa, 0x55, 0xa2, 0x75, 0xa2,
    0x54, 0xaa, 0x55, 0xa2, 0x75, 0xa2, 0x54, 0xaa, 0x54, 0xaa, 0x75, 0xa2,
    0x54, 0xa2, 0x55, 0xa2, 0x54, 0xa2, 0x55, 0xaa, 0x54, 0xa2, 0x54, 0xa2,
    0x75, 0xaa, 0x54, 0xa2, 0x75, 0xa2, 0x55, 0xaa, 0x54, 0xa2, 0x55, 0xa2,
    0x55, 0xaa, 0x74, 0xaa, 0x54, 0xa2, 0x55, 0xa2, 0x74, 0xaa, 0x58, 0xa2,
    0x3f, 0xd7, 0xff, 0xff, 0xff, 0xff, 0xff, 0xff, 0xff, 0xff, 0x3c, 0xff,
    0xff, 0xff, 0xff, 0xff, 0xff, 0xff, 0xff, 0xf7, 0x7a, 0xab, 0x54, 0xa2,
    0x55, 0xaa, 0x74, 0xa2, 0x55, 0xa2, 0x54, 0xaa, 0x74, 0xa2, 0x55, 0xaa,
    0x54, 0xa2, 0x54, 0xaa, 0x55, 0xa2, 0x74, 0xa2, 0x54, 0xaa, 0x55, 0xa2,
    0x55, 0xa2, 0x54, 0xa2, 0x55, 0xaa, 0x55, 0xa2, 0x54, 0xaa, 0x54, 0xa2,
    0x55, 0xa2, 0x74, 0xaa, 0x55, 0xa2, 0x55, 0xa2, 0x54, 0xaa, 0x54, 0xa2,
    0x54, 0xa2, 0x75, 0xaa, 0x54, 0xa2, 0x55, 0xa2, 0x54, 0xaa, 0x75, 0xa2,
    0x55, 0xa2, 0x54, 0xaa, 0x7c, 0xa4, 0xff, 0xe7, 0xff, 0xff, 0xff, 0xff,
    0xff, 0xff, 0xff, 0xff, 0x58, 0xfe, 0x55, 0xc2, 0x3a, 0xff, 0xff, 0xff,
    0xff, 0xff, 0xff, 0xff, 0xff, 0xf7, 0x7a, 0xa3, 0x55, 0xaa, 0x54, 0xa2,
    0x55, 0xa2, 0x55, 0xaa, 0x54, 0xa2, 0x75, 0xa2, 0x54, 0xaa, 0x55, 0xa2,
    0x55, 0xa2, 0x54, 0xaa, 0x74, 0xa2, 0x55, 0xaa, 0x54, 0xa2, 0x74, 0xa2,
    0x75, 0xa2, 0x54, 0xaa, 0x75, 0xa2, 0x55, 0xaa, 0x54, 0xa2, 0x55, 0xaa,
    0x74, 0xa2, 0x55, 0xaa, 0x75, 0xa2, 0x54, 0xaa, 0x55, 0xa2, 0x54, 0xa2,
    0x75, 0xaa, 0x54, 0xa2, 0x54, 0xa2, 0x55, 0xaa, 0x55, 0xa2, 0x5e, 0xc6,
    0xff, 0xff, 0xff, 0xff, 0xff, 0xff, 0xff, 0xff, 0xfe, 0xff, 0x75, 0xe4,
    0x55, 0xaa, 0x54, 0xa2, 0x55, 0xb2, 0x3a, 0xff, 0xff, 0xff, 0xff, 0xff,
    0xff, 0xff, 0x3f, 0xe7, 0x55, 0xa2, 0x54, 0xaa, 0x74, 0xa2, 0x55, 0xa2,
    0x54, 0xaa, 0x55, 0xa2, 0x74, 0xa2, 0x54, 0xaa, 0x55, 0xa2, 0x75, 0xa2,
    0x54, 0xaa, 0x55, 0xa2, 0x55, 0xaa, 0x54, 0xaa, 0x54, 0xa2, 0x55, 0xa2,
    0x54, 0xa2, 0x54, 0xa2, 0x54, 0xa2, 0x55, 0xa2, 0x54, 0xaa, 0x54, 0xa2,
    0x55, 0xa2, 0x75, 0xaa, 0x54, 0xa2, 0x55, 0xaa, 0x55, 0xa2, 0x74, 0xaa,
    0x55, 0xa2, 0x54, 0xa2, 0x74, 0xaa, 0x55, 0xb2, 0x57, 0xf5, 0x74, 0xdb,
    0x55, 0xa2, 0x55, 0xaa, 0x54, 0xa2, 0x54, 0xa2, 0x55, 0xaa, 0x54, 0xaa,
    0x55, 0xa2, 0x55, 0xaa, 0x54, 0xaa, 0x55, 0xa2, 0x55, 0xc2, 0x54, 0xaa,
    0x55, 0xa2, 0x75, 0xaa, 0x54, 0xa2, 0x74, 0xa2, 0x55, 0xaa, 0x55, 0xa2,
    0x54, 0xa2, 0x74, 0xaa, 0x55, 0xa2, 0x54, 0xa2, 0x55, 0xaa, 0x74, 0xa2,
    0x55, 0xa2, 0x55, 0xaa, 0x74, 0xa2, 0x55, 0xaa, 0x55, 0xaa, 0x54, 0xa2,
    0x55, 0xa2, 0x54, 0xaa, 0x75, 0xa2, 0x54, 0xa2, 0x54, 0xaa, 0x55, 0xa2,
    0x74, 0xa2, 0x54, 0xaa, 0x55, 0xa2, 0x74, 0xa2, 0x55, 0xaa, 0x54, 0xa2,
    0x74, 0xaa, 0x55, 0xb2, 0x56, 0xf5, 0x74, 0xd3, 0x55, 0xaa, 0x55, 0xa2,
    0x74, 0xaa, 0x55, 0xa2, 0x74, 0xa2, 0x54, 0xa2, 0x75, 0xa2, 0x54, 0xa2,
    0x54, 0xaa, 0x75, 0xa2, 0x54, 0xc2, 0x54, 0xaa, 0x75, 0xa2, 0x55, 0xa2,
    0x54, 0xaa, 0x55, 0xa2, 0x74, 0xaa, 0x55, 0xa2, 0x55, 0xaa, 0x55, 0xa2,
    0x74, 0xaa, 0x55, 0xa2, 0x54, 0xa2, 0x74, 0xaa, 0x55, 0xa2, 0x54, 0xa2,
    0x74, 0xa2, 0x55, 0xaa, 0x75, 0xa2, 0x54, 0xa2, 0x54, 0xa2, 0x55, 0xaa,
    0x75, 0xa2, 0x54, 0xa2, 0x55, 0xaa, 0x75, 0xa2, 0x54, 0xa2, 0x55, 0xaa,
    0x54, 0xa2, 0x55, 0xa2, 0x55, 0xaa, 0x54, 0xa2, 0x55, 0xa2, 0x55, 0xaa,
    0x74, 0xa2, 0x55, 0xa2, 0x54, 0xa2, 0x74, 0xaa, 0x55, 0xa2, 0x55, 0xaa,
    0x54, 0xa2, 0x75, 0xaa, 0x55, 0xa2, 0x54, 0xa2, 0x55, 0xaa, 0x75, 0xa2,
    0x54, 0xa2, 0x55, 0xaa, 0x54, 0xa2, 0x54, 0xa2, 0x55, 0xaa, 0x54, 0xa2,
    0x54, 0xa2, 0x74, 0xaa, 0x55, 0xa2, 0x54, 0xa2, 0x54, 0xaa, 0x55, 0xa2,
    0x55, 0xa2, 0x54, 0xaa, 0x55, 0xaa, 0x54, 0xa2, 0x55, 0xa2, 0x54, 0xaa,
    0x54, 0xa2, 0x55, 0xa2, 0x54, 0xa2, 0x55, 0xa2, 0x54, 0xaa, 0x54, 0xa2,
    0x55, 0xaa, 0x54, 0xa2, 0x55, 0xaa, 0x74, 0xa2, 0x54, 0xa2, 0x75, 0xaa,
    0x54, 0xa2, 0x74, 0xa2, 0x55, 0xaa, 0x54, 0xaa, 0x57, 0xa2, 0x58, 0xaa,
    0x58, 0xa2, 0x78, 0xa2, 0x58, 0xaa, 0x58, 0xa2, 0x58, 0xaa, 0x58, 0xa2,
    0x57, 0xaa, 0x56, 0xaa, 0x77, 0xa2, 0x54, 0xa2, 0x55, 0xaa, 0x75, 0xa2,
    0x54, 0xaa, 0x75, 0xa2, 0x55, 0xa2, 0x55, 0xaa, 0x74, 0xa2, 0x55, 0xa2,
    0x54, 0xaa, 0x75, 0xa2, 0x54, 0xaa, 0x75, 0xa2, 0x54, 0xa2, 0x75, 0xaa,
    0x74, 0xa2, 0x55, 0xa2, 0x55, 0xaa, 0x74, 0xa2, 0x54, 0xaa, 0x55, 0xa2,
    0x55, 0xa2, 0x54, 0xaa, 0x75, 0xa2, 0x55, 0xa2, 0x74, 0xa2, 0x54, 0xaa,
    0x55, 0xa2, 0x55, 0xa2, 0x74, 0xaa, 0x55, 0xaa, 0x55, 0xa2, 0x54, 0xa2,
    0x75, 0xaa, 0x7c, 0xa4, 0x3f, 0xd7, 0xff, 0xe7, 0xff, 0xe7, 0xff, 0xe7,
    0xff, 0xe7, 0xff, 0xe7, 0xff, 0xe7, 0xff, 0xe7, 0x3f, 0xd7, 0x3f, 0xd7,
    0x3f, 0xd7, 0x5f, 0xc6, 0x5f, 0xc6, 0x7a, 0xab, 0x54, 0xa2, 0x55, 0xaa,
    0x76, 0xa2, 0x5e, 0xbd, 0x5e, 0xb5, 0x57, 0xa2, 0x55, 0xaa, 0x54, 0xa2,
    0x75, 0xa2, 0x54, 0xaa, 0x55, 0xa2, 0x54, 0xa2, 0x54, 0xaa, 0x55, 0xa2,
    0x74, 0xa2, 0x55, 0xaa, 0x55, 0xa2, 0x54, 0xa2, 0x54, 0xa2, 0x55, 0xaa,
    0x74, 0xaa, 0x55, 0xa2, 0x55, 0xaa, 0x74, 0xa2, 0x55, 0xa2, 0x54, 0xaa,
    0x54, 0xa2, 0x55, 0xa2, 0x54, 0xaa, 0x55, 0xa2, 0x54, 0xa2, 0xff, 0xf7,
    0xff, 0xff, 0xff, 0xff, 0xff, 0xff, 0xff, 0xff, 0xff, 0xff, 0xff, 0xff,
    0xff, 0xff, 0xff, 0xff, 0xff, 0xff, 0xff, 0xff, 0xff, 0xff, 0xff, 0xff,
    0xff, 0xff, 0xff, 0xf7, 0x55, 0xa2, 0x54, 0xa2, 0x5e, 0xd6, 0xff, 0xff,
    0xff, 0xff, 0x5e, 0xd6, 0x54, 0xaa, 0x55, 0xa2, 0x54, 0xa2, 0x55, 0xaa,
    0x55, 0xa2, 0x74, 0xa2, 0x55, 0xaa, 0x54, 0xa2, 0x54, 0xa2, 0x75, 0xaa,
    0x54, 0xa2, 0x55, 0xa2, 0x54, 0xa2, 0x55, 0xa2, 0x54, 0xa2, 0x54, 0xaa,
    0x55, 0xa2, 0x54, 0xa2, 0x75, 0xaa, 0x55, 0xa2, 0x54, 0xa2, 0x74, 0xaa,
    0x75, 0xa2, 0x54, 0xaa, 0x55, 0xa2, 0xfe, 0xff, 0xff, 0xff, 0xff, 0xff,
    0xff, 0xff, 0xff, 0xff, 0xff, 0xff, 0xff, 0xff, 0xff, 0xff, 0xff, 0xff,
    0xff, 0xff, 0xff, 0xff, 0xff, 0xff, 0xff, 0xff, 0xff, 0xff, 0xfe, 0xff,
    0x55, 0xaa, 0x54, 0xa2, 0xff, 0xff, 0xff, 0xff, 0xff, 0xff, 0xff, 0xff,
    0x74, 0xaa, 0x55, 0xa2, 0x74, 0xaa, 0x54, 0xa2, 0x55, 0xaa, 0x74, 0xa2,
    0x55, 0xaa, 0x55, 0xa2, 0x54, 0xaa, 0x75, 0xa2, 0x54, 0xaa, 0x54, 0xa2,
    0x55, 0xa2, 0x54, 0xaa, 0x75, 0xa2, 0x54, 0xa2, 0x54, 0xaa, 0x75, 0xa2,
    0x54, 0xaa, 0x55, 0xa2, 0x55, 0xaa, 0x54, 0xa2, 0x55, 0xa2, 0x74, 0xaa,
    0x55, 0xa2, 0x54, 0xaa, 0x75, 0xaa, 0x55, 0xa2, 0x55, 0xaa, 0x55, 0xaa,
    0x75, 0xa2, 0x55, 0xaa, 0x55, 0xa2, 0x75, 0xa2, 0x54, 0xaa, 0x55, 0xba,
    0x54, 0xb2, 0x55, 0xba, 0x54, 0xb2, 0x54, 0xaa, 0x75, 0xa2, 0x55, 0xaa,
    0x54, 0xc2, 0x58, 0xfe, 0x58, 0xfe, 0x55, 0xc2, 0x55, 0xa2, 0x54, 0xaa,
    0x75, 0xa2, 0x54, 0xa2, 0x54, 0xaa, 0x55, 0xa2, 0x74, 0xa2, 0x55, 0xaa,
    0x55, 0xa2, 0x54, 0xa2, 0x55, 0xaa, 0x55, 0xa2, 0x54, 0xa2, 0x55, 0xaa,
    0x75, 0xa2, 0x55, 0xa2, 0x54, 0xaa, 0x55, 0xa2, 0x74, 0xa2, 0x54, 0xaa,
    0x75, 0xa2, 0x55, 0xa2, 0x54, 0xaa, 0x55, 0xa2, 0x54, 0xa2, 0x74, 0xa2,
    0x54, 0xa2, 0x54, 0xa2, 0x54, 0xa2, 0x74, 0xa2, 0x54, 0xa2, 0x54, 0xaa,
    0x55, 0xa2, 0x54, 0xa2, 0x55, 0xaa, 0x74, 0xa2, 0x55, 0xa2, 0x55, 0xa2,
    0x54, 0xaa, 0x54, 0xa2, 0x75, 0xa2, 0x54, 0xaa, 0x55, 0xa2, 0x55, 0xaa,
    0x54, 0xaa, 0x75, 0xa2, 0x54, 0xa2, 0x55, 0xaa, 0x55, 0xa2, 0x55, 0xa2,
    0x54, 0xaa, 0x55, 0xa2, 0x74, 0xa2, 0x54, 0xaa, 0x55, 0xa2, 0x74, 0xa2,
    0x54, 0xaa, 0x55, 0xa2, 0x54, 0xa2, 0x54, 0xa2, 0x55, 0xaa, 0x74, 0xa2,
    0x55, 0xaa, 0x55, 0xa2, 0x54, 0xa2, 0x54, 0xaa, 0x55, 0xa2, 0x74, 0xa2,
    0x54, 0xaa, 0x55, 0xa2, 0x75, 0xaa, 0x55, 0xaa, 0x58, 0xa2, 0x59, 0xaa,
    0x7a, 0xab, 0x7a, 0xa3, 0x7b, 0xa3, 0x58, 0xaa, 0x78, 0xa2, 0x57, 0xa2,
    0x56, 0xaa, 0x76, 0xa2, 0x57, 0xa2, 0x76, 0xaa, 0x57, 0xa2, 0x55, 0xa2,
    0x54, 0xaa, 0x74, 0xa2, 0x55, 0xa2, 0x55, 0xa2, 0x74, 0xaa, 0x54, 0xa2,
    0x55, 0xaa, 0x74, 0xa2, 0x54, 0xa2, 0x75, 0xaa, 0x54, 0xa2, 0x55, 0xaa,
    0x55, 0xa2, 0x54, 0xa2, 0x75, 0xaa, 0x54, 0xa2, 0x54, 0xa2, 0x75, 0xaa,
    0x55, 0xa2, 0x54, 0xaa, 0x54, 0xa2, 0x55, 0xa2, 0x74, 0xaa, 0x54, 0xa2,
    0x55, 0xa2, 0x75, 0xaa, 0x54, 0xa2, 0x55, 0xaa, 0x74, 0xa2, 0x54, 0xa2,
    0x55, 0xaa, 0x5c, 0xb5, 0xff, 0xe7, 0xff, 0xe7, 0xff, 0xf7, 0xff, 0xf7,
    0xff, 0xf7, 0xff, 0xe7, 0xff, 0xe7, 0x3f, 0xd7, 0x3f, 0xd7, 0x3f, 0xd7,
    0x3f, 0xdf, 0x3f, 0xd7, 0x3f, 0xd7, 0x7c, 0xac, 0x55, 0xa2, 0x54, 0xaa,
    0x74, 0xa2, 0x55, 0xa2, 0x54, 0xa2, 0x55, 0xaa, 0x55, 0xa2, 0x54, 0xa2,
    0x54, 0xaa, 0x75, 0xa2, 0x54, 0xa2, 0x74, 0xaa, 0x55, 0xa2, 0x54, 0xa2,
    0x55, 0xaa, 0x55, 0xa2, 0x54, 0xa2, 0x55, 0xaa, 0x55, 0xa2, 0x75, 0xaa,
    0x54, 0xa2, 0x55, 0xa2, 0x74, 0xaa, 0x55, 0xa2, 0x55, 0xaa, 0x74, 0xa2,
    0x55, 0xa2, 0x55, 0xaa, 0x54, 0xa2, 0x55, 0xa2, 0x74, 0xa2, 0xff, 0xf7,
    0xff, 0xff, 0xff, 0xff, 0xff, 0xff, 0xff, 0xff, 0xff, 0xff, 0xff, 0xff,
    0xff, 0xff, 0xff, 0xff, 0xff, 0xff, 0xff, 0xff, 0xff, 0xff, 0xff, 0xff,
    0xff, 0xff, 0xff, 0xf7, 0x55, 0xa2, 0x55, 0xaa, 0x54, 0xaa, 0x55, 0xa2,
    0x74, 0xaa, 0x55, 0xa2, 0x74, 0xa2, 0x55, 0xaa, 0x55, 0xaa, 0x54, 0xa2,
    0x55, 0xa2, 0x55, 0xaa, 0x74, 0xa2, 0x54, 0xaa, 0x75, 0xaa, 0x54, 0xa2,
    0x55, 0xa2, 0x54, 0xa2, 0x54, 0xa2, 0x54, 0xaa, 0x75, 0xa2, 0x54, 0xaa,
    0x55, 0xa2, 0x54, 0xa2, 0x54, 0xaa, 0x54, 0xa2, 0x55, 0xa2, 0x74, 0xaa,
    0x55, 0xaa, 0x55, 0xa2, 0x54, 0xaa, 0xfe, 0xff, 0xff, 0xff, 0xff, 0xff,
    0xff, 0xff, 0xff, 0xff, 0xff, 0xff, 0xff, 0xff, 0xff, 0xff, 0xff, 0xff,
    0xff, 0xff, 0xff, 0xff, 0xff, 0xff, 0xff, 0xff, 0xff, 0xff, 0xfe, 0xff,
    0x54, 0xa2, 0x74, 0xa2, 0x55, 0xa2, 0x54, 0xaa, 0x55, 0xa2, 0x54, 0xa2,
    0x74, 0xaa, 0x55, 0xa2, 0x54, 0xa2, 0x74, 0xaa, 0x55, 0xa2, 0x55, 0xa2,
    0x54, 0xaa, 0x55, 0xa2, 0x74, 0xa2, 0x55, 0xaa, 0x74, 0xaa, 0x55, 0xa2,
    0x54, 0xa2, 0x55, 0xa2, 0x55, 0xaa, 0x54, 0xa2, 0x75, 0xa2, 0x55, 0xaa,
    0x74, 0xa2, 0x55, 0xaa, 0x54, 0xa2, 0x74, 0xa2, 0x55, 0xa2, 0x54, 0xaa,
    0x75, 0xa2, 0x55, 0xa2, 0x54, 0xaa, 0x75, 0xb2, 0x55, 0xb2, 0x55, 0xba,
    0x55, 0xc2, 0x74, 0xd3, 0x57, 0xf5, 0xfc, 0xff, 0xff, 0xff, 0xff, 0xff,
    0xff, 0xff, 0xff, 0xff, 0x5e, 0xd6, 0x55, 0xaa, 0x54, 0xaa, 0x55, 0xa2,
    0x75, 0xa2, 0x54, 0xaa, 0x55, 0xa2, 0x55, 0xaa, 0x54, 0xa2, 0x55, 0xa2,
    0x75, 0xa2, 0x54, 0xaa, 0x54, 0xa2, 0x75, 0xa2, 0x54, 0xaa, 0x55, 0xa2,
    0x55, 0xa2, 0x54, 0xa2, 0x54, 0xaa, 0x55, 0xa2, 0x55, 0xa2, 0x54, 0xaa,
    0x54, 0xa2, 0x75, 0xa2, 0x54, 0xaa, 0x55, 0xa2, 0x55, 0xa2, 0x74, 0xaa,
    0x55, 0xaa, 0x55, 0xa2, 0x54, 0xa2, 0x74, 0xaa, 0x55, 0xa2, 0x54, 0xa2,
    0x54, 0xaa, 0x55, 0xa2, 0x74, 0xaa, 0x54, 0xa2, 0x55, 0xaa, 0x54, 0xaa,
    0x55, 0xa2, 0x55, 0xc2, 0x58, 0xfe, 0xff, 0xff, 0xff, 0xff, 0xff, 0xff,
    0xff, 0xff, 0x7a, 0xb4, 0x55, 0xaa, 0x54, 0xa2, 0x54, 0xaa, 0x75, 0xa2,
    0x74, 0xa2, 0x54, 0xaa, 0x55, 0xa2, 0x74, 0xaa, 0x55, 0xaa, 0x55, 0xa2,
    0x54, 0xaa, 0x74, 0xa2, 0x55, 0xa2, 0x54, 0xaa, 0x75, 0xa2, 0x54, 0xa2,
    0x55, 0xa2, 0x54, 0xaa, 0x54, 0xa2, 0x55, 0xaa, 0x75, 0xa2, 0x54, 0xaa,
    0x54, 0xa2, 0x54, 0xa2, 0x55, 0xaa, 0x54, 0xa2, 0x54, 0xa2, 0x55, 0xaa,
    0x74, 0xa2, 0x55, 0xa2, 0x55, 0xaa, 0x74, 0xa2, 0x55, 0xa2, 0x54, 0xaa,
    0x54, 0xa2, 0x75, 0xa2, 0x54, 0xa2, 0x74, 0xaa, 0x55, 0xaa, 0x54, 0xa2,
    0x55, 0xaa, 0x58, 0xf5, 0xff, 0xff, 0xff, 0xff, 0xff, 0xff, 0x3f, 0xe7,
    0x55, 0xa2, 0x54, 0xa2, 0x55, 0xaa, 0x55, 0xa2, 0x54, 0xa2, 0x55, 0xaa,
    0x74, 0xa2, 0x54, 0xa2, 0x55, 0xa2, 0x54, 0xa2, 0x75, 0xaa, 0x55, 0xa2,
    0x54, 0xa2, 0x74, 0xaa, 0x55, 0xaa, 0x75, 0xa2, 0x54, 0xaa, 0x55, 0xa2,
    0x54, 0xa2, 0x55, 0xa2, 0x55, 0xaa, 0x54, 0xa2, 0x75, 0xa2, 0x75, 0xaa,
    0x54, 0xa2, 0x55, 0xa2, 0x75, 0xa2, 0x54, 0xaa, 0x55, 0xa2, 0x54, 0xa2,
    0x54, 0xaa, 0x75, 0xaa, 0x55, 0xa2, 0x54, 0xa2, 0x55, 0xaa, 0x55, 0xa2,
    0x54, 0xa2, 0x75, 0xa2, 0x54, 0xa2, 0x54, 0xaa, 0x75, 0xa2, 0x55, 0xba,
    0xff, 0xff, 0xff, 0xff, 0xff, 0xff, 0xff, 0xff, 0x54, 0xaa, 0x75, 0xa2,
    0x74, 0xa2, 0x54, 0xaa, 0x55, 0xa2, 0x55, 0xa2, 0x54, 0xaa, 0x55, 0xa2,
    0x74, 0xaa, 0x54, 0xa2, 0x55, 0xa2, 0x55, 0xaa, 0x54, 0xa2, 0x55, 0xa2,
    0x54, 0xaa, 0x54, 0xa2, 0x75, 0xa2, 0x54, 0xa2, 0x54, 0xa2, 0x74, 0xaa,
    0x55, 0xa2, 0x54, 0xa2, 0x55, 0xaa, 0x54, 0xaa, 0x54, 0xa2, 0x75, 0xaa,
    0x54, 0xaa, 0x55, 0xa2, 0x74, 0xaa, 0x55, 0xa2, 0x54, 0xa2, 0x57, 0xaa,
    0x7a, 0xa3, 0x7c, 0xa4, 0x7e, 0xbd, 0x5f, 0xc6, 0x5f, 0xc6, 0x5f, 0xc6,
    0x5f, 0xc6, 0x5f, 0xc6, 0x5f, 0xc6, 0x5f, 0xc6, 0xff, 0xff, 0xff, 0xff,
    0xff, 0xff, 0xff, 0xff, 0x55, 0xaa, 0x54, 0xa2, 0x55, 0xa2, 0x74, 0xaa,
    0x55, 0xa2, 0x74, 0xaa, 0x55, 0xa2, 0x55, 0xaa, 0x74, 0xa2, 0x55, 0xaa,
    0x54, 0xa2, 0x74, 0xaa, 0x55, 0xa2, 0x55, 0xa2, 0x74, 0xaa, 0x55, 0xa2,
    0x54, 0xaa, 0x55, 0xa2, 0x55, 0xa2, 0x54, 0xaa, 0x74, 0xa2, 0x55, 0xa2,
    0x54, 0xaa, 0x55, 0xa2, 0x75, 0xa2, 0x54, 0xa2, 0x54, 0xa2, 0x55, 0xa2,
    0x75, 0xaa, 0x54, 0xa2, 0x55, 0xa2, 0x3f, 0xd7, 0xff, 0xf7, 0xff, 0xff,
    0xff, 0xff, 0xff, 0xff, 0xff, 0xff, 0xff, 0xff, 0xff, 0xff, 0xff, 0xff,
    0xff, 0xff, 0xff, 0xff, 0xff, 0xff, 0xff, 0xff, 0xff, 0xff, 0x5a, 0xf6,
    0x55, 0xa2, 0x54, 0xaa, 0x55, 0xa2, 0x55, 0xa2, 0x54, 0xaa, 0x74, 0xa2,
    0x55, 0xa2, 0x54, 0xa2, 0x55, 0xaa, 0x55, 0xa2, 0x54, 0xa2, 0x74, 0xaa,
    0x55, 0xa2, 0x54, 0xaa, 0x75, 0xa2, 0x54, 0xa2, 0x55, 0xaa, 0x54, 0xa2,
    0x55, 0xa2, 0x55, 0xa2, 0x54, 0xaa, 0x75, 0xa2, 0x54, 0xa2, 0x55, 0xaa,
    0x75, 0xa2, 0x54, 0xaa, 0x55, 0xa2, 0x54, 0xa2, 0x54, 0xaa, 0x75, 0xaa,
    0x54, 0xa2, 0xff, 0xff, 0xff, 0xff, 0xff, 0xff, 0xff, 0xff, 0xff, 0xff,
    0xff, 0xff, 0xff, 0xff, 0xff, 0xff, 0xff, 0xff, 0xff, 0xff, 0xff, 0xff,
    0xff, 0xff, 0xff, 0xff, 0xfc, 0xff, 0x75, 0xc3, 0x54, 0xa2, 0x74, 0xaa,
    0x55, 0xa2, 0x54, 0xa2, 0x54, 0xaa, 0x55, 0xa2, 0x74, 0xaa, 0x54, 0xa2,
    0x55, 0xa2, 0x74, 0xaa, 0x55, 0xa2, 0x55, 0xa2, 0x54, 0xaa, 0x54, 0xa2,
    0x55, 0xa2, 0x54, 0xaa, 0x75, 0xa2, 0x54, 0xa2, 0x54, 0xa2, 0x54, 0xaa,
    0x55, 0xa2, 0x74, 0xaa, 0x55, 0xa2, 0x54, 0xa2, 0x54, 0xaa, 0x55, 0xaa,
    0x75, 0xa2, 0x54, 0xa2, 0x55, 0xaa, 0x54, 0xa2, 0x55, 0xa2, 0x3a, 0xff,
    0xff, 0xff, 0xff, 0xff, 0xff, 0xff, 0xfe, 0xff, 0xfc, 0xff, 0x3a, 0xff,
    0x3a, 0xff, 0x3b, 0xff, 0x3a, 0xff, 0x3a, 0xff, 0x58, 0xfe, 0x57, 0xf5,
    0x54, 0xc2, 0x55, 0xaa, 0x55, 0xa2, 0x54, 0xaa, 0x75, 0xa2, 0x55, 0xaa,
    0x54, 0xa2, 0x75, 0xa2, 0x55, 0xaa, 0x54, 0xa2, 0x74, 0xa2, 0x55, 0xaa,
    0x54, 0xa2, 0x75, 0xa2, 0x54, 0xaa, 0x75, 0xa2, 0x55, 0xa2, 0x54, 0xaa,
    0x55, 0xa2, 0x55, 0xaa, 0x54, 0xa2, 0x55, 0xa2, 0x75, 0xaa, 0x54, 0xa2,
    0x55, 0xaa, 0x74, 0xa2, 0x54, 0xa2, 0x57, 0xa2, 0x5f, 0xc6, 0x3f, 0xd7,
    0x7c, 0xac, 0x55, 0xa2, 0x54, 0xaa, 0x75, 0xaa, 0x55, 0xa2, 0x54, 0xaa,
    0x7c, 0xac, 0x5e, 0xb5, 0x5f, 0xc6, 0x3f, 0xdf, 0x1f, 0xd7, 0x5f, 0xce,
    0x7c, 0xac, 0x59, 0xa2, 0x55, 0xaa, 0x54, 0xa2, 0x54, 0xaa, 0x55, 0xa2,
    0x74, 0xa2, 0x54, 0xaa, 0x55, 0xa2, 0x74, 0xa2, 0x55, 0xaa, 0x54, 0xa2,
    0x55, 0xaa, 0x55, 0xa2, 0x54, 0xaa, 0x55, 0xa2, 0x54, 0xaa, 0x54, 0xa2,
    0x75, 0xaa, 0x54, 0xa2, 0x54, 0xaa, 0x75, 0xa2, 0x54, 0xa2, 0x54, 0xa2,
    0x55, 0xa2, 0x54, 0xaa, 0x54, 0xa2, 0x55, 0xa2, 0x55, 0xaa, 0x74, 0xa2,
    0x55, 0xaa, 0x5c, 0xc5, 0xff, 0xff, 0xff, 0xff, 0xff, 0xf7, 0x54, 0xa2,
    0x75, 0xa2, 0x54, 0xaa, 0x56, 0xa2, 0x5f, 0xc6, 0xff, 0xff, 0xff, 0xff,
    0xff, 0xff, 0xff, 0xff, 0xff, 0xff, 0xff, 0xff, 0xff, 0xff, 0xff, 0xe7,
    0x5e, 0xb5, 0x55, 0xaa, 0x54, 0xa2, 0x75, 0xa2, 0x54, 0xaa, 0x55, 0xa2,
    0x54, 0xa2, 0x55, 0xaa, 0x74, 0xa2, 0x54, 0xa2, 0x55, 0xa2, 0x74, 0xaa,
    0x55, 0xa2, 0x75, 0xa2, 0x54, 0xaa, 0x55, 0xa2, 0x55, 0xa2, 0x54, 0xaa,
    0x55, 0xa2, 0x75, 0xaa, 0x54, 0xa2, 0x54, 0xa2, 0x54, 0xa2, 0x55, 0xaa,
    0x74, 0xa2, 0x55, 0xa2, 0x54, 0xa2, 0x55, 0xaa, 0x54, 0xa2, 0x3e, 0xf7,
    0xff, 0xff, 0xff, 0xff, 0xff, 0xff, 0x55, 0xaa, 0x54, 0xa2, 0x57, 0xa2,
    0x3f, 0xd7, 0xff, 0xff, 0xff, 0xff, 0xff, 0xff, 0xff, 0xff, 0xff, 0xff,
    0xff, 0xff, 0xff, 0xff, 0xff, 0xff, 0xff, 0xff, 0xff, 0xff, 0x5f, 0xc6,
    0x57, 0xaa, 0x54, 0xa2, 0x55, 0xaa, 0x75, 0xa2, 0x54, 0xaa, 0x55, 0xa2,
    0x55, 0xaa, 0x74, 0xa2, 0x54, 0xaa, 0x55, 0xa2, 0x74, 0xa2, 0x54, 0xaa,
    0x55, 0xa2, 0x74, 0xa2, 0x55, 0xaa, 0x54, 0xa2, 0x74, 0xa2, 0x55, 0xaa,
    0x55, 0xaa, 0x55, 0xa2, 0x55, 0xa2, 0x54, 0xa2, 0x75, 0xaa, 0x54, 0xaa,
    0x54, 0xa2, 0x75, 0xa2, 0x55, 0xaa, 0xff, 0xff, 0xff, 0xff, 0xff, 0xff,
    0xff, 0xff, 0x74, 0xaa, 0x55, 0xa2, 0x5c, 0xc5, 0xff, 0xff, 0xff, 0xff,
    0xff, 0xff, 0xff, 0xff, 0xfc, 0xff, 0x3b, 0xff, 0x3a, 0xff, 0xfe, 0xff,
    0xff, 0xff, 0xff, 0xff, 0xff, 0xff, 0xff, 0xff, 0x5e, 0xc6, 0x54, 0xa2,
    0x55, 0xa2, 0x74, 0xaa, 0x54, 0xa2, 0x55, 0xa2, 0x55, 0xaa, 0x54, 0xa2,
    0x55, 0xa2, 0x55, 0xaa, 0x54, 0xa2, 0x55, 0xaa, 0x54, 0xa2, 0x75, 0xa2,
    0x54, 0xaa, 0x55, 0xa2, 0x54, 0xa2, 0x54, 0xa2, 0x75, 0xa2, 0x54, 0xaa,
    0x54, 0xa2, 0x55, 0xa2, 0x55, 0xaa, 0x54, 0xa2, 0x75, 0xa2, 0x54, 0xaa,
    0x54, 0xa2, 0xff, 0xff, 0xff, 0xff, 0xff, 0xff, 0xff, 0xff, 0x54, 0xa2,
    0x75, 0xaa, 0xff, 0xff, 0xff, 0xff, 0xff, 0xff, 0xff, 0xff, 0x55, 0xba,
    0x55, 0xa2, 0x54, 0xa2, 0x55, 0xaa, 0x55, 0xa2, 0x54, 0xa2, 0x3a, 0xff,
    0xff, 0xff, 0xff, 0xff, 0xff, 0xff, 0x5e, 0xd6, 0x54, 0xaa, 0x55, 0xa2,
    0x74, 0xa2, 0x54, 0xaa, 0x75, 0xa2, 0x54, 0xa2, 0x74, 0xaa, 0x55, 0xa2,
    0x55, 0xa2, 0x74, 0xaa, 0x55, 0xa2, 0x54, 0xaa, 0x75, 0xa2, 0x55, 0xaa,
    0x54, 0xaa, 0x75, 0xa2, 0x54, 0xa2, 0x54, 0xa2, 0x54, 0xaa, 0x75, 0xa2,
    0x54, 0xa2, 0x55, 0xaa, 0x55, 0xa2, 0x74, 0xa2, 0x55, 0xaa, 0xff, 0xff,
    0xff, 0xff, 0xff, 0xff, 0xff, 0xff, 0x55, 0xa2, 0x54, 0xaa, 0xff, 0xff,
    0xff, 0xff, 0xff, 0xff, 0xff, 0xff, 0x56, 0xaa, 0x55, 0xa2, 0x54, 0xa2,
    0x54, 0xaa, 0x55, 0xaa, 0x55, 0xa2, 0x77, 0xc3, 0xff, 0xff, 0xff, 0xff,
    0xff, 0xff, 0x3f, 0xf7, 0x55, 0xaa, 0x55, 0xa2, 0x54, 0xa2, 0x55, 0xaa,
    0x55, 0xa2, 0x74, 0xaa, 0x54, 0xa2, 0x55, 0xa2, 0x74, 0xaa, 0x54, 0xa2,
    0x55, 0xa2, 0x54, 0xaa, 0x54, 0xa2, 0x75, 0xa2, 0x55, 0xaa, 0x54, 0xaa,
    0x55, 0xa2, 0x55, 0xaa, 0x55, 0xa2, 0x54, 0xaa, 0x74, 0xa2, 0x55, 0xaa,
    0x54, 0xa2, 0x54, 0xa2, 0x75, 0xaa, 0x3e, 0xf7, 0xff, 0xff, 0xff, 0xff,
    0xff, 0xff, 0x78, 0xb3, 0x55, 0xa2, 0x3c, 0xff, 0xff, 0xff, 0xff, 0xff,
    0xff, 0xff, 0x5e, 0xc5, 0x75, 0xaa, 0x54, 0xa2, 0x54, 0xa2, 0x75, 0xaa,
    0x54, 0xa2, 0x54, 0xaa, 0xff, 0xff, 0xff, 0xff, 0xff, 0xff, 0xff, 0xff,
    0x54, 0xa2, 0x74, 0xaa, 0x55, 0xa2, 0x54, 0xa2, 0x55, 0xaa, 0x55, 0xa2,
    0x54, 0xaa, 0x55, 0xa2, 0x55, 0xaa, 0x74, 0xa2, 0x55, 0xa2, 0x55, 0xaa,
    0x54, 0xa2, 0x54, 0xa2, 0x75, 0xa2, 0x54, 0xa2, 0x54, 0xa2, 0x55, 0xaa,
    0x54, 0xa2, 0x55, 0xa2, 0x55, 0xaa, 0x74, 0xa2, 0x55, 0xaa, 0x54, 0xa2,
    0x55, 0xa2, 0x58, 0xe5, 0xff, 0xff, 0xff, 0xff, 0xff, 0xff, 0x3f, 0xe7,
    0x7a, 0xab, 0x78, 0xd3, 0xff, 0xff, 0xff, 0xff, 0xff, 0xff, 0xff, 0xff,
    0x5e, 0xb5, 0x77, 0xaa, 0x55, 0xa2, 0x54, 0xa2, 0x55, 0xaa, 0x54, 0xa2,
    0xff, 0xff, 0xff, 0xff, 0xff, 0xff, 0xff, 0xff, 0x55, 0xa2, 0x54, 0xaa,
    0x75, 0xa2, 0x74, 0xa2, 0x54, 0xaa, 0x55, 0xa2, 0x74, 0xa2, 0x54, 0xaa,
    0x55, 0xa2, 0x54, 0xa2, 0x74, 0xaa, 0x55, 0xa2, 0x55, 0xaa, 0x74, 0xa2,
    0x55, 0xaa, 0x55, 0xa2, 0x74, 0xa2, 0x54, 0xa2, 0x54, 0xa2, 0x55, 0xa2,
    0x54, 0xaa, 0x54, 0xa2, 0x75, 0xa2, 0x55, 0xaa, 0x54, 0xa2, 0x55, 0xba,
    0xfe, 0xff, 0xff, 0xff, 0xff, 0xff, 0xff, 0xff, 0xff, 0xf7, 0x3f, 0xd7,
    0xff, 0xff, 0xff, 0xff, 0xff, 0xff, 0xff, 0xff, 0xff, 0xff, 0x3f, 0xd7,
    0x5e, 0xbd, 0x7c, 0xa4, 0x7a, 0xa3, 0x7c, 0xbc, 0xff, 0xff, 0xff, 0xff,
    0xff, 0xff, 0xff, 0xff, 0x55, 0xaa, 0x55, 0xa2, 0x54, 0xaa, 0x55, 0xa2,
    0x54, 0xa2, 0x75, 0xaa, 0x55, 0xa2, 0x74, 0xa2, 0x55, 0xaa, 0x55, 0xa2,
    0x74, 0xa2, 0x54, 0xaa, 0x55, 0xa2, 0x54, 0xa2, 0x54, 0xaa, 0x55, 0xaa,
    0x55, 0xa2, 0x54, 0xaa, 0x55, 0xa2, 0x74, 0xaa, 0x55, 0xa2, 0x54, 0xa2,
    0x55, 0xaa, 0x74, 0xa2, 0x54, 0xa2, 0x75, 0xaa, 0x74, 0xe4, 0xfe, 0xff,
    0xff, 0xff, 0xff, 0xff, 0xff, 0xff, 0xff, 0xff, 0xff, 0xff, 0xff, 0xff,
    0xff, 0xff, 0xff, 0xff, 0xff, 0xff, 0xff, 0xff, 0xff, 0xff, 0xff, 0xff,
    0xff, 0xf7, 0xff, 0xf7, 0xff, 0xff, 0xff, 0xff, 0xff, 0xff, 0x3c, 0xf7,
    0x54, 0xa2, 0x74, 0xa2, 0x55, 0xaa, 0x55, 0xa2, 0x74, 0xaa, 0x54, 0xa2,
    0x55, 0xa2, 0x54, 0xaa, 0x54, 0xaa, 0x55, 0xa2, 0x55, 0xa2, 0x74, 0xaa,
    0x55, 0xa2, 0x75, 0xa2, 0x54, 0xa2, 0x74, 0xaa, 0x55, 0xa2, 0x55, 0xa2,
    0x54, 0xa2, 0x55, 0xaa, 0x74, 0xa2, 0x55, 0xa2, 0x54, 0xaa, 0x55, 0xa2,
    0x55, 0xa2, 0x54, 0xa2, 0x55, 0xa2, 0x54, 0xaa, 0x55, 0xa2, 0x55, 0xc2,
    0x74, 0xe4, 0x57, 0xf5, 0x57, 0xf5, 0x58, 0xfe, 0x58, 0xfe, 0x58, 0xfe,
    0x3a, 0xff, 0x3a, 0xff, 0xfc, 0xff, 0xfe, 0xff, 0xff, 0xff, 0xff, 0xff,
    0xff, 0xff, 0xff, 0xff, 0x58, 0xf6, 0x55, 0xa2, 0x55, 0xaa, 0x54, 0xa2,
    0x74, 0xa2, 0x55, 0xaa, 0x54, 0xa2, 0x55, 0xa2, 0x55, 0xaa, 0x74, 0xa2,
    0x54, 0xa2, 0x55, 0xaa, 0x74, 0xa2, 0x54, 0xa2, 0x55, 0xaa, 0x55, 0xaa,
    0x74, 0xa2, 0x55, 0xa2, 0x54, 0xaa, 0x54, 0xa2, 0x54, 0xa2, 0x55, 0xaa,
    0x55, 0xa2, 0x74, 0xaa, 0x54, 0xa2, 0x55, 0xaa, 0x74, 0xaa, 0x54, 0xa2,
    0x55, 0xaa, 0x74, 0xa2, 0x54, 0xaa, 0x55, 0xa2, 0x54, 0xaa, 0x54, 0xaa,
    0x55, 0xa2, 0x55, 0xaa, 0x55, 0xa2, 0x55, 0xa2, 0x55, 0xba, 0x55, 0xb2,
    0x55, 0xc2, 0x75, 0xd3, 0x74, 0xe4, 0x57, 0xf5, 0x57, 0xf5, 0x57, 0xf5,
    0x54, 0xb2, 0x75, 0xaa, 0x55, 0xa2, 0x54, 0xaa, 0x55, 0xa2, 0x54, 0xa2,
    0x75, 0xaa, 0x54, 0xa2, 0x55, 0xaa, 0x75, 0xa2, 0x54, 0xa2, 0x55, 0xaa,
    0x55, 0xa2, 0x54, 0xa2, 0x54, 0xaa, 0x55, 0xa2, 0x54, 0xa2, 0x55, 0xaa,
    0x75, 0xa2, 0x54, 0xa2, 0x54, 0xa2, 0x55, 0xa2, 0x54, 0xaa, 0x55, 0xa2,
    0x75, 0xa2, 0x54, 0xa2, 0x55, 0xaa, 0x75, 0xa2, 0x54, 0xa2, 0x55, 0xaa,
    0x75, 0xa2, 0x54, 0xa2, 0x75, 0xa2, 0x54, 0xa2, 0x54, 0xaa, 0x75, 0xa2,
    0x54, 0xa2, 0x54, 0xaa, 0x55, 0xa2, 0x54, 0xaa, 0x54, 0xaa, 0x55, 0xa2,
    0x54, 0xaa, 0x54, 0xa2, 0x75, 0xa2, 0x54, 0xaa, 0x54, 0xa2, 0x55, 0xa2,
    0x74, 0xaa, 0x55, 0xa2, 0x54, 0xaa, 0x75, 0xa2, 0x54, 0xa2, 0x54, 0xaa,
    0x55, 0xa2, 0x54, 0xa2, 0x74, 0xaa, 0x55, 0xa2, 0x75, 0xaa, 0x54, 0xa2,
    0x75, 0xa2, 0x54, 0xaa, 0x54, 0xa2, 0x75, 0xaa, 0x54, 0xa2, 0x55, 0xa2,
    0x55, 0xa2, 0x74, 0xaa, 0x54, 0xa2, 0x55, 0xa2, 0x54, 0xaa, 0x54, 0xa2,
    0x55, 0xa2, 0x54, 0xaa, 0x54, 0xa2, 0x55, 0xa2, 0x54, 0xaa, 0x55, 0xaa,
    0x75, 0xa2, 0x54, 0xa2, 0x55, 0xaa, 0x74, 0xa2, 0x54, 0xaa, 0x55, 0xa2,
    0x74, 0xa2, 0x74, 0xa2, 0x55, 0xa2, 0x54, 0xaa, 0x75, 0xa2, 0x55, 0xaa,
    0x54, 0xa2, 0x75, 0xaa, 0x55, 0xa2, 0x54, 0xa2, 0x54, 0xaa, 0x75, 0xa2,
    0x55, 0xa2, 0x54, 0xaa, 0x55, 0xa2, 0x75, 0xa2, 0x54, 0xaa, 0x55, 0xa2,
    0x54, 0xa2, 0x54, 0xaa, 0x55, 0xa2, 0x74, 0xaa, 0x55, 0xa2, 0x55, 0xa2,
    0x74, 0xaa, 0x54, 0xa2, 0x55, 0xaa, 0x54, 0xa2, 0x55, 0xa2, 0x54, 0xaa,
    0x75, 0xa2, 0x55, 0xaa, 0x74, 0xaa, 0x55, 0xa2, 0x75, 0xa2, 0x54, 0xaa,
    0x75, 0xa2, 0x74, 0xa2, 0x54, 0xaa, 0x55, 0xa2, 0x54, 0xa2, 0x55, 0xaa,
    0x55, 0xa2, 0x54, 0xa2, 0x55, 0xaa, 0x55, 0xa2, 0x54, 0xaa, 0x55, 0xa2,
    0x55, 0xa2, 0x74, 0xaa, 0x54, 0xa2, 0x55, 0xa2, 0x54, 0xaa, 0x54, 0xa2,
    0x75, 0xaa, 0x54, 0xa2, 0x55, 0xa2, 0x54, 0xaa, 0x74, 0xa2, 0x55, 0xaa,
    0x54, 0xa2, 0x74, 0xaa, 0x55, 0xa2, 0x55, 0xaa, 0x74, 0xa2, 0x55, 0xa2,
    0x54, 0xaa, 0x54, 0xa2, 0x55, 0xa2, 0x55, 0xaa, 0x54, 0xa2, 0x55, 0xa2,
    0x55, 0xaa, 0x74, 0xa2, 0x54, 0xa2, 0x55, 0xa2, 0x54, 0xa2, 0x54, 0xa2,
    0x55, 0xa2, 0x74, 0xaa, 0x54, 0xa2, 0x55, 0xaa, 0x55, 0xa2, 0x54, 0xa2,
    0x55, 0xaa, 0x74, 0xa2, 0x54, 0xa2, 0x75, 0xaa, 0x54, 0xa2, 0x74, 0xa2,
    0x55, 0xaa, 0x74, 0xa2, 0x55, 0xaa, 0x54, 0xaa, 0x55, 0xa2, 0x54, 0xa2,
    0x55, 0xaa, 0x75, 0xa2, 0x54, 0xa2, 0x55, 0xa2, 0x54, 0xaa, 0x75, 0xa2,
    0x55, 0xa2, 0x54, 0xaa, 0x55, 0xa2, 0x55, 0xa2, 0x54, 0xaa, 0x54, 0xa2,
    0x55, 0xa2, 0x74, 0xaa, 0x55, 0xa2, 0x55, 0xa2, 0x74, 0xaa, 0x55, 0xa2,
    0x74, 0xa2, 0x54, 0xaa, 0x75, 0xa2, 0x54, 0xa2, 0x55, 0xaa, 0x54, 0xa2,
    0x54, 0xaa, 0x55, 0xa2, 0x74, 0xaa, 0x55, 0xa2, 0x55, 0xa2, 0x54, 0xaa,
    0x54, 0xa2, 0x55, 0xa2, 0x74, 0xaa, 0x55, 0xa2, 0x55, 0xaa, 0x54, 0xa2,
    0x75, 0xaa, 0x55, 0xa2, 0x54, 0xaa, 0x55, 0xa2, 0x74, 0xa2, 0x55, 0xa2,
    0x54, 0xa2, 0x75, 0xaa, 0x74, 0xa2, 0x55, 0xa2, 0x54, 0xaa, 0x74, 0xaa,
    0x55, 0xa2, 0x55, 0xa2, 0x54, 0xaa, 0x54, 0xa2, 0x75, 0xaa, 0x54, 0xa2,
    0x54, 0xa2, 0x75, 0xaa, 0x75, 0xa2, 0x55, 0xa2, 0x54, 0xaa, 0x54, 0xa2,
    0x55, 0xaa, 0x74, 0xa2, 0x55, 0xaa, 0x55, 0xa2, 0x54, 0xaa, 0x75, 0xa2,
    0x54, 0xaa, 0x55, 0xa2, 0x74, 0xa2, 0x55, 0xaa, 0x55, 0xa2, 0x54, 0xaa,
    0x75, 0xaa, 0x54, 0xa2, 0x55, 0xaa, 0x75, 0xa2, 0x55, 0xa2, 0x54, 0xaa,
    0x74, 0xa2, 0x55, 0xa2, 0x54, 0xa2, 0x55, 0xaa, 0x54, 0xa2, 0x54, 0xa2,
    0x55, 0xaa, 0x55, 0xaa, 0x54, 0xa2, 0x55, 0xaa, 0x54, 0xa2, 0x54, 0xa2,
    0x55, 0xaa, 0x55, 0xa2, 0x54, 0xa2, 0x54, 0xaa, 0x75, 0xa2, 0x54, 0xaa,
    0x55, 0xa2, 0x74, 0xa2, 0x55, 0xaa, 0x55, 0xa2, 0x54, 0xaa, 0x54, 0xa2,
    0x55, 0xa2, 0x74, 0xaa, 0x55, 0xa2, 0x55, 0xa2, 0x74, 0xa2, 0x54, 0xaa,
    0x55, 0xa2, 0x54, 0xa2, 0x55, 0xa2, 0x54, 0xaa, 0x55, 0xa2, 0x54, 0xa2,
    0x55, 0xaa, 0x54, 0xa2, 0x54, 0xa2, 0x55, 0xa2, 0x54, 0xa2, 0x54, 0xa2,
    0x74, 0xaa, 0x55, 0xa2, 0x54, 0xaa, 0x55, 0xa2, 0x55, 0xaa, 0x74, 0xa2,
    0x54, 0xaa, 0x75, 0xa2, 0x55, 0xa2, 0x74, 0xa2, 0x75, 0xa2, 0x54, 0xa2,
    0x54, 0xaa, 0x75, 0xa2, 0x55, 0xaa, 0x54, 0xa2, 0x75, 0xa2, 0x54, 0xaa,
    0x55, 0xa2, 0x75, 0xa2, 0x54, 0xa2, 0x55, 0xaa, 0x74, 0xa2, 0x55, 0xa2,
    0x54, 0xaa, 0x75, 0xa2, 0x55, 0xa2, 0x54, 0xaa, 0x54, 0xa2, 0x55, 0xaa,
    0x74, 0xa2, 0x55, 0xaa, 0x54, 0xa2, 0x55, 0xa2, 0x74, 0xaa, 0x54, 0xa2,
    0x75, 0xaa, 0x55, 0xa2, 0x74, 0xa2, 0x55, 0xaa, 0x54, 0xa2, 0x55, 0xa2,
    0x54, 0xa2, 0x55, 0xaa, 0x75, 0xa2, 0x54, 0xa2, 0x55, 0xaa, 0x54, 0xa2,
    0x74, 0xa2, 0x55, 0xaa, 0x55, 0xa2, 0x54, 0xaa, 0x55, 0xa2, 0x54, 0xaa,
    0x54, 0xaa, 0x55, 0xaa, 0x54, 0xa2, 0x55, 0xa2, 0x74, 0xaa, 0x55, 0xa2,
    0x54, 0xa2, 0x75, 0xaa, 0x54, 0xa2, 0x54, 0xaa, 0x75, 0xa2, 0x54, 0xa2,
    0x55, 0xaa, 0x54, 0xa2, 0x55, 0xaa, 0x54, 0xa2, 0x54, 0xa2, 0x74, 0xaa,
    0x55, 0xa2, 0x75, 0xa2, 0x54, 0xaa, 0x55, 0xa2, 0x54, 0xa2, 0x74, 0xaa,
    0x55, 0xaa, 0x55, 0xa2, 0x54, 0xa2, 0x75, 0xaa, 0x54, 0xa2, 0x54, 0xa2,
    0x55, 0xaa, 0x74, 0xaa, 0x54, 0xa2, 0x55, 0xa2, 0x55, 0xa2, 0x54, 0xaa,
    0x75, 0xaa, 0x55, 0xa2, 0x54, 0xa2, 0x75, 0xaa, 0x54, 0xa2, 0x54, 0xa2,
    0x75, 0xa2, 0x54, 0xa2, 0x55, 0xa2, 0x75, 0xa2, 0x54, 0xa2, 0x55, 0xaa,
    0x55, 0xa2, 0x74, 0xaa, 0x55, 0xa2, 0x54, 0xa2, 0x55, 0xaa, 0x74, 0xa2,
    0x55, 0xa2, 0x55, 0xaa, 0x54, 0xa2, 0x54, 0xaa, 0x75, 0xa2, 0x55, 0xa2,
    0x54, 0xaa, 0x75, 0xa2, 0x55, 0xa2, 0x54, 0xaa, 0x54, 0xa2, 0x55, 0xa2,
    0x74, 0xaa, 0x55, 0xa2, 0x55, 0xa2, 0x54, 0xa2, 0x75, 0xaa, 0x54, 0xa2,
    0x55, 0xa2, 0x55, 0xaa, 0x54, 0xa2, 0x55, 0xa2, 0x55, 0xaa, 0x74, 0xa2,
    0x55, 0xa2, 0x54, 0xaa, 0x54, 0xa2, 0x54, 0xa2, 0x55, 0xaa, 0x54, 0xa2,
    0x55, 0xa2, 0x55, 0xaa, 0x54, 0xaa, 0x55, 0xa2, 0x74, 0xaa, 0x54, 0xaa,
    0x55, 0xa2, 0x74, 0xa2, 0x54, 0xaa, 0x55, 0xa2, 0x74, 0xa2, 0x54, 0xaa,
    0x55, 0xa2, 0x55, 0xa2, 0x74, 0xaa, 0x54, 0xa2, 0x55, 0xa2, 0x75, 0xaa,
    0x54, 0xa2, 0x55, 0xa2, 0x74, 0xaa, 0x54, 0xa2, 0x55, 0xa2, 0x74, 0xaa,
    0x55, 0xaa, 0x55, 0xa2, 0x74, 0xaa, 0x55, 0xa2, 0x54, 0xaa, 0x74, 0xaa,
    0x55, 0xa2, 0x54, 0xa2, 0x54, 0xaa, 0x75, 0xa2, 0x54, 0xaa, 0x54, 0xa2,
    0x75, 0xaa, 0x54, 0xa2, 0x54, 0xa2, 0x55, 0xaa, 0x75, 0xa2, 0x54, 0xa2,
    0x55, 0xa2, 0x54, 0xa2, 0x74, 0xaa, 0x55, 0xa2, 0x74, 0xa2, 0x54, 0xaa,
    0x55, 0xa2, 0x75, 0xa2, 0x54, 0xaa, 0x55, 0xa2, 0x55, 0xaa, 0x54, 0xaa,
    0x75, 0xa2, 0x55, 0xa2, 0x54, 0xaa, 0x55, 0xa2, 0x74, 0xaa, 0x55, 0xa2,
    0x54, 0xaa, 0x55, 0xa2, 0x54, 0xaa, 0x54, 0xa2, 0x75, 0xa2, 0x55, 0xaa,
    0x54, 0xaa, 0x55, 0xa2, 0x54, 0xa2, 0x54, 0xaa, 0x55, 0xa2, 0x54, 0xa2,
    0x75, 0xa2, 0x55, 0xaa, 0x54, 0xa2, 0x55, 0xa2, 0x75, 0xaa, 0x54, 0xa2,
    0x55, 0xa2, 0x55, 0xaa, 0x74, 0xa2, 0x55, 0xa2, 0x55, 0xaa, 0x74, 0xa2,
    0x54, 0xa2, 0x55, 0xaa, 0x54, 0xa2, 0x55, 0xa2, 0x55, 0xa2, 0x55, 0xaa,
    0x54, 0xa2, 0x75, 0xa2, 0x55, 0xaa, 0x54, 0xa2, 0x75, 0xa2, 0x54, 0xa2,
    0x54, 0xa2, 0x75, 0xa2, 0x54, 0xa2, 0x54, 0xaa, 0x55, 0xa2, 0x74, 0xa2,
    0x55, 0xaa, 0x54, 0xa2, 0x55, 0xa2, 0x74, 0xaa, 0x55, 0xa2, 0x55, 0xa2,
    0x74, 0xaa, 0x54, 0xa2, 0x55, 0xa2, 0x54, 0xaa, 0x75, 0xa2, 0x55, 0xa2,
    0x74, 0xaa, 0x55, 0xa2, 0x54, 0xa2, 0x74, 0xaa, 0x55, 0xa2, 0x54, 0xa2,
    0x54, 0xa2, 0x55, 0xa2, 0x54, 0xaa, 0x74, 0xa2, 0x55, 0xa2, 0x54, 0xaa,
    0x54, 0xa2, 0x55, 0xa2, 0x54, 0xaa, 0x75, 0xa2, 0x55, 0xaa, 0x54, 0xa2,
    0x74, 0xaa, 0x55, 0xa2, 0x54, 0xa2, 0x54, 0xaa, 0x55, 0xa2, 0x54, 0xaa,
    0x54, 0xa2, 0x55, 0xaa, 0x54, 0xaa, 0x55, 0xa2, 0x55, 0xaa, 0x74, 0xaa,
    0x55, 0xa2, 0x55, 0xa2, 0x54, 0xaa, 0x54, 0xa2, 0x77, 0xa2, 0x58, 0xaa,
    0x58, 0xa2, 0x58, 0xa2, 0x78, 0xaa, 0x58, 0xa2, 0x59, 0xa2, 0x78, 0xaa,
    0x57, 0xa2, 0x56, 0xa2, 0x56, 0xaa, 0x55, 0xa2, 0x75, 0xa2, 0x54, 0xaa,
    0x55, 0xa2, 0x55, 0xaa, 0x54, 0xaa, 0x75, 0xa2, 0x55, 0xaa, 0x54, 0xaa,
    0x75, 0xa2, 0x55, 0xaa, 0x54, 0xa2, 0x75, 0xaa, 0x55, 0xa2, 0x54, 0xa2,
    0x74, 0xaa, 0x55, 0xa2, 0x55, 0xa2, 0x74, 0xaa, 0x55, 0xa2, 0x54, 0xa2,
    0x54, 0xa2, 0x75, 0xa2, 0x75, 0xaa, 0x54, 0xa2, 0x75, 0xa2, 0x54, 0xa2,
    0x75, 0xaa, 0x54, 0xa2, 0x55, 0xa2, 0x54, 0xaa, 0x74, 0xa2, 0x55, 0xa2,
    0x75, 0xaa, 0x7c, 0xa4, 0x3f, 0xd7, 0xff, 0xe7, 0xff, 0xe7, 0xff, 0xe7,
    0xff, 0xe7, 0xff, 0xe7, 0xff, 0xe7, 0xff, 0xe7, 0x3f, 0xd7, 0x3f, 0xd7,
    0x3f, 0xd7, 0x5f, 0xc6, 0x5f, 0xc6, 0x7a, 0xab, 0x55, 0xa2, 0x54, 0xa2,
    0x76, 0xa2, 0x5e, 0xb5, 0x5e, 0xbd, 0x76, 0xa2, 0x55, 0xa2, 0x54, 0xa2,
    0x54, 0xaa, 0x75, 0xa2, 0x55, 0xa2, 0x54, 0xaa, 0x55, 0xa2, 0x54, 0xa2,
    0x54, 0xaa, 0x55, 0xa2, 0x55, 0xa2, 0x54, 0xaa, 0x55, 0xa2, 0x54, 0xaa,
    0x54, 0xa2, 0x55, 0xa2, 0x55, 0xaa, 0x54, 0xa2, 0x74, 0xa2, 0x55, 0xaa,
    0x54, 0xa2, 0x75, 0xa2, 0x54, 0xaa, 0x54, 0xa2, 0x55, 0xa2, 0xff, 0xf7,
    0xff, 0xff, 0xff, 0xff, 0xff, 0xff, 0xff, 0xff, 0xff, 0xff, 0xff, 0xff,
    0xff, 0xff, 0xff, 0xff, 0xff, 0xff, 0xff, 0xff, 0xff, 0xff, 0xff, 0xff,
    0xff, 0xff, 0xff, 0xf7, 0x54, 0xaa, 0x75, 0xa2, 0x5e, 0xd6, 0xff, 0xff,
    0xff, 0xff, 0x5e, 0xd6, 0x55, 0xaa, 0x54, 0xa2, 0x54, 0xa2, 0x55, 0xaa,
    0x74, 0xa2, 0x54, 0xaa, 0x75, 0xa2, 0x55, 0xaa, 0x74, 0xa2, 0x54, 0xa2,
    0x55, 0xaa, 0x74, 0xa2, 0x54, 0xa2, 0x55, 0xaa, 0x54, 0xa2, 0x75, 0xaa,
    0x54, 0xaa, 0x55, 0xa2, 0x55, 0xa2, 0x54, 0xaa, 0x55, 0xa2, 0x55, 0xa2,
    0x54, 0xaa, 0x55, 0xaa, 0x54, 0xa2, 0xfe, 0xff, 0xff, 0xff, 0xff, 0xff,
    0xff, 0xff, 0xff, 0xff, 0xff, 0xff, 0xff, 0xff, 0xff, 0xff, 0xff, 0xff,
    0xff, 0xff, 0xff, 0xff, 0xff, 0xff, 0xff, 0xff, 0xff, 0xff, 0xfe, 0xff,
    0x55, 0xa2, 0x54, 0xaa, 0xff, 0xff, 0xff, 0xff, 0xff, 0xff, 0xff, 0xff,
    0x55, 0xaa, 0x75, 0xa2, 0x54, 0xa2, 0x55, 0xaa, 0x55, 0xa2, 0x54, 0xa2,
    0x55, 0xaa, 0x74, 0xa2, 0x55, 0xaa, 0x55, 0xa2, 0x54, 0xaa, 0x55, 0xa2,
    0x55, 0xa2, 0x54, 0xa2, 0x75, 0xa2, 0x54, 0xa2, 0x54, 0xa2, 0x75, 0xaa,
    0x54, 0xa2, 0x74, 0xa2, 0x55, 0xaa, 0x74, 0xa2, 0x55, 0xa2, 0x75, 0xaa,
    0x54, 0xa2, 0x75, 0xd3, 0x58, 0xfe, 0x58, 0xfe, 0x59, 0xfe, 0x58, 0xfe,
    0x59, 0xfe, 0x58, 0xfe, 0x58, 0xfe, 0x59, 0xfe, 0x58, 0xfe, 0x3a, 0xff,
    0x3a, 0xff, 0x3a, 0xff, 0x3a, 0xff, 0x75, 0xe4, 0x55, 0xaa, 0x54, 0xa2,
    0x3c, 0xff, 0xff, 0xff, 0xff, 0xff, 0x3c, 0xff, 0x54, 0xa2, 0x55, 0xaa,
    0x74, 0xa2, 0x54, 0xa2, 0x55, 0xaa, 0x74, 0xa2, 0x54, 0xa2, 0x55, 0xaa,
    0x54, 0xa2, 0x74, 0xa2, 0x55, 0xa2, 0x54, 0xaa, 0x54, 0xaa, 0x55, 0xa2,
    0x55, 0xaa, 0x54, 0xa2, 0x55, 0xa2, 0x55, 0xaa, 0x74, 0xa2, 0x55, 0xaa,
    0x54, 0xa2, 0x54, 0xa2, 0x75, 0xaa, 0x54, 0xa2, 0x54, 0xaa, 0x55, 0xaa,
    0x55, 0xaa, 0x54, 0xa2, 0x55, 0xaa, 0x55, 0xaa, 0x54, 0xa2, 0x55, 0xaa,
    0x55, 0xaa, 0x55, 0xa2, 0x55, 0xaa, 0x55, 0xaa, 0x55, 0xaa, 0x55, 0xa2,
    0x54, 0xaa, 0x55, 0xa2, 0x54, 0xa2, 0x55, 0xaa, 0x55, 0xa2, 0x54, 0xaa,
    0x55, 0xa2, 0x54, 0xa2, 0x55, 0xaa, 0x54, 0xa2, 0x75, 0xaa, 0x55, 0xa2,
    0x54, 0xaa, 0x75, 0xa2, 0x55, 0xa2, 0x54, 0xaa, 0x55, 0xa2, 0x75, 0xa2,
    0x54, 0xaa, 0x55, 0xa2, 0x54, 0xa2, 0x75, 0xaa, 0x54, 0xaa, 0x74, 0xa2,
    0x55, 0xaa, 0x54, 0xa2, 0x55, 0xa2, 0x55, 0xaa, 0x54, 0xa2, 0x55, 0xaa,
    0x55, 0xa2, 0x54, 0xa2, 0x75, 0xa2, 0x54, 0xa2, 0x58, 0xa2, 0x58, 0xaa,
    0x7a, 0xa3, 0x7a, 0xa3, 0x7a, 0xa3, 0x58, 0xaa, 0x58, 0xa2, 0x56, 0xa2,
    0x56, 0xa2, 0x56, 0xa2, 0x57, 0xa2, 0x56, 0xaa, 0x57, 0xa2, 0x54, 0xaa,
    0x74, 0xa2, 0x55, 0xa2, 0x54, 0xaa, 0x75, 0xa2, 0x54, 0xa2, 0x55, 0xaa,
    0x74, 0xa2, 0x55, 0xa2, 0x54, 0xaa, 0x54, 0xa2, 0x55, 0xa2, 0x54, 0xaa,
    0x75, 0xa2, 0x54, 0xaa, 0x54, 0xa2, 0x55, 0xaa, 0x54, 0xa2, 0x54, 0xa2,
    0x55, 0xa2, 0x54, 0xa2, 0x55, 0xa2, 0x55, 0xa2, 0x74, 0xaa, 0x54, 0xa2,
    0x55, 0xa2, 0x74, 0xaa, 0x74, 0xa2, 0x55, 0xa2, 0x54, 0xaa, 0x75, 0xa2,
    0x55, 0xaa, 0x5c, 0xb5, 0xff, 0xe7, 0xff, 0xe7, 0xff, 0xf7, 0xff, 0xf7,
    0xff, 0xf7, 0xff, 0xe7, 0xff, 0xe7, 0x3f, 0xd7, 0x3f, 0xdf, 0x3f, 0xd7,
    0x3f, 0xd7, 0x3f, 0xd7, 0x3f, 0xd7, 0x7c, 0xac, 0x55, 0xa2, 0x54, 0xa2,
    0x75, 0xaa, 0x54, 0xa2, 0x55, 0xaa, 0x74, 0xa2, 0x55, 0xa2, 0x55, 0xaa,
    0x74, 0xa2, 0x55, 0xa2, 0x54, 0xaa, 0x55, 0xa2, 0x54, 0xa2, 0x75, 0xa2,
    0x55, 0xaa, 0x54, 0xa2, 0x75, 0xaa, 0x55, 0xa2, 0x54, 0xa2, 0x54, 0xaa,
    0x55, 0xa2, 0x55, 0xa2, 0x74, 0xaa, 0x55, 0xa2, 0x55, 0xaa, 0x54, 0xa2,
    0x55, 0xa2, 0x54, 0xaa, 0x74, 0xa2, 0x55, 0xaa, 0x54, 0xa2, 0xff, 0xf7,
    0xff, 0xff, 0xff, 0xff, 0xff, 0xff, 0xff, 0xff, 0xff, 0xff, 0xff, 0xff,
    0xff, 0xff, 0xff, 0xff, 0xff, 0xff, 0xff, 0xff, 0xff, 0xff, 0xff, 0xff,
    0xff, 0xff, 0xff, 0xf7, 0x55, 0xaa, 0x54, 0xa2, 0x55, 0xa2, 0x55, 0xaa,
    0x54, 0xa2, 0x54, 0xa2, 0x55, 0xaa, 0x54, 0xa2, 0x75, 0xa2, 0x54, 0xaa,
    0x75, 0xaa, 0x54, 0xa2, 0x54, 0xaa, 0x75, 0xa2, 0x54, 0xa2, 0x54, 0xaa,
    0x75, 0xa2, 0x54, 0xa2, 0x55, 0xa2, 0x74, 0xaa, 0x54, 0xaa, 0x54, 0xa2,
    0x55, 0xa2, 0x74, 0xaa, 0x54, 0xa2, 0x55, 0xa2, 0x75, 0xaa, 0x54, 0xa2,
    0x55, 0xa2, 0x54, 0xaa, 0x75, 0xa2, 0xff, 0xf7, 0xff, 0xff, 0xff, 0xff,
    0xff, 0xff, 0xff, 0xff, 0xff, 0xff, 0xff, 0xff, 0xff, 0xff, 0xff, 0xff,
    0xff, 0xff, 0xff, 0xff, 0xff, 0xff, 0xff, 0xff, 0xff, 0xff, 0xff, 0xf7,
    0x54, 0xa2, 0x75, 0xaa, 0x54, 0xa2, 0x74, 0xa2, 0x75, 0xaa, 0x55, 0xa2,
    0x54, 0xaa, 0x74, 0xa2, 0x55, 0xa2, 0x55, 0xaa, 0x54, 0xa2, 0x75, 0xa2,
    0x55, 0xaa, 0x54, 0xa2, 0x55, 0xa2, 0x55, 0xaa, 0x54, 0xa2, 0x54, 0xa2,
    0x55, 0xa2, 0x55, 0xa2, 0x74, 0xaa, 0x55, 0xa2, 0x55, 0xa2, 0x74, 0xaa,
    0x54, 0xa2, 0x55, 0xaa, 0x74, 0xa2, 0x55, 0xa2, 0x55, 0xaa, 0x54, 0xa2,
    0x54, 0xaa, 0xfe, 0xff, 0xff, 0xff, 0xff, 0xff, 0xff, 0xff, 0xff, 0xff,
    0xff, 0xff, 0xff, 0xff, 0xff, 0xff, 0xff, 0xff, 0xff, 0xff, 0xff, 0xff,
    0xff, 0xff, 0xff, 0xff, 0xff, 0xff, 0xfe, 0xff, 0x55, 0xa2, 0x54, 0xaa,
    0x55, 0xa2, 0x54, 0xa2, 0x55, 0xaa, 0x55, 0xa2, 0x74, 0xa2, 0x55, 0xaa,
    0x54, 0xa2, 0x54, 0xa2, 0x55, 0xa2, 0x54, 0xaa, 0x55, 0xa2, 0x74, 0xaa,
    0x54, 0xa2, 0x75, 0xaa, 0x55, 0xa2, 0x54, 0xaa, 0x54, 0xa2, 0x55, 0xa2,
    0x54, 0xaa, 0x75, 0xa2, 0x55, 0xa2, 0x54, 0xaa, 0x55, 0xa2, 0x55, 0xa2,
    0x54, 0xaa, 0x74, 0xa2, 0x55, 0xa2, 0x75, 0xaa, 0x54, 0xa2, 0x75, 0xd3,
    0x58, 0xfe, 0x3b, 0xff, 0x3a, 0xff, 0x3b, 0xff, 0xfc, 0xff, 0xfe, 0xff,
    0xff, 0xff, 0xff, 0xff, 0xff, 0xff, 0xff, 0xff, 0xff, 0xff, 0xff, 0xff,
    0x3a, 0xff, 0x75, 0xe4, 0x54, 0xaa, 0x75, 0xa2, 0x54, 0xaa, 0x55, 0xa2,
    0x54, 0xaa, 0x74, 0xa2, 0x55, 0xa2, 0x55, 0xaa, 0x74, 0xaa, 0x55, 0xa2,
    0x74, 0xaa, 0x54, 0xa2, 0x55, 0xa2, 0x55, 0xa2, 0x54, 0xaa, 0x54, 0xa2,
    0x75, 0xa2, 0x55, 0xa2, 0x54, 0xa2, 0x54, 0xaa, 0x55, 0xa2, 0x54, 0xa2,
    0x54, 0xaa, 0x75, 0xa2, 0x54, 0xa2, 0x55, 0xaa, 0x54, 0xaa, 0x54, 0xa2,
    0x55, 0xa2, 0x54, 0xaa, 0x55, 0xa2, 0x55, 0xa2, 0x54, 0xaa, 0x55, 0xaa,
    0x55, 0xa2, 0x54, 0xaa, 0x55, 0xa2, 0x55, 0xaa, 0x55, 0xa2, 0x55, 0xc2,
    0x58, 0xfe, 0xff, 0xff, 0xff, 0xff, 0xff, 0xff, 0xff, 0xff, 0x7a, 0xbc,
    0x55, 0xa2, 0x54, 0xa2, 0x75, 0xa2, 0x54, 0xaa, 0x75, 0xa2, 0x54, 0xaa,
    0x54, 0xa2, 0x55, 0xa2, 0x54, 0xa2, 0x55, 0xaa, 0x75, 0xa2, 0x54, 0xaa,
    0x55, 0xa2, 0x75, 0xa2, 0x54, 0xaa, 0x55, 0xa2, 0x54, 0xaa, 0x54, 0xa2,
    0x55, 0xa2, 0x75, 0xaa, 0x54, 0xa2, 0x55, 0xaa, 0x74, 0xaa, 0x55, 0xa2,
    0x54, 0xa2, 0x74, 0xaa, 0x75, 0xa2, 0x55, 0xa2, 0x54, 0xaa, 0x74, 0xa2,
    0x55, 0xaa, 0x54, 0xa2, 0x74, 0xa2, 0x55, 0xa2, 0x54, 0xa2, 0x74, 0xaa,
    0x55, 0xa2, 0x54, 0xa2, 0x74, 0xaa, 0x55, 0xaa, 0x55, 0xa2, 0x58, 0xf5,
    0xff, 0xff, 0xff, 0xff, 0xff, 0xff, 0x3f, 0xe7, 0x55, 0xa2, 0x54, 0xaa,
    0x54, 0xa2, 0x55, 0xa2, 0x55, 0xaa, 0x54, 0xa2, 0x75, 0xaa, 0x54, 0xa2,
    0x54, 0xa2, 0x55, 0xaa, 0x54, 0xa2, 0x54, 0xa2, 0x75, 0xaa, 0x54, 0xaa,
    0x54, 0xa2, 0x75, 0xa2, 0x55, 0xaa, 0x54, 0xa2, 0x54, 0xa2, 0x55, 0xa2,
    0x74, 0xaa, 0x55, 0xa2, 0x55, 0xa2, 0x54, 0xaa, 0x55, 0xa2, 0x55, 0xa2,
    0x54, 0xaa, 0x55, 0xa2, 0x75, 0xa2, 0x54, 0xaa, 0x55, 0xa2, 0x74, 0xaa,
    0x55, 0xa2, 0x55, 0xaa, 0x74, 0xa2, 0x55, 0xa2, 0x54, 0xaa, 0x74, 0xa2,
    0x55, 0xa2, 0x54, 0xaa, 0x74, 0xa2, 0x55, 0xba, 0xff, 0xff, 0xff, 0xff,
    0xff, 0xff, 0xff, 0xff, 0x55, 0xaa, 0x75, 0xa2, 0x54, 0xaa, 0x55, 0xa2,
    0x74, 0xa2, 0x55, 0xa2, 0x55, 0xaa, 0x74, 0xaa, 0x55, 0xa2, 0x75, 0xa2,
    0x54, 0xaa, 0x55, 0xa2, 0x74, 0xa2, 0x55, 0xaa, 0x54, 0xa2, 0x75, 0xa2,
    0x54, 0xaa, 0x55, 0xa2, 0x54, 0xa2, 0x54, 0xaa, 0x55, 0xa2, 0x54, 0xa2,
    0x74, 0xa2, 0x55, 0xaa, 0x74, 0xa2, 0x54, 0xa2, 0x55, 0xaa, 0x74, 0xa2,
    0x54, 0xa2, 0x55, 0xaa, 0x54, 0xa2, 0x57, 0xa2, 0x7a, 0xab, 0x7c, 0xa4,
    0x5e, 0xbd, 0x5f, 0xc6, 0x5f, 0xc6, 0x5f, 0xc6, 0x5f, 0xc6, 0x5f, 0xc6,
    0x5f, 0xc6, 0x5f, 0xc6, 0xff, 0xff, 0xff, 0xff, 0xff, 0xff, 0xff, 0xff,
    0x54, 0xa2, 0x54, 0xa2, 0x75, 0xaa, 0x54, 0xaa, 0x54, 0xa2, 0x55, 0xa2,
    0x54, 0xa2, 0x54, 0xaa, 0x55, 0xa2, 0x74, 0xa2, 0x55, 0xaa, 0x55, 0xa2,
    0x54, 0xa2, 0x55, 0xaa, 0x55, 0xa2, 0x54, 0xa2, 0x54, 0xaa, 0x55, 0xa2,
    0x55, 0xa2, 0x55, 0xaa, 0x74, 0xa2, 0x55, 0xaa, 0x54, 0xa2, 0x55, 0xa2,
    0x75, 0xaa, 0x54, 0xa2, 0x55, 0xaa, 0x54, 0xa2, 0x55, 0xaa, 0x75, 0xa2,
    0x54, 0xa2, 0xff, 0xff, 0xff, 0xff, 0xff, 0xff, 0xff, 0xff, 0xff, 0xff,
    0xff, 0xff, 0xff, 0xff, 0xff, 0xff, 0xff, 0xff, 0xff, 0xff, 0xff, 0xff,
    0xff, 0xff, 0xff, 0xff, 0xfc, 0xff, 0x75, 0xc3, 0x54, 0xaa, 0x55, 0xa2,
    0x55, 0xa2, 0x74, 0xaa, 0x55, 0xa2, 0x75, 0xaa, 0x54, 0xa2, 0x55, 0xa2,
    0x54, 0xaa, 0x54, 0xa2, 0x75, 0xaa, 0x54, 0xa2, 0x54, 0xa2, 0x75, 0xaa,
    0x54, 0xa2, 0x74, 0xa2, 0x55, 0xaa, 0x54, 0xa2, 0x54, 0xa2, 0x55, 0xa2,
    0x74, 0xaa, 0x55, 0xa2, 0x54, 0xaa, 0x54, 0xa2, 0x55, 0xa2, 0x75, 0xaa,
    0x54, 0xa2, 0x55, 0xa2, 0x74, 0xaa, 0x54, 0xa2, 0x55, 0xaa, 0x75, 0xba,
    0x74, 0xe4, 0x75, 0xe4, 0x75, 0xe4, 0x74, 0xd3, 0x55, 0xca, 0x55, 0xba,
    0x54, 0xb2, 0x55, 0xba, 0x55, 0xba, 0x54, 0xb2, 0x55, 0xaa, 0x55, 0xa2,
    0x54, 0xa2, 0x55, 0xaa, 0x75, 0xa2, 0x54, 0xa2, 0x54, 0xaa, 0x55, 0xa2,
    0x54, 0xa2, 0x74, 0xaa, 0x55, 0xa2, 0x75, 0xa2, 0x54, 0xaa, 0x55, 0xa2,
    0x55, 0xa2, 0x74, 0xaa, 0x55, 0xa2, 0x54, 0xaa, 0x75, 0xa2, 0x55, 0xaa,
    0x54, 0xa2, 0x55, 0xa2, 0x54, 0xa2, 0x54, 0xaa, 0x55, 0xa2, 0x75, 0xa2,
    0x54, 0xaa, 0x54, 0xa2, 0x55, 0xa2, 0x74, 0xaa, 0x54, 0xa2, 0x55, 0xa2,
    0x55, 0xaa, 0x54, 0xa2, 0x55, 0xa2, 0x54, 0xa2, 0x54, 0xa2, 0x55, 0xaa,
    0x54, 0xa2, 0x54, 0xa2, 0x55, 0xaa, 0x54, 0xa2, 0x54, 0xa2, 0x55, 0xa2,
    0x54, 0xa2, 0x74, 0xaa, 0x55, 0xa2, 0x54, 0xaa, 0x74, 0xa2, 0x55, 0xaa,
    0x54, 0xa2, 0x74, 0xa2, 0x55, 0xaa, 0x55, 0xa2, 0x54, 0xa2, 0x54, 0xaa,
    0x55, 0xa2, 0x54, 0xaa, 0x75, 0xa2, 0x54, 0xa2, 0x54, 0xaa, 0x55, 0xa2,
    0x54, 0xa2, 0x55, 0xa2, 0x54, 0xaa, 0x55, 0xa2, 0x74, 0xa2, 0x55, 0xaa,
    0x55, 0xa2, 0x54, 0xaa, 0x55, 0xa2, 0x54, 0xa2, 0x75, 0xaa, 0x55, 0xa2,
    0x54, 0xaa, 0x55, 0xa2, 0x74, 0xaa, 0x55, 0xa2, 0x54, 0xa2, 0x75, 0xaa,
    0x54, 0xa2, 0x55, 0xa2, 0x55, 0xaa, 0x54, 0xa2, 0x55, 0xaa, 0x55, 0xa2,
    0x74, 0xa2, 0x55, 0xaa, 0x75, 0xa2, 0x54, 0xaa, 0x55, 0xa2, 0x75, 0xa2,
    0x54, 0xaa, 0x55, 0xa2, 0x74, 0xa2, 0x55, 0xaa, 0x55, 0xa2, 0x54, 0xaa,
    0x75, 0xa2, 0x55, 0xa2, 0x74, 0xaa, 0x55, 0xa2, 0x55, 0xa2, 0x54, 0xaa,
    0x75, 0xa2, 0x54, 0xaa, 0x55, 0xa2, 0x75, 0xaa, 0x54, 0xa2, 0x74, 0xaa,
    0x55, 0xa2, 0x54, 0xa2, 0x55, 0xaa, 0x54, 0xa2, 0x55, 0xa2, 0x74, 0xa2,
    0x54, 0xaa, 0x55, 0xa2, 0x74, 0xa2, 0x55, 0xaa, 0x54, 0xa2, 0x55, 0xa2,
    0x55, 0xaa, 0x74, 0xa2, 0x54, 0xa2, 0x55, 0xaa, 0x74, 0xaa, 0x74, 0xa2,
    0x55, 0xaa, 0x74, 0xa2, 0x54, 0xa2, 0x55, 0xaa, 0x54, 0xa2, 0x54, 0xa2,
    0x75, 0xaa, 0x54, 0xa2, 0x55, 0xaa, 0x54, 0xa2, 0x55, 0xa2, 0x54, 0xaa,
    0x55, 0xa2, 0x54, 0xa2, 0x54, 0xaa, 0x55, 0xa2, 0x54, 0xa2, 0x54, 0xaa,
    0x75, 0xaa, 0x54, 0xa2, 0x54, 0xa2, 0x75, 0xaa, 0x54, 0xa2, 0x55, 0xa2,
    0x74, 0xaa, 0x55, 0xa2, 0x55, 0xaa, 0x54, 0xa2, 0x75, 0xa2, 0x54, 0xaa,
    0x55, 0xa2, 0x74, 0xa2, 0x54, 0xa2, 0x55, 0xaa, 0x55, 0xa2, 0x54, 0xaa,
    0x55, 0xa2, 0x74, 0xa2, 0x54, 0xaa, 0x75, 0xa2, 0x54, 0xa2, 0x54, 0xaa,
    0x55, 0xa2, 0x55, 0xa2, 0x54, 0xa2, 0x55, 0xaa, 0x55, 0xa2, 0x74, 0xa2,
    0x55, 0xaa, 0x55, 0xa2, 0x74, 0xaa, 0x55, 0xa2, 0x54, 0xa2, 0x55, 0xaa,
    0x74, 0xa2, 0x54, 0xa2, 0x75, 0xaa, 0x55, 0xa2, 0x54, 0xa2, 0x75, 0xaa,
    0x74, 0xa2, 0x55, 0xa2, 0x54, 0xaa, 0x55, 0xa2, 0x55, 0xa2, 0x74, 0xaa,
    0x55, 0xa2, 0x55, 0xa2, 0x54, 0xaa, 0x54, 0xa2, 0x55, 0xa2, 0x54, 0xa2,
    0x54, 0xaa, 0x75, 0xa2, 0x54, 0xaa, 0x55, 0xa2, 0x54, 0xaa, 0x55, 0xa2,
    0x54, 0xa2, 0x55, 0xa2, 0x74, 0xaa, 0x55, 0xa2, 0x55, 0xaa, 0x54, 0xa2,
    0x55, 0xaa, 0x55, 0xa2, 0x74, 0xa2, 0x55, 0xaa, 0x75, 0xaa, 0x54, 0xa2,
    0x54, 0xa2, 0x55, 0xaa, 0x54, 0xa2, 0x54, 0xa2, 0x55, 0xaa, 0x74, 0xa2,
    0x55, 0xa2, 0x54, 0xaa, 0x55, 0xa2, 0x75, 0xa2, 0x54, 0xaa, 0x55, 0xa2,
    0x54, 0xaa, 0x74, 0xa2, 0x55, 0xaa, 0x55, 0xa2, 0x54, 0xa2, 0x75, 0xaa,
    0x55, 0xa2, 0x74, 0xa2, 0x54, 0xaa, 0x55, 0xa2, 0x54, 0xa2, 0x75, 0xaa,
    0x54, 0xa2, 0x75, 0xaa, 0x55, 0xa2, 0x54, 0xaa, 0x75, 0xa2, 0x54, 0xa2,
    0x55, 0xa2, 0x74, 0xaa, 0x55, 0xa2, 0x54, 0xa2, 0x55, 0xa2, 0x54, 0xaa,
    0x74, 0xa2, 0x55, 0xa2, 0x74, 0xa2, 0x54, 0xaa, 0x55, 0xa2, 0x54, 0xaa,
    0x54, 0xa2, 0x55, 0xa2, 0x74, 0xaa, 0x54, 0xa2, 0x75, 0xaa, 0x75, 0xa2,
    0x54, 0xa2, 0x55, 0xaa, 0x74, 0xa2, 0x54, 0xa2, 0x55, 0xaa, 0x54, 0xa2,
    0x74, 0xaa, 0x55, 0xa2, 0x54, 0xa2, 0x55, 0xaa, 0x55, 0xa2, 0x54, 0xa2,
    0x74, 0xaa, 0x55, 0xa2, 0x54, 0xaa, 0x54, 0xaa, 0x55, 0xa2, 0x54, 0xa2,
    0x75, 0xaa, 0x54, 0xa2, 0x54, 0xaa, 0x55, 0xa2, 0x74, 0xa2, 0x55, 0xaa,
    0x54, 0xa2, 0x75, 0xa2, 0x54, 0xaa, 0x55, 0xa2, 0x54, 0xaa, 0x75, 0xa2,
    0x54, 0xa2, 0x55, 0xaa, 0x54, 0xa2, 0x55, 0xaa, 0x55, 0xa2, 0x54, 0xa2,
    0x55, 0xaa, 0x75, 0xa2, 0x74, 0xa2, 0x55, 0xaa, 0x55, 0xa2, 0x54, 0xa2,
    0x55, 0xa2, 0x55, 0xaa, 0x54, 0xa2, 0x54, 0xa2, 0x55, 0xaa, 0x75, 0xaa,
    0x54, 0xa2, 0x55, 0xaa, 0x55, 0xa2, 0x74, 0xa2, 0x55, 0xaa, 0x54, 0xa2,
    0x74, 0xa2, 0x55, 0xaa, 0x55, 0xa2, 0x74, 0xa2, 0x55, 0xaa, 0x54, 0xa2,
    0x75, 0xa2, 0x54, 0xa2, 0x55, 0xaa, 0x55, 0xa2, 0x54, 0xa2, 0x75, 0xaa,
    0x55, 0xa2, 0x54, 0xa2, 0x55, 0xaa, 0x54, 0xa2, 0x54, 0xa2, 0x55, 0xaa,
    0x55, 0xa2, 0x54, 0xaa, 0x75, 0xa2, 0x54, 0xa2, 0x55, 0xaa, 0x54, 0xa2,
    0x54, 0xa2, 0x55, 0xa2, 0x74, 0xaa, 0x54, 0xaa, 0x55, 0xa2, 0x54, 0xa2,
    0x54, 0xaa, 0x75, 0xa2, 0x54, 0xaa, 0x74, 0xa2, 0x55, 0xaa, 0x55, 0xa2,
    0x74, 0xa2, 0x54, 0xaa, 0x55, 0xa2, 0x54, 0xa2, 0x55, 0xa2, 0x74, 0xaa,
    0x55, 0xa2, 0x55, 0xa2, 0x54, 0xaa, 0x55, 0xa2, 0x74, 0xaa, 0x54, 0xa2,
    0x55, 0xaa, 0x54, 0xa2, 0x55, 0xa2, 0x55, 0xaa, 0x74, 0xa2, 0x55, 0xa2,
    0x74, 0xaa, 0x54, 0xa2, 0x55, 0xa2, 0x54, 0xaa, 0x75, 0xa2, 0x54, 0xaa,
    0x55, 0xa2, 0x75, 0xa2, 0x54, 0xaa, 0x74, 0xa2, 0x55, 0xa2, 0x54, 0xaa,
    0x54, 0xa2, 0x55, 0xaa, 0x74, 0xa2, 0x55, 0xa2, 0x55, 0xa2, 0x54, 0xa2,
    0x75, 0xaa, 0x55, 0xa2, 0x54, 0xa2, 0x55, 0xaa, 0x55, 0xa2, 0x54, 0xa2,
    0x55, 0xaa, 0x74, 0xa2, 0x54, 0xa2, 0x55, 0xaa, 0x75, 0xa2, 0x54, 0xaa,
    0x55, 0xa2, 0x74, 0xa2, 0x54, 0xaa, 0x55, 0xa2, 0x74, 0xaa, 0x54, 0xa2,
    0x55, 0xa2, 0x55, 0xaa, 0x55, 0xa2, 0x74, 0xa2, 0x54, 0xaa, 0x55, 0xa2,
    0x74, 0xa2, 0x54, 0xaa, 0x55, 0xaa, 0x54, 0xa2, 0x55, 0xaa, 0x74, 0xa2,
    0x55, 0xaa, 0x54, 0xa2, 0x54, 0xa2, 0x75, 0xaa, 0x54, 0xa2, 0x55, 0xaa,
    0x75, 0xaa, 0x54, 0xa2, 0x55, 0xa2, 0x75, 0xaa, 0x54, 0xa2, 0x55, 0xa2,
    0x54, 0xaa, 0x54, 0xa2, 0x54, 0xaa, 0x55, 0xa2, 0x54, 0xa2, 0x74, 0xaa,
    0x55, 0xa2, 0x74, 0xaa, 0x74, 0xa2, 0x55, 0xa2, 0x55, 0xaa, 0x54, 0xa2,
    0x55, 0xa2, 0x54, 0xaa, 0x54, 0xa2, 0x55, 0xa2, 0x75, 0xaa, 0x54, 0xa2,
    0x55, 0xa2, 0x55, 0xaa, 0x54, 0xa2, 0x74, 0xaa, 0x55, 0xa2, 0x54, 0xa2,
    0x74, 0xaa, 0x55, 0xa2, 0x55, 0xa2, 0x74, 0xaa, 0x55, 0xa2, 0x54, 0xa2,
    0x55, 0xa2, 0x75, 0xa2, 0x54, 0xa2, 0x55, 0xaa, 0x75, 0xa2, 0x54, 0xa2,
    0x55, 0xaa, 0x55, 0xa2, 0x54, 0xa2, 0x54, 0xa2, 0x55, 0xa2, 0x54, 0xaa,
    0x54, 0xa2, 0x75, 0xa2, 0x55, 0xaa, 0x54, 0xa2, 0x75, 0xa2, 0x55, 0xaa,
    0x54, 0xa2, 0x55, 0xaa, 0x55, 0xa2, 0x54, 0xa2, 0x55, 0xaa, 0x54, 0xa2,
    0x54, 0xa2, 0x55, 0xaa, 0x74, 0xa2, 0x55, 0xaa, 0x75, 0xa2, 0x54, 0xaa,
    0x54, 0xa2, 0x75, 0xa2, 0x54, 0xaa, 0x55, 0xa2, 0x74, 0xa2, 0x55, 0xaa,
    0x55, 0xa2, 0x54, 0xa2, 0x75, 0xaa, 0x54, 0xa2, 0x54, 0xaa, 0x55, 0xa2,
    0x55, 0xa2, 0x54, 0xaa, 0x55, 0xaa, 0x74, 0xa2, 0x54, 0xaa, 0x55, 0xaa,
    0x54, 0xa2, 0x54, 0xa2, 0x55, 0xaa, 0x74, 0xa2, 0x54, 0xaa, 0x75, 0xa2,
    0x54, 0xaa, 0x75, 0xa2, 0x54, 0xa2, 0x55, 0xaa, 0x74, 0xa2, 0x54, 0xa2,
    0x55, 0xaa, 0x74, 0xa2, 0x54, 0xa2, 0x55, 0xaa, 0x54, 0xa2, 0x75, 0xa2,
    0x54, 0xaa, 0x55, 0xa2, 0x75, 0xa2, 0x55, 0xaa, 0x55, 0xa2, 0x74, 0xa2,
    0x54, 0xaa, 0x55, 0xa2, 0x54, 0xa2, 0x75, 0xaa, 0x55, 0xa2, 0x54, 0xaa,
    0x55, 0xa2, 0x54, 0xaa, 0x74, 0xa2, 0x55, 0xa2, 0x54, 0xaa, 0x75, 0xa2,
    0x55, 0xa2, 0x55, 0xaa, 0x74, 0xa2, 0x55, 0xaa, 0x74, 0xa2, 0x54, 0xa2,
    0x55, 0xa2, 0x75, 0xaa, 0x54, 0xa2, 0x55, 0xa2, 0x74, 0xaa, 0x55, 0xa2,
    0x55, 0xa2, 0x54, 0xaa, 0x55, 0xa2, 0x54, 0xa2, 0x75, 0xaa, 0x54, 0xaa,
    0x55, 0xa2, 0x75, 0xaa, 0x54, 0xa2, 0x55, 0xaa, 0x55, 0xa2, 0x54, 0xaa,
    0x55, 0xa2, 0x54, 0xa2, 0x55, 0xa2, 0x54, 0xaa, 0x74, 0xa2, 0x54, 0xaa,
    0x54, 0xa2, 0x74, 0xaa, 0x55, 0xa2, 0x55, 0xa2, 0x54, 0xaa, 0x54, 0xa2,
    0x55, 0xa2, 0x54, 0xaa, 0x75, 0xa2, 0x54, 0xa2, 0x7a, 0xab, 0x5f, 0xc6,
    0x5f, 0xc6, 0x5f, 0xc6, 0x5f, 0xc6, 0x5f, 0xc6, 0x5f, 0xc6, 0x5f, 0xc6,
    0x5f, 0xc6, 0x5f, 0xc6, 0x5f, 0xce, 0x5f, 0xc6, 0x5f, 0xc6, 0x5f, 0xc6,
    0x5f, 0xc6, 0x5f, 0xc6, 0x5f, 0xc6, 0x5f, 0xc6, 0x5f, 0xc6, 0x5e, 0xbd,
    0x57, 0xa2, 0x54, 0xa2, 0x55, 0xa2, 0x54, 0xa2, 0x54, 0xaa, 0x55, 0xa2,
    0x54, 0xa2, 0x75, 0xaa, 0x54, 0xa2, 0x55, 0xa2, 0x74, 0xaa, 0x55, 0xa2,
    0x54, 0xa2, 0x55, 0xa2, 0x55, 0xaa, 0x55, 0xa2, 0x54, 0xa2, 0x54, 0xaa,
    0x75, 0xa2, 0x54, 0xaa, 0x75, 0xa2, 0x75, 0xaa, 0x54, 0xa2, 0x55, 0xa2,
    0x54, 0xaa, 0x55, 0xa2, 0xff, 0xf7, 0xff, 0xff, 0xff, 0xff, 0xff, 0xff,
    0xff, 0xff, 0xff, 0xff, 0xff, 0xff, 0xff, 0xff, 0xff, 0xff, 0xff, 0xff,
    0xff, 0xff, 0xff, 0xff, 0xff, 0xff, 0xff, 0xff, 0xff, 0xff, 0xff, 0xff,
    0xff, 0xff, 0xff, 0xff, 0xff, 0xff, 0xff, 0xff, 0x3f, 0xd7, 0x74, 0xaa,
    0x55, 0xaa, 0x75, 0xa2, 0x54, 0xa2, 0x55, 0xaa, 0x74, 0xa2, 0x54, 0xa2,
    0x55, 0xaa, 0x74, 0xa2, 0x55, 0xa2, 0x54, 0xaa, 0x54, 0xa2, 0x55, 0xaa,
    0x75, 0xa2, 0x54, 0xa2, 0x55, 0xaa, 0x75, 0xa2, 0x54, 0xa2, 0x54, 0xaa,
    0x55, 0xa2, 0x54, 0xa2, 0x55, 0xaa, 0x74, 0xa2, 0x55, 0xa2, 0x55, 0xaa,
    0xfe, 0xff, 0xff, 0xff, 0xff, 0xff, 0xff, 0xff, 0xff, 0xff, 0xff, 0xff,
    0xff, 0xff, 0xff, 0xff, 0xff, 0xff, 0xff, 0xff, 0xff, 0xff, 0xff, 0xff,
    0xff, 0xff, 0xff, 0xff, 0xff, 0xff, 0xff, 0xff, 0xff, 0xff, 0xff, 0xff,
    0xff, 0xff, 0xff, 0xff, 0xff, 0xff, 0x54, 0xa2, 0x55, 0xaa, 0x74, 0xa2,
    0x55, 0xa2, 0x55, 0xaa, 0x54, 0xa2, 0x55, 0xa2, 0x55, 0xaa, 0x54, 0xa2,
    0x54, 0xa2, 0x55, 0xaa, 0x54, 0xa2, 0x54, 0xaa, 0x74, 0xa2, 0x55, 0xa2,
    0x54, 0xaa, 0x55, 0xa2, 0x55, 0xa2, 0x54, 0xaa, 0x55, 0xa2, 0x54, 0xa2,
    0x74, 0xaa, 0x55, 0xa2, 0x54, 0xa2, 0x74, 0xaa, 0x77, 0xe4, 0xfc, 0xff,
    0xfc, 0xff, 0x3a, 0xff, 0x3a, 0xff, 0x3a, 0xff, 0xff, 0xff, 0xff, 0xff,
    0xff, 0xff, 0xff, 0xff, 0xfc, 0xff, 0xfc, 0xff, 0xfc, 0xff, 0xfc, 0xff,
    0xfc, 0xff, 0xfc, 0xff, 0xfc, 0xff, 0xff, 0xff, 0xff, 0xff, 0xff, 0xff,
    0xff, 0xff, 0x55, 0xa2, 0x54, 0xa2, 0x54, 0xaa, 0x75, 0xa2, 0x54, 0xaa,
    0x74, 0xa2, 0x55, 0xaa, 0x74, 0xa2, 0x55, 0xaa, 0x55, 0xa2, 0x74, 0xa2,
    0x55, 0xa2, 0x55, 0xa2, 0x54, 0xaa, 0x75, 0xa2, 0x54, 0xaa, 0x54, 0xa2,
    0x75, 0xaa, 0x75, 0xa2, 0x54, 0xaa, 0x55, 0xa2, 0x75, 0xaa, 0x54, 0xa2,
    0x55, 0xaa, 0x54, 0xa2, 0x54, 0xa2, 0x55, 0xc2, 0x55, 0xca, 0x55, 0xba,
    0x55, 0xb2, 0x78, 0xbb, 0xff, 0xff, 0xff, 0xff, 0xff, 0xff, 0xff, 0xff,
    0x55, 0xc2, 0x54, 0xc2, 0x55, 0xca, 0x55, 0xc2, 0x54, 0xc2, 0x55, 0xca,
    0x55, 0xc2, 0xff, 0xff, 0xff, 0xff, 0xff, 0xff, 0x3e, 0xff, 0x55, 0xaa,
    0x54, 0xa2, 0x55, 0xa2, 0x55, 0xaa, 0x54, 0xa2, 0x55, 0xa2, 0x74, 0xaa,
    0x54, 0xa2, 0x55, 0xa2, 0x74, 0xaa, 0x54, 0xa2, 0x54, 0xa2, 0x55, 0xaa,
    0x55, 0xa2, 0x74, 0xa2, 0x55, 0xaa, 0x54, 0xa2, 0x54, 0xa2, 0x55, 0xaa,
    0x54, 0xa2, 0x54, 0xa2, 0x55, 0xa2, 0x54, 0xaa, 0x75, 0xa2, 0x55, 0xaa,
    0x54, 0xa2, 0x74, 0xa2, 0x55, 0xaa, 0x54, 0xa2, 0x55, 0xa2, 0x5e, 0xd6,
    0xff, 0xff, 0xff, 0xff, 0xff, 0xff, 0xff, 0xff, 0x54, 0xaa, 0x55, 0xaa,
    0x54, 0xa2, 0x55, 0xaa, 0x54, 0xa2, 0x54, 0xaa, 0x57, 0xaa, 0xff, 0xff,
    0xff, 0xff, 0xff, 0xff, 0x3e, 0xf7, 0x54, 0xaa, 0x75, 0xa2, 0x74, 0xa2,
    0x54, 0xaa, 0x55, 0xa2, 0x55, 0xa2, 0x54, 0xaa, 0x55, 0xa2, 0x55, 0xa2,
    0x54, 0xaa, 0x55, 0xa2, 0x54, 0xa2, 0x54, 0xaa, 0x75, 0xa2, 0x54, 0xa2,
    0x55, 0xaa, 0x75, 0xa2, 0x54, 0xa2, 0x55, 0xaa, 0x75, 0xa2, 0x74, 0xaa,
    0x55, 0xa2, 0x54, 0xa2, 0x74, 0xaa, 0x55, 0xa2, 0x55, 0xaa, 0x54, 0xa2,
    0x74, 0xa2, 0x55, 0xaa, 0x5e, 0xc6, 0xff, 0xff, 0xff, 0xff, 0xff, 0xff,
    0xff, 0xff, 0xff, 0xff, 0x77, 0xb3, 0x54, 0xa2, 0x74, 0xa2, 0x55, 0xaa,
    0x75, 0xa2, 0x74, 0xa2, 0x5e, 0xd6, 0xff, 0xff, 0xff, 0xff, 0xff, 0xff,
    0x76, 0xd4, 0x55, 0xaa, 0x54, 0xa2, 0x55, 0xaa, 0x74, 0xa2, 0x54, 0xaa,
    0x75, 0xa2, 0x54, 0xa2, 0x75, 0xaa, 0x54, 0xa2, 0x55, 0xa2, 0x54, 0xaa,
    0x55, 0xa2, 0x54, 0xaa, 0x55, 0xa2, 0x54, 0xaa, 0x54, 0xa2, 0x75, 0xa2,
    0x54, 0xaa, 0x54, 0xa2, 0x55, 0xa2, 0x54, 0xaa, 0x55, 0xa2, 0x55, 0xa2,
    0x54, 0xaa, 0x74, 0xa2, 0x55, 0xa2, 0x55, 0xaa, 0x54, 0xa2, 0x7a, 0xa3,
    0xff, 0xff, 0xff, 0xff, 0xff, 0xff, 0xff, 0xff, 0xff, 0xff, 0xff, 0xff,
    0x5c, 0xc5, 0x55, 0xaa, 0x54, 0xa2, 0x55, 0xa2, 0x54, 0xaa, 0x78, 0xa3,
    0xff, 0xff, 0xff, 0xff, 0xff, 0xff, 0xff, 0xff, 0x55, 0xb2, 0x54, 0xa2,
    0x55, 0xaa, 0x55, 0xa2, 0x54, 0xa2, 0x55, 0xaa, 0x54, 0xa2, 0x75, 0xaa,
    0x54, 0xa2, 0x54, 0xaa, 0x75, 0xa2, 0x55, 0xa2, 0x54, 0xa2, 0x75, 0xa2,
    0x55, 0xaa, 0x54, 0xa2, 0x75, 0xa2, 0x55, 0xaa, 0x54, 0xaa, 0x75, 0xa2,
    0x54, 0xa2, 0x54, 0xaa, 0x75, 0xa2, 0x55, 0xaa, 0x54, 0xa2, 0x55, 0xa2,
    0x74, 0xaa, 0x55, 0xa2, 0x57, 0xaa, 0x3f, 0xe7, 0xff, 0xff, 0xff, 0xff,
    0xff, 0xff, 0xfe, 0xff, 0xff, 0xff, 0xff, 0xff, 0xff, 0xf7, 0x56, 0xaa,
    0x55, 0xa2, 0x74, 0xa2, 0x58, 0xaa, 0x3f, 0xe7, 0xff, 0xff, 0xff, 0xff,
    0xff, 0xff, 0x58, 0xf6, 0x55, 0xaa, 0x74, 0xa2, 0x54, 0xa2, 0x75, 0xaa,
    0x55, 0xa2, 0x54, 0xa2, 0x55, 0xaa, 0x55, 0xa2, 0x54, 0xa2, 0x55, 0xaa,
    0x74, 0xa2, 0x54, 0xa2, 0x54, 0xa2, 0x55, 0xaa, 0x74, 0xa2, 0x54, 0xa2,
    0x55, 0xaa, 0x54, 0xa2, 0x55, 0xa2, 0x75, 0xaa, 0x54, 0xa2, 0x55, 0xa2,
    0x74, 0xaa, 0x54, 0xa2, 0x55, 0xa2, 0x54, 0xaa, 0x54, 0xa2, 0x74, 0xa2,
    0x5f, 0xc6, 0xff, 0xff, 0xff, 0xff, 0xff, 0xff, 0x3c, 0xff, 0x58, 0xe5,
    0xff, 0xff, 0xff, 0xff, 0xff, 0xff, 0x3f, 0xd7, 0x7a, 0xab, 0x7c, 0xa4,
    0xff, 0xe7, 0xff, 0xff, 0xff, 0xff, 0xff, 0xff, 0x3c, 0xff, 0x55, 0xba,
    0x54, 0xa2, 0x55, 0xaa, 0x54, 0xa2, 0x74, 0xaa, 0x55, 0xa2, 0x74, 0xa2,
    0x74, 0xaa, 0x55, 0xa2, 0x54, 0xa2, 0x75, 0xaa, 0x55, 0xaa, 0x54, 0xa2,
    0x55, 0xa2, 0x54, 0xaa, 0x55, 0xa2, 0x55, 0xa2, 0x74, 0xaa, 0x54, 0xa2,
    0x55, 0xa2, 0x54, 0xaa, 0x55, 0xa2, 0x55, 0xa2, 0x54, 0xaa, 0x75, 0xa2,
    0x55, 0xaa, 0x55, 0xa2, 0x55, 0xaa, 0x5e, 0xbd, 0xff, 0xff, 0xff, 0xff,
    0xff, 0xff, 0xfe, 0xff, 0x75, 0xcb, 0x55, 0xba, 0xfe, 0xff, 0xff, 0xff,
    0xff, 0xff, 0xff, 0xff, 0xff, 0xf7, 0xff, 0xff, 0xff, 0xff, 0xff, 0xff,
    0xff, 0xff, 0xfe, 0xff, 0x75, 0xd3, 0x54, 0xa2, 0x55, 0xa2, 0x55, 0xa2,
    0x54, 0xaa, 0x55, 0xa2, 0x55, 0xa2, 0x54, 0xaa, 0x55, 0xa2, 0x54, 0xaa,
    0x74, 0xa2, 0x55, 0xa2, 0x54, 0xa2, 0x55, 0xaa, 0x54, 0xa2, 0x55, 0xa2,
    0x54, 0xaa, 0x75, 0xa2, 0x54, 0xaa, 0x55, 0xa2, 0x74, 0xa2, 0x54, 0xaa,
    0x75, 0xa2, 0x54, 0xaa, 0x54, 0xa2, 0x75, 0xa2, 0x54, 0xaa, 0x74, 0xa2,
    0x5e, 0xb5, 0xff, 0xff, 0xff, 0xff, 0xff, 0xff, 0xff, 0xff, 0x56, 0xe5,
    0x54, 0xa2, 0x55, 0xa2, 0x74, 0xd3, 0xff, 0xff, 0xff, 0xff, 0xff, 0xff,
    0xff, 0xff, 0xff, 0xff, 0xff, 0xff, 0xff, 0xff, 0xfe, 0xff, 0x75, 0xe4,
    0x54, 0xaa, 0x54, 0xaa, 0x75, 0xa2, 0x74, 0xa2, 0x54, 0xaa, 0x55, 0xa2,
    0x74, 0xaa, 0x55, 0xa2, 0x55, 0xa2, 0x54, 0xaa, 0x55, 0xa2, 0x54, 0xa2,
    0x54, 0xaa, 0x55, 0xa2, 0x54, 0xa2, 0x55, 0xaa, 0x74, 0xa2, 0x54, 0xa2,
    0x55, 0xaa, 0x55, 0xa2, 0x54, 0xaa, 0x75, 0xa2, 0x55, 0xa2, 0x54, 0xaa,
    0x55, 0xa2, 0x54, 0xa2, 0x54, 0xaa, 0x55, 0xa2, 0x3a, 0xff, 0xff, 0xff,
    0xff, 0xff, 0x58, 0xfe, 0x55, 0xba, 0x55, 0xa2, 0x54, 0xa2, 0x54, 0xaa,
    0x55, 0xaa, 0x55, 0xa2, 0x54, 0xc2, 0x75, 0xe4, 0x57, 0xf5, 0x57, 0xf5,
    0x75, 0xd3, 0x55, 0xba, 0x54, 0xa2, 0x55, 0xa2, 0x55, 0xaa, 0x54, 0xa2,
    0x55, 0xaa, 0x54, 0xa2, 0x55, 0xa2, 0x74, 0xaa, 0x54, 0xa2, 0x55, 0xa2,
    0x74, 0xaa, 0x75, 0xa2, 0x55, 0xaa, 0x74, 0xa2, 0x55, 0xa2, 0x54, 0xaa,
    0x55, 0xa2, 0x54, 0xaa, 0x55, 0xa2, 0x74, 0xa2, 0x55, 0xaa, 0x54, 0xa2,
    0x54, 0xa2, 0x55, 0xaa, 0x54, 0xa2, 0x75, 0xa2, 0x55, 0xaa, 0x54, 0xa2,
    0x75, 0xa2, 0x55, 0xaa, 0x54, 0xc2, 0x57, 0xf5, 0x75, 0xe4, 0x54, 0xa2,
    0x55, 0xaa, 0x75, 0xa2, 0x54, 0xaa, 0x55, 0xa2, 0x75, 0xa2, 0x54, 0xaa,
    0x54, 0xaa, 0x55, 0xa2, 0x54, 0xaa, 0x54, 0xa2, 0x55, 0xaa, 0x54, 0xa2,
    0x54, 0xa2, 0x55, 0xaa, 0x74, 0xa2, 0x55, 0xa2, 0x54, 0xaa, 0x55, 0xa2,
    0x75, 0xa2, 0x54, 0xaa, 0x55, 0xa2, 0x54, 0xaa, 0x54, 0xa2, 0x55, 0xa2,
    0x54, 0xaa, 0x55, 0xa2, 0x75, 0xa2, 0x54, 0xaa, 0x54, 0xa2, 0x55, 0xaa,
    0x55, 0xa2, 0x74, 0xaa, 0x55, 0xa2, 0x75, 0xa2, 0x74, 0xaa, 0x55, 0xa2,
    0x54, 0xaa, 0x74, 0xa2, 0x55, 0xaa, 0x54, 0xa2, 0x75, 0xa2, 0x54, 0xaa,
    0x54, 0xa2, 0x75, 0xa2, 0x56, 0xaa, 0x7a, 0xa3, 0x5e, 0xb5, 0x5e, 0xbd,
    0x7c, 0xa4, 0x58, 0xa2, 0x55, 0xa2, 0x74, 0xaa, 0x55, 0xa2, 0x54, 0xa2,
    0x74, 0xaa, 0x55, 0xa2, 0x54, 0xa2, 0x75, 0xaa, 0x55, 0xa2, 0x54, 0xaa,
    0x74, 0xa2, 0x55, 0xa2, 0x54, 0xaa, 0x74, 0xa2, 0x55, 0xaa, 0x55, 0xa2,
    0x74, 0xa2, 0x55, 0xaa, 0x55, 0xa2, 0x74, 0xa2, 0x54, 0xaa, 0x55, 0xa2,
    0x54, 0xa2, 0x55, 0xa2, 0x54, 0xa2, 0x75, 0xa2, 0x54, 0xaa, 0x54, 0xa2,
    0x55, 0xa2, 0x54, 0xaa, 0x55, 0xa2, 0x55, 0xa2, 0x54, 0xaa, 0x55, 0xa2,
    0x54, 0xa2, 0x55, 0xaa, 0x54, 0xa2, 0x75, 0xaa, 0x55, 0xa2, 0x7a, 0xab,
    0x3f, 0xd7, 0xff, 0xf7, 0xff, 0xff, 0xff, 0xff, 0xff, 0xff, 0xff, 0xe7,
    0x5e, 0xbd, 0x55, 0xa2, 0x74, 0xa2, 0x55, 0xaa, 0x55, 0xa2, 0x74, 0xa2,
    0x55, 0xaa, 0x54, 0xa2, 0x75, 0xa2, 0x54, 0xaa, 0x55, 0xa2, 0x55, 0xa2,
    0x74, 0xaa, 0x55, 0xa2, 0x54, 0xa2, 0x54, 0xaa, 0x55, 0xa2, 0x74, 0xa2,
    0x55, 0xaa, 0x54, 0xa2, 0x75, 0xaa, 0x54, 0xaa, 0x54, 0xa2, 0x55, 0xaa,
    0x55, 0xa2, 0x54, 0xaa, 0x55, 0xa2, 0x55, 0xa2, 0x74, 0xaa, 0x54, 0xaa,
    0x55, 0xa2, 0x74, 0xa2, 0x54, 0xaa, 0x75, 0xa2, 0x75, 0xa2, 0x54, 0xaa,
    0x54, 0xa2, 0x55, 0xa2, 0x7a, 0xab, 0xff, 0xf7, 0xff, 0xff, 0xff, 0xff,
    0xff, 0xff, 0xff, 0xff, 0xff, 0xff, 0xff, 0xff, 0xff, 0xff, 0x5e, 0xc6,
    0x54, 0xaa, 0x55, 0xa2, 0x54, 0xa2, 0x75, 0xaa, 0x54, 0xaa, 0x54, 0xa2,
    0x55, 0xa2, 0x74, 0xaa, 0x55, 0xa2, 0x54, 0xaa, 0x55, 0xa2, 0x55, 0xa2,
    0x74, 0xaa, 0x55, 0xa2, 0x54, 0xaa, 0x55, 0xa2, 0x54, 0xa2, 0x55, 0xaa,
    0x55, 0xa2, 0x74, 0xa2, 0x55, 0xa2, 0x54, 0xaa, 0x54, 0xa2, 0x54, 0xaa,
    0x75, 0xa2, 0x54, 0xa2, 0x55, 0xaa, 0x75, 0xa2, 0x54, 0xa2, 0x55, 0xaa,
    0x54, 0xa2, 0x54, 0xaa, 0x55, 0xa2, 0x74, 0xaa, 0x55, 0xa2, 0x56, 0xa2,
    0xff, 0xf7, 0xff, 0xff, 0xff, 0xff, 0xff, 0xff, 0xfe, 0xff, 0xfc, 0xff,
    0xfe, 0xff, 0xff, 0xff, 0xff, 0xff, 0xff, 0xff, 0x7c, 0xb4, 0x54, 0xaa,
    0x55, 0xa2, 0x55, 0xa2, 0x74, 0xa2, 0x55, 0xaa, 0x55, 0xa2, 0x54, 0xa2,
    0x74, 0xaa, 0x55, 0xa2, 0x54, 0xa2, 0x74, 0xaa, 0x55, 0xa2, 0x55, 0xa2,
    0x74, 0xaa, 0x54, 0xa2, 0x75, 0xa2, 0x54, 0xaa, 0x54, 0xa2, 0x75, 0xa2,
    0x55, 0xaa, 0x54, 0xa2, 0x55, 0xa2, 0x54, 0xa2, 0x75, 0xaa, 0x54, 0xa2,
    0x54, 0xa2, 0x55, 0xaa, 0x54, 0xa2, 0x75, 0xa2, 0x55, 0xaa, 0x54, 0xa2,
    0x55, 0xa2, 0x55, 0xaa, 0x74, 0xa2, 0x5c, 0xc5, 0xff, 0xff, 0xff, 0xff,
    0xff, 0xff, 0xfe, 0xff, 0x75, 0xd3, 0x54, 0xc2, 0x75, 0xd3, 0x3a, 0xff,
    0xff, 0xff, 0xff, 0xff, 0xff, 0xf7, 0x78, 0xab, 0x55, 0xa2, 0x54, 0xa2,
    0x54, 0xaa, 0x75, 0xa2, 0x54, 0xaa, 0x55, 0xa2, 0x55, 0xa2, 0x54, 0xaa,
    0x75, 0xa2, 0x54, 0xaa, 0x54, 0xa2, 0x55, 0xa2, 0x55, 0xaa, 0x74, 0xa2,
    0x55, 0xaa, 0x55, 0xa2, 0x54, 0xa2, 0x54, 0xaa, 0x55, 0xa2, 0x54, 0xa2,
    0x54, 0xa2, 0x55, 0xaa, 0x55, 0xa2, 0x54, 0xaa, 0x75, 0xa2, 0x54, 0xa2,
    0x54, 0xaa, 0x75, 0xa2, 0x54, 0xa2, 0x54, 0xaa, 0x75, 0xa2, 0x54, 0xa2,
    0x55, 0xaa, 0x3f, 0xf7, 0xff, 0xff, 0xff, 0xff, 0xff, 0xff, 0x77, 0xd4,
    0x54, 0xaa, 0x55, 0xaa, 0x54, 0xa2, 0x55, 0xba, 0x3c, 0xff, 0xff, 0xff,
    0xff, 0xff, 0x3f, 0xe7, 0x77, 0xaa, 0x54, 0xa2, 0x57, 0xa2, 0x58, 0xaa,
    0x78, 0xa2, 0x57, 0xa2, 0x54, 0xaa, 0x75, 0xa2, 0x55, 0xa2, 0x54, 0xaa,
    0x75, 0xa2, 0x54, 0xaa, 0x54, 0xa2, 0x55, 0xa2, 0x54, 0xaa, 0x75, 0xa2,
    0x55, 0xaa, 0x74, 0xa2, 0x55, 0xa2, 0x55, 0xaa, 0x54, 0xa2, 0x55, 0xa2,
    0x74, 0xaa, 0x55, 0xa2, 0x55, 0xaa, 0x54, 0xa2, 0x55, 0xaa, 0x55, 0xa2,
    0x54, 0xa2, 0x75, 0xaa, 0x54, 0xa2, 0x55, 0xa2, 0x54, 0xaa, 0xff, 0xff,
    0xff, 0xff, 0xff, 0xff, 0xff, 0xff, 0x54, 0xa2, 0x55, 0xaa, 0x74, 0xa2,
    0x55, 0xa2, 0x54, 0xaa, 0x75, 0xd3, 0xff, 0xff, 0xff, 0xff, 0xff, 0xff,
    0x5e, 0xc5, 0x5e, 0xbd, 0x3f, 0xd7, 0xff, 0xe7, 0xff, 0xe7, 0x3f, 0xd7,
    0x7c, 0xac, 0x54, 0xa2, 0x54, 0xa2, 0x55, 0xaa, 0x55, 0xa2, 0x74, 0xa2,
    0x55, 0xaa, 0x54, 0xa2, 0x74, 0xa2, 0x55, 0xaa, 0x54, 0xa2, 0x54, 0xaa,
    0x75, 0xa2, 0x54, 0xa2, 0x55, 0xa2, 0x54, 0xaa, 0x74, 0xa2, 0x55, 0xa2,
    0x54, 0xa2, 0x74, 0xaa, 0x55, 0xa2, 0x54, 0xaa, 0x75, 0xa2, 0x55, 0xaa,
    0x54, 0xa2, 0x75, 0xaa, 0x55, 0xa2, 0xff, 0xff, 0xff, 0xff, 0xff, 0xff,
    0xff, 0xff, 0x55, 0xa2, 0x54, 0xa2, 0x75, 0xaa, 0x54, 0xa2, 0x55, 0xa2,
    0x54, 0xa2, 0x58, 0xf6, 0xff, 0xff, 0xff, 0xff, 0xff, 0xff, 0xff, 0xff,
    0xff, 0xff, 0xff, 0xff, 0xff, 0xff, 0xff, 0xff, 0xff, 0xff, 0x5f, 0xc6,
    0x57, 0xaa, 0x54, 0xa2, 0x54, 0xa2, 0x75, 0xaa, 0x55, 0xa2, 0x54, 0xaa,
    0x55, 0xa2, 0x55, 0xa2, 0x54, 0xaa, 0x55, 0xa2, 0x54, 0xaa, 0x54, 0xa2,
    0x54, 0xa2, 0x55, 0xaa, 0x55, 0xa2, 0x54, 0xa2, 0x75, 0xaa, 0x55, 0xa2,
    0x54, 0xa2, 0x74, 0xa2, 0x55, 0xaa, 0x54, 0xa2, 0x54, 0xa2, 0x54, 0xaa,
    0x75, 0xa2, 0xfe, 0xff, 0xff, 0xff, 0xff, 0xff, 0xff, 0xff, 0x57, 0xaa,
    0x54, 0xa2, 0x54, 0xaa, 0x75, 0xa2, 0x55, 0xaa, 0x7a, 0xab, 0x5f, 0xc6,
    0xff, 0xff, 0xff, 0xff, 0xff, 0xff, 0xff, 0xff, 0xff, 0xff, 0xff, 0xff,
    0xff, 0xff, 0xff, 0xff, 0xff, 0xff, 0xff, 0xff, 0x7c, 0xc5, 0x55, 0xaa,
    0x54, 0xa2, 0x55, 0xa2, 0x74, 0xaa, 0x54, 0xa2, 0x55, 0xa2, 0x74, 0xaa,
    0x75, 0xa2, 0x55, 0xa2, 0x54, 0xaa, 0x75, 0xa2, 0x54, 0xa2, 0x55, 0xa2,
    0x74, 0xaa, 0x54, 0xaa, 0x55, 0xa2, 0x55, 0xaa, 0x54, 0xa2, 0x55, 0xa2,
    0x54, 0xaa, 0x75, 0xa2, 0x55, 0xa2, 0x54, 0xaa, 0x54, 0xa2, 0x3c, 0xf7,
    0xff, 0xff, 0xff, 0xff, 0xff, 0xff, 0x7a, 0xb4, 0x55, 0xaa, 0x54, 0xa2,
    0x7a, 0xa3, 0x5f, 0xc6, 0xff, 0xf7, 0xff, 0xff, 0xff, 0xff, 0xff, 0xff,
    0xff, 0xff, 0xff, 0xff, 0x3c, 0xff, 0x75, 0xe4, 0x74, 0xe4, 0xff, 0xff,
    0xff, 0xff, 0xff, 0xff, 0xff, 0xf7, 0x55, 0xaa, 0x54, 0xa2, 0x75, 0xa2,
    0x55, 0xaa, 0x54, 0xa2, 0x55, 0xaa, 0x54, 0xa2, 0x74, 0xa2, 0x55, 0xaa,
    0x54, 0xa2, 0x55, 0xa2, 0x55, 0xa2, 0x54, 0xa2, 0x75, 0xaa, 0x54, 0xa2,
    0x54, 0xa2, 0x74, 0xaa, 0x75, 0xaa, 0x54, 0xa2, 0x55, 0xa2, 0x74, 0xaa,
    0x55, 0xa2, 0x55, 0xa2, 0x54, 0xaa, 0x77, 0xd4, 0xff, 0xff, 0xff, 0xff,
    0xff, 0xff, 0x3e, 0xe7, 0x78, 0xa2, 0x5f, 0xc6, 0xff, 0xf7, 0xff, 0xff,
    0xff, 0xff, 0xff, 0xff, 0xff, 0xff, 0xfc, 0xff, 0xff, 0xff, 0xff, 0xff,
    0xff, 0xe7, 0x7a, 0xab, 0x57, 0xa2, 0xff, 0xff, 0xff, 0xff, 0xff, 0xff,
    0xff, 0xff, 0x54, 0xa2, 0x75, 0xaa, 0x54, 0xa2, 0x54, 0xa2, 0x75, 0xaa,
    0x55, 0xa2, 0x54, 0xa2, 0x55, 0xaa, 0x54, 0xa2, 0x54, 0xa2, 0x55, 0xaa,
    0x54, 0xaa, 0x55, 0xa2, 0x55, 0xa2, 0x55, 0xa2, 0x54, 0xa2, 0x55, 0xa2,
    0x55, 0xaa, 0x54, 0xa2, 0x54, 0xa2, 0x55, 0xaa, 0x74, 0xa2, 0x55, 0xa2,
    0x55, 0xaa, 0x54, 0xa2, 0x75, 0xd3, 0xff, 0xff, 0xff, 0xff, 0xff, 0xff,
    0xff, 0xff, 0xff, 0xff, 0xff, 0xff, 0xff, 0xff, 0x59, 0xf5, 0x55, 0xc2,
    0x54, 0xaa, 0x55, 0xa2, 0x55, 0xb2, 0x3a, 0xff, 0xff, 0xff, 0xff, 0xff,
    0xff, 0xff, 0xff, 0xff, 0xff, 0xff, 0xff, 0xff, 0x77, 0xd4, 0x54, 0xaa,
    0x55, 0xa2, 0x54, 0xaa, 0x54, 0xa2, 0x75, 0xa2, 0x54, 0xaa, 0x55, 0xa2,
    0x75, 0xaa, 0x74, 0xa2, 0x55, 0xa2, 0x54, 0xaa, 0x54, 0xa2, 0x54, 0xaa,
    0x75, 0xaa, 0x54, 0xaa, 0x75, 0xa2, 0x54, 0xa2, 0x55, 0xaa, 0x75, 0xa2,
    0x54, 0xaa, 0x55, 0xa2, 0x54, 0xaa, 0x74, 0xa2, 0x7c, 0xac, 0xff, 0xe7,
    0xff, 0xff, 0xff, 0xff, 0xff, 0xff, 0xff, 0xff, 0xff, 0xff, 0xff, 0xff,
    0xff, 0xff, 0xff, 0xff, 0xff, 0xff, 0xff, 0xff, 0x3f, 0xe7, 0x54, 0xaa,
    0x55, 0xa2, 0x55, 0xaa, 0x54, 0xa2, 0x55, 0xc2, 0x75, 0xd3, 0x74, 0xd3,
    0x54, 0xca, 0x55, 0xa2, 0x54, 0xaa, 0x55, 0xa2, 0x75, 0xa2, 0x55, 0xaa,
    0x54, 0xa2, 0x55, 0xaa, 0x54, 0xa2, 0x54, 0xa2, 0x55, 0xaa, 0x54, 0xa2,
    0x75, 0xa2, 0x55, 0xa2, 0x55, 0xa2, 0x54, 0xa2, 0x54, 0xa2, 0x75, 0xaa,
    0x54, 0xa2, 0x54, 0xaa, 0x75, 0xa2, 0x54, 0xa2, 0x55, 0xaa, 0x74, 0xa2,
    0x55, 0xa2, 0x55, 0xaa, 0xff, 0xf7, 0xff, 0xff, 0xff, 0xff, 0xff, 0xff,
    0xff, 0xff, 0x58, 0xfe, 0x59, 0xfe, 0xfe, 0xff, 0xff, 0xff, 0xff, 0xff,
    0xff, 0xff, 0xff, 0xff, 0x3c, 0xff, 0x54, 0xa2, 0x74, 0xaa, 0x55, 0xa2,
    0x54, 0xaa, 0x54, 0xaa, 0x55, 0xa2, 0x55, 0xaa, 0x54, 0xa2, 0x55, 0xa2,
    0x74, 0xaa, 0x54, 0xa2, 0x55, 0xa2, 0x74, 0xaa, 0x55, 0xa2, 0x55, 0xa2,
    0x74, 0xaa, 0x75, 0xa2, 0x54, 0xaa, 0x54, 0xaa, 0x55, 0xa2, 0x54, 0xaa,
    0x55, 0xa2, 0x55, 0xa2, 0x54, 0xaa, 0x55, 0xa2, 0x55, 0xa2, 0x54, 0xaa,
    0x54, 0xa2, 0x55, 0xa2, 0x54, 0xaa, 0x74, 0xa2, 0x55, 0xa2, 0x54, 0xa2,
    0x3c, 0xff, 0xff, 0xff, 0xff, 0xff, 0x3a, 0xff, 0x75, 0xe4, 0x54, 0xaa,
    0x55, 0xaa, 0x75, 0xd3, 0x56, 0xf5, 0x58, 0xfe, 0x58, 0xfe, 0x59, 0xfe,
    0x75, 0xd3, 0x54, 0xaa, 0x55, 0xa2, 0x75, 0xa2, 0x54, 0xa2, 0x74, 0xaa,
    0x55, 0xa2, 0x54, 0xa2, 0x75, 0xaa, 0x55, 0xa2, 0x54, 0xa2, 0x54, 0xaa,
    0x55, 0xa2, 0x54, 0xa2, 0x74, 0xaa, 0x55, 0xa2, 0x54, 0xa2, 0x55, 0xaa,
    0x55, 0xa2, 0x74, 0xa2, 0x55, 0xa2, 0x54, 0xaa, 0x54, 0xa2, 0x74, 0xaa,
    0x75, 0xa2, 0x54, 0xa2, 0x75, 0xaa, 0x55, 0xa2, 0x74, 0xa2, 0x55, 0xaa,
    0x55, 0xa2, 0x54, 0xaa, 0x55, 0xaa, 0x54, 0xa2, 0x74, 0xc2, 0x57, 0xf5,
    0x74, 0xe4, 0x55, 0xba, 0x54, 0xa2, 0x55, 0xa2, 0x54, 0xa2, 0x54, 0xaa,
    0x55, 0xa2, 0x55, 0xaa, 0x54, 0xaa, 0x55, 0xa2, 0x54, 0xa2, 0x55, 0xaa,
    0x54, 0xa2, 0x55, 0xa2, 0x55, 0xaa, 0x74, 0xa2, 0x55, 0xa2, 0x54, 0xaa,
    0x74, 0xa2, 0x55, 0xaa, 0x55, 0xa2, 0x74, 0xaa, 0x55, 0xa2, 0x55, 0xa2,
    0x54, 0xaa, 0x74, 0xa2, 0x55, 0xa2, 0x54, 0xaa, 0x55, 0xa2, 0x74, 0xa2,
    0x55, 0xaa, 0x55, 0xa2, 0x54, 0xa2, 0x55, 0xaa, 0x54, 0xa2, 0x54, 0xa2,
    0x55, 0xaa, 0x74, 0xa2, 0x54, 0xaa, 0x55, 0xa2, 0x74, 0xa2, 0x55, 0xa2,
    0x55, 0xaa, 0x75, 0xa2, 0x54, 0xaa, 0x55, 0xa2, 0x55, 0xa2, 0x58, 0xaa,
    0x7a, 0xa3, 0x58, 0xa2, 0x58, 0xaa, 0x58, 0xa2, 0x79, 0xa2, 0x57, 0xa2,
    0x56, 0xaa, 0x56, 0xa2, 0x77, 0xa2, 0x56, 0xaa, 0x76, 0xa2, 0x57, 0xaa,
    0x56, 0xa2, 0x58, 0xa2, 0x59, 0xaa, 0x58, 0xa2, 0x58, 0xa2, 0x57, 0xaa,
    0x74, 0xa2, 0x54, 0xa2, 0x55, 0xaa, 0x75, 0xa2, 0x54, 0xaa, 0x55, 0xa2,
    0x74, 0xaa, 0x55, 0xa2, 0x54, 0xa2, 0x54, 0xaa, 0x55, 0xa2, 0x54, 0xa2,
    0x55, 0xa2, 0x55, 0xaa, 0x54, 0xa2, 0x55, 0xaa, 0x55, 0xa2, 0x54, 0xa2,
    0x55, 0xaa, 0x54, 0xa2, 0x74, 0xa2, 0x54, 0xaa, 0x55, 0xa2, 0x54, 0xa2,
    0x54, 0xaa, 0x55, 0xaa, 0x7c, 0xa4, 0xff, 0xe7, 0xff, 0xf7, 0xff, 0xe7,
    0xff, 0xe7, 0xff, 0xe7, 0xff, 0xe7, 0x3f, 0xd7, 0x3f, 0xd7, 0x3f, 0xd7,
    0x3f, 0xd7, 0x3f, 0xd7, 0x3f, 0xd7, 0x3f, 0xd7, 0x3f, 0xd7, 0xff, 0xe7,
    0xff, 0xe7, 0xff, 0xe7, 0xff, 0xe7, 0x3f, 0xd7, 0x78, 0xab, 0x55, 0xa2,
    0x54, 0xa2, 0x74, 0xaa, 0x55, 0xa2, 0x55, 0xa2, 0x54, 0xaa, 0x75, 0xa2,
    0x55, 0xaa, 0x54, 0xa2, 0x74, 0xa2, 0x55, 0xaa, 0x54, 0xa2, 0x74, 0xa2,
    0x75, 0xaa, 0x54, 0xa2, 0x74, 0xa2, 0x55, 0xaa, 0x55, 0xa2, 0x75, 0xaa,
    0x55, 0xaa, 0x54, 0xa2, 0x75, 0xa2, 0x54, 0xaa, 0x55, 0xa2, 0x74, 0xa2,
    0x3f, 0xf7, 0xff, 0xff, 0xff, 0xff, 0xff, 0xff, 0xff, 0xff, 0xff, 0xff,
    0xff, 0xff, 0xff, 0xff, 0xff, 0xff, 0xff, 0xff, 0xff, 0xff, 0xff, 0xff,
    0xff, 0xff, 0xff, 0xff, 0xff, 0xff, 0xff, 0xff, 0xff, 0xff, 0xff, 0xff,
    0xff, 0xff, 0xff, 0xff, 0x3f, 0xe7, 0x55, 0xaa, 0x54, 0xa2, 0x54, 0xa2,
    0x55, 0xaa, 0x54, 0xa2, 0x54, 0xa2, 0x55, 0xaa, 0x75, 0xa2, 0x54, 0xa2,
    0x55, 0xaa, 0x54, 0xa2, 0x54, 0xa2, 0x55, 0xaa, 0x55, 0xa2, 0x54, 0xa2,
    0x55, 0xaa, 0x74, 0xa2, 0x54, 0xa2, 0x55, 0xa2, 0x54, 0xaa, 0x55, 0xa2,
    0x74, 0xa2, 0x55, 0xaa, 0x55, 0xa2, 0x54, 0xa2, 0x3f, 0xf7, 0xff, 0xff,
    0xff, 0xff, 0xff, 0xff, 0xff, 0xff, 0xff, 0xff, 0xff, 0xff, 0xff, 0xff,
    0xff, 0xff, 0xff, 0xff, 0xff, 0xff, 0xff, 0xff, 0xff, 0xff, 0xff, 0xff,
    0xff, 0xff, 0xff, 0xff, 0xff, 0xff, 0xff, 0xff, 0xff, 0xff, 0xff, 0xff,
    0x3f, 0xe7, 0x55, 0xaa, 0x75, 0xa2, 0x54, 0xa2, 0x75, 0xaa, 0x75, 0xa2,
    0x54, 0xa2, 0x54, 0xaa, 0x54, 0xa2, 0x75, 0xaa, 0x55, 0xa2, 0x54, 0xa2,
    0x55, 0xa2, 0x54, 0xaa, 0x55, 0xa2, 0x55, 0xaa, 0x54, 0xa2, 0x55, 0xaa,
    0x74, 0xa2, 0x54, 0xa2, 0x55, 0xaa, 0x74, 0xa2, 0x54, 0xa2, 0x55, 0xaa,
    0x74, 0xaa, 0x78, 0xa3, 0xff, 0xff, 0xff, 0xff, 0xff, 0xff, 0xff, 0xff,
    0xff, 0xff, 0xff, 0xff, 0xff, 0xff, 0xff, 0xff, 0xff, 0xff, 0xff, 0xff,
    0xff, 0xff, 0xff, 0xff, 0xff, 0xff, 0xff, 0xff, 0xff, 0xff, 0xff, 0xff,
    0xff, 0xff, 0xff, 0xff, 0xff, 0xff, 0xff, 0xff, 0xfe, 0xff, 0x54, 0xa2,
    0x55, 0xaa, 0x54, 0xa2, 0x54, 0xaa, 0x55, 0xa2, 0x55, 0xaa, 0x74, 0xa2,
    0x55, 0xa2, 0x54, 0xaa, 0x54, 0xa2, 0x55, 0xa2, 0x54, 0xa2, 0x74, 0xa2,
    0x74, 0xaa, 0x55, 0xa2, 0x54, 0xa2, 0x75, 0xaa, 0x55, 0xaa, 0x54, 0xa2,
    0x55, 0xa2, 0x55, 0xaa, 0x54, 0xa2, 0x55, 0xa2, 0x55, 0xaa, 0x5c, 0xd6,
    0xff, 0xff, 0xff, 0xff, 0xff, 0xff, 0x3c, 0xff, 0x59, 0xfe, 0x58, 0xfe,
    0x58, 0xfe, 0x59, 0xfe, 0x58, 0xfe, 0x58, 0xfe, 0x59, 0xfe, 0x58, 0xfe,
    0x58, 0xfe, 0x59, 0xfe, 0x58, 0xfe, 0x58, 0xfe, 0x59, 0xfe, 0xff, 0xff,
    0xff, 0xff, 0xff, 0xff, 0x58, 0xf6, 0x55, 0xaa, 0x54, 0xa2, 0x75, 0xa2,
    0x54, 0xa2, 0x55, 0xaa, 0x54, 0xa2, 0x75, 0xa2, 0x55, 0xaa, 0x54, 0xa2,
    0x75, 0xaa, 0x54, 0xa2, 0x55, 0xa2, 0x55, 0xaa, 0x54, 0xa2, 0x54, 0xa2,
    0x75, 0xa2, 0x54, 0xa2, 0x55, 0xaa, 0x74, 0xa2, 0x54, 0xa2, 0x75, 0xaa,
    0x54, 0xa2, 0x54, 0xa2, 0x55, 0xa2, 0x3f, 0xf7, 0xff, 0xff, 0xff, 0xff,
    0xff, 0xff, 0x77, 0xcb, 0x55, 0xaa, 0x55, 0xa2, 0x54, 0xaa, 0x55, 0xaa,
    0x55, 0xaa, 0x54, 0xaa, 0x55, 0xaa, 0x55, 0xaa, 0x54, 0xaa, 0x55, 0xaa,
    0x55, 0xaa, 0x54, 0xa2, 0x7a, 0xbc, 0xff, 0xff, 0xff, 0xff, 0xff, 0xff,
    0x55, 0xba, 0x54, 0xa2, 0x75, 0xa2, 0x55, 0xaa, 0x54, 0xa2, 0x74, 0xaa,
    0x55, 0xa2, 0x54, 0xaa, 0x54, 0xa2, 0x55, 0xa2, 0x75, 0xaa, 0x54, 0xa2,
    0x54, 0xa2, 0x55, 0xaa, 0x55, 0xa2, 0x54, 0xaa, 0x55, 0xaa, 0x54, 0xa2,
    0x55, 0xa2, 0x55, 0xaa, 0x74, 0xa2, 0x55, 0xaa, 0x75, 0xaa, 0x54, 0xa2,
    0x54, 0xaa, 0xff, 0xff, 0xff, 0xff, 0xff, 0xff, 0xff, 0xff, 0x54, 0xa2,
    0x54, 0xa2, 0x55, 0xa2, 0x54, 0xa2, 0x54, 0xa2, 0x55, 0xa2, 0x54, 0xa2,
    0x55, 0xa2, 0x54, 0xa2, 0x54, 0xa2, 0x55, 0xa2, 0x55, 0xa2, 0x78, 0xbb,
    0xff, 0xff, 0xff, 0xff, 0xff, 0xff, 0x75, 0xb3, 0x54, 0xa2, 0x54, 0xaa,
    0x55, 0xa2, 0x54, 0xaa, 0x55, 0xa2, 0x75, 0xa2, 0x54, 0xaa, 0x55, 0xa2,
    0x74, 0xa2, 0x55, 0xaa, 0x54, 0xa2, 0x55, 0xa2, 0x54, 0xa2, 0x74, 0xa2,
    0x55, 0xaa, 0x75, 0xa2, 0x54, 0xa2, 0x74, 0xaa, 0x55, 0xa2, 0x54, 0xa2,
    0x54, 0xaa, 0x55, 0xa2, 0x55, 0xa2, 0x74, 0xaa, 0x55, 0xa2, 0xff, 0xff,
    0xff, 0xff, 0xff, 0xff, 0xff, 0xff, 0x55, 0xaa, 0x54, 0xa2, 0x75, 0xaa,
    0x55, 0xaa, 0x74, 0xa2, 0x55, 0xa2, 0x54, 0xaa, 0x75, 0xa2, 0x55, 0xa2,
    0x54, 0xa2, 0x74, 0xa2, 0x55, 0xaa, 0x3f, 0xe7, 0xff, 0xff, 0xff, 0xff,
    0x3c, 0xff, 0x55, 0xaa, 0x54, 0xa2, 0x75, 0xa2, 0x54, 0xaa, 0x54, 0xa2,
    0x75, 0xa2, 0x54, 0xaa, 0x55, 0xa2, 0x54, 0xa2, 0x75, 0xaa, 0x54, 0xa2,
    0x54, 0xaa, 0x55, 0xa2, 0x55, 0xa2, 0x54, 0xaa, 0x54, 0xa2, 0x55, 0xa2,
    0x74, 0xaa, 0x55, 0xa2, 0x55, 0xa2, 0x74, 0xaa, 0x54, 0xa2, 0x55, 0xa2,
    0x54, 0xa2, 0x55, 0xaa, 0x75, 0xa2, 0x3e, 0xff, 0xff, 0xff, 0xff, 0xff,
    0xff, 0xff, 0x77, 0xa3, 0x54, 0xaa, 0x54, 0xa2, 0x75, 0xa2, 0x55, 0xaa,
    0x54, 0xaa, 0x74, 0xa2, 0x55, 0xaa, 0x55, 0xaa, 0x54, 0xaa, 0x55, 0xa2,
    0x7a, 0xb4, 0xff, 0xff, 0xff, 0xff, 0xff, 0xff, 0x77, 0xd4, 0x54, 0xaa,
    0x55, 0xa2, 0x75, 0xa2, 0x54, 0xaa, 0x55, 0xa2, 0x54, 0xa2, 0x55, 0xaa,
    0x54, 0xa2, 0x75, 0xaa, 0x55, 0xa2, 0x54, 0xa2, 0x55, 0xaa, 0x74, 0xa2,
    0x55, 0xa2, 0x55, 0xaa, 0x54, 0xa2, 0x55, 0xa2, 0x54, 0xaa, 0x55, 0xa2,
    0x54, 0xaa, 0x75, 0xa2, 0x55, 0xaa, 0x74, 0xa2, 0x54, 0xaa, 0x54, 0xa2,
    0x55, 0xa2, 0x5c, 0xf6, 0xff, 0xff, 0xff, 0xff, 0xff, 0xff, 0x5c, 0xc5,
    0x55, 0xa2, 0x54, 0xa2, 0x54, 0xa2, 0x55, 0xaa, 0x54, 0xa2, 0x55, 0xa2,
    0x74, 0xa2, 0x54, 0xa2, 0x55, 0xaa, 0x76, 0xa2, 0x3f, 0xe7, 0xff, 0xff,
    0xff, 0xff, 0x3c, 0xff, 0x54, 0xa2, 0x55, 0xa2, 0x54, 0xaa, 0x54, 0xa2,
    0x75, 0xaa, 0x55, 0xa2, 0x74, 0xaa, 0x55, 0xa2, 0x54, 0xa2, 0x54, 0xaa,
    0x55, 0xa2, 0x54, 0xa2, 0x75, 0xaa, 0x55, 0xa2, 0x54, 0xa2, 0x74, 0xa2,
    0x75, 0xaa, 0x54, 0xa2, 0x55, 0xa2, 0x74, 0xaa, 0x54, 0xa2, 0x55, 0xa2,
    0x55, 0xaa, 0x54, 0xa2, 0x75, 0xa2, 0x55, 0xaa, 0x54, 0xaa, 0x76, 0xd4,
    0xff, 0xff, 0xff, 0xff, 0xff, 0xff, 0xff, 0xf7, 0x78, 0xab, 0x75, 0xaa,
    0x55, 0xa2, 0x74, 0xa2, 0x55, 0xaa, 0x55, 0xa2, 0x54, 0xa2, 0x75, 0xaa,
    0x57, 0xa2, 0x3f, 0xd7, 0xff, 0xff, 0xff, 0xff, 0xff, 0xff, 0x75, 0xd3,
    0x54, 0xaa, 0x55, 0xa2, 0x55, 0xa2, 0x54, 0xaa, 0x55, 0xa2, 0x54, 0xa2,
    0x75, 0xaa, 0x54, 0xa2, 0x55, 0xa2, 0x75, 0xaa, 0x54, 0xa2, 0x54, 0xaa,
    0x55, 0xa2, 0x54, 0xa2, 0x54, 0xa2, 0x55, 0xaa, 0x55, 0xa2, 0x54, 0xaa,
    0x75, 0xa2, 0x55, 0xa2, 0x54, 0xaa, 0x54, 0xa2, 0x75, 0xa2, 0x54, 0xaa,
    0x55, 0xa2, 0x55, 0xa2, 0x54, 0xaa, 0x55, 0xa2, 0xfe, 0xff, 0xff, 0xff,
    0xff, 0xff, 0xff, 0xff, 0xff, 0xe7, 0x7c, 0xac, 0x57, 0xa2, 0x54, 0xa2,
    0x74, 0xaa, 0x55, 0xa2, 0x54, 0xaa, 0x7a, 0xa3, 0x3f, 0xd7, 0xff, 0xff,
    0xff, 0xff, 0xff, 0xff, 0x57, 0xf5, 0x54, 0xaa, 0x55, 0xa2, 0x74, 0xaa,
    0x74, 0xa2, 0x55, 0xa2, 0x54, 0xaa, 0x54, 0xa2, 0x55, 0xa2, 0x74, 0xaa,
    0x54, 0xa2, 0x55, 0xa2, 0x75, 0xaa, 0x54, 0xa2, 0x54, 0xa2, 0x55, 0xaa,
    0x55, 0xa2, 0x54, 0xa2, 0x54, 0xaa, 0x55, 0xa2, 0x54, 0xaa, 0x75, 0xa2,
    0x55, 0xaa, 0x54, 0xa2, 0x74, 0xa2, 0x55, 0xaa, 0x54, 0xa2, 0x74, 0xa2,
    0x55, 0xa2, 0x54, 0xaa, 0x77, 0xe4, 0xff, 0xff, 0xff, 0xff, 0xff, 0xff,
    0xff, 0xff, 0xff, 0xff, 0x3f, 0xd7, 0x5e, 0xbd, 0x7c, 0xa4, 0x5e, 0xb5,
    0x5f, 0xc6, 0xff, 0xf7, 0xff, 0xff, 0xff, 0xff, 0xff, 0xff, 0x58, 0xfe,
    0x54, 0xaa, 0x55, 0xa2, 0x54, 0xa2, 0x55, 0xaa, 0x55, 0xa2, 0x74, 0xa2,
    0x55, 0xaa, 0x75, 0xa2, 0x54, 0xaa, 0x55, 0xa2, 0x54, 0xaa, 0x54, 0xa2,
    0x75, 0xa2, 0x55, 0xaa, 0x74, 0xa2, 0x55, 0xa2, 0x54, 0xa2, 0x75, 0xaa,
    0x75, 0xa2, 0x54, 0xa2, 0x54, 0xa2, 0x54, 0xaa, 0x55, 0xa2, 0x55, 0xa2,
    0x54, 0xaa, 0x55, 0xa2, 0x74, 0xaa, 0x55, 0xaa, 0x54, 0xa2, 0x74, 0xa2,
    0x55, 0xaa, 0x56, 0xf5, 0xff, 0xff, 0xff, 0xff, 0xff, 0xff, 0xff, 0xff,
    0xff, 0xff, 0xff, 0xff, 0xff, 0xff, 0xff, 0xff, 0xff, 0xff, 0xff, 0xff,
    0xff, 0xff, 0xff, 0xff, 0x58, 0xfe, 0x55, 0xba, 0x55, 0xa2, 0x54, 0xa2,
    0x75, 0xaa, 0x54, 0xa2, 0x54, 0xaa, 0x55, 0xa2, 0x54, 0xa2, 0x55, 0xaa,
    0x74, 0xa2, 0x55, 0xa2, 0x55, 0xaa, 0x74, 0xa2, 0x55, 0xaa, 0x54, 0xa2,
    0x54, 0xaa, 0x55, 0xa2, 0x54, 0xa2, 0x55, 0xaa, 0x55, 0xa2, 0x54, 0xaa,
    0x75, 0xa2, 0x55, 0xa2, 0x74, 0xaa, 0x54, 0xa2, 0x55, 0xa2, 0x74, 0xaa,
    0x55, 0xa2, 0x55, 0xa2, 0x54, 0xaa, 0x75, 0xa2, 0x55, 0xa2, 0x54, 0xaa,
    0x75, 0xe4, 0xfc, 0xff, 0xff, 0xff, 0xff, 0xff, 0xff, 0xff, 0xff, 0xff,
    0xff, 0xff, 0xff, 0xff, 0xff, 0xff, 0xff, 0xff, 0xfe, 0xff, 0x57, 0xf5,
    0x54, 0xaa, 0x55, 0xa2, 0x54, 0xa2, 0x75, 0xaa, 0x54, 0xa2, 0x55, 0xa2,
    0x75, 0xaa, 0x54, 0xa2, 0x54, 0xa2, 0x55, 0xaa, 0x74, 0xa2, 0x54, 0xa2,
    0x55, 0xaa, 0x55, 0xa2, 0x54, 0xa2, 0x55, 0xaa, 0x74, 0xa2, 0x54, 0xa2,
    0x54, 0xa2, 0x54, 0xa2, 0x55, 0xaa, 0x54, 0xa2, 0x55, 0xaa, 0x75, 0xa2,
    0x54, 0xaa, 0x55, 0xa2, 0x75, 0xa2, 0x54, 0xaa, 0x54, 0xa2, 0x55, 0xa2,
    0x74, 0xaa, 0x55, 0xa2, 0x54, 0xa2, 0x54, 0xa2, 0x75, 0xaa, 0x55, 0xc2,
    0x56, 0xf5, 0x3a, 0xff, 0xfe, 0xff, 0xfe, 0xff, 0xff, 0xff, 0xfe, 0xff,
    0xfc, 0xff, 0x58, 0xfe, 0x75, 0xd3, 0x54, 0xaa, 0x55, 0xa2, 0x54, 0xa2,
    0x54, 0xaa, 0x55, 0xa2, 0x54, 0xa2, 0x54, 0xaa, 0x75, 0xa2, 0x55, 0xaa,
    0x54, 0xa2, 0x75, 0xaa, 0x55, 0xa2, 0x54, 0xaa, 0x74, 0xa2, 0x55, 0xa2,
    0x54, 0xaa, 0x75, 0xa2, 0x55, 0xa2, 0x54, 0xaa, 0x55, 0xa2, 0x74, 0xaa,
    0x54, 0xa2, 0x55, 0xa2, 0x74, 0xa2, 0x54, 0xaa, 0x54, 0xa2, 0x55, 0xaa,
    0x54, 0xa2, 0x55, 0xa2, 0x55, 0xaa, 0x74, 0xa2, 0x55, 0xa2, 0x54, 0xaa,
    0x55, 0xaa, 0x74, 0xa2, 0x54, 0xa2, 0x55, 0xaa, 0x55, 0xa2, 0x54, 0xb2,
    0x75, 0xd3, 0x75, 0xd3, 0x74, 0xe4, 0x75, 0xd3, 0x55, 0xca, 0x54, 0xaa,
    0x55, 0xa2, 0x54, 0xa2, 0x75, 0xaa, 0x75, 0xa2, 0x54, 0xaa, 0x55, 0xa2,
    0x75, 0xa2, 0x54, 0xaa, 0x54, 0xa2, 0x55, 0xa2, 0x54, 0xaa, 0x74, 0xa2,
    0x55, 0xa2, 0x55, 0xaa, 0x54, 0xa2, 0x74, 0xa2, 0x55, 0xaa, 0x54, 0xa2,
    0x55, 0xa2, 0x55, 0xaa, 0x55, 0xa2, 0x55, 0xaa, 0x74, 0xa2, 0x55, 0xaa,
    0x55, 0xa2, 0x54, 0xa2, 0x75, 0xaa, 0x54, 0xa2, 0x54, 0xaa, 0x75, 0xa2,
    0x54, 0xaa, 0x54, 0xa2, 0x55, 0xa2, 0x55, 0xaa, 0x74, 0xa2, 0x55, 0xa2,
    0x54, 0xaa, 0x54, 0xa2, 0x75, 0xaa, 0x54, 0xaa, 0x55, 0xa2, 0x54, 0xaa,
    0x54, 0xaa, 0x55, 0xa2, 0x54, 0xa2, 0x55, 0xaa, 0x54, 0xa2, 0x55, 0xa2,
    0x54, 0xaa, 0x55, 0xa2, 0x54, 0xa2, 0x74, 0xaa, 0x55, 0xa2, 0x55, 0xa2,
    0x74, 0xaa, 0x55, 0xa2, 0x55, 0xa2, 0x54, 0xaa, 0x54, 0xa2, 0x55, 0xa2,
    0x55, 0xaa, 0x54, 0xa2, 0x75, 0xaa, 0x54, 0xa2, 0x54, 0xa2, 0x75, 0xa2,
    0x54, 0xa2, 0x54, 0xa2, 0x55, 0xaa, 0x54, 0xa2, 0x55, 0xaa, 0x75, 0xa2,
    0x54, 0xa2, 0x55, 0xaa, 0x75, 0xa2, 0x54, 0xa2, 0x55, 0xaa, 0x74, 0xa2,
    0x54, 0xaa, 0x55, 0xa2, 0x54, 0xa2, 0x55, 0xaa, 0x55, 0xa2, 0x74, 0xa2,
    0x55, 0xa2, 0x54, 0xaa, 0x55, 0xa2, 0x55, 0xa2, 0x54, 0xaa, 0x74, 0xa2,
    0x55, 0xa2, 0x74, 0xaa, 0x75, 0xa2, 0x54, 0xa2, 0x54, 0xaa, 0x55, 0xa2,
    0x75, 0xa2, 0x54, 0xaa, 0x54, 0xaa, 0x55, 0xa2, 0x74, 0xaa, 0x54, 0xa2,
    0x55, 0xa2, 0x75, 0xaa, 0x74, 0xa2, 0x55, 0xaa, 0x54, 0xa2, 0x75, 0xa2,
    0x55, 0xaa, 0x54, 0xaa, 0x54, 0xa2, 0x55, 0xaa, 0x54, 0xa2, 0x55, 0xaa,
    0x74, 0xa2, 0x54, 0xa2, 0x54, 0xaa, 0x75, 0xa2, 0x54, 0xa2, 0x55, 0xaa,
    0x54, 0xa2, 0x55, 0xa2, 0x55, 0xaa, 0x74, 0xa2, 0x55, 0xa2, 0x54, 0xaa,
    0x75, 0xa2, 0x54, 0xaa, 0x55, 0xa2, 0x75, 0xa2, 0x54, 0xaa, 0x54, 0xa2,
    0x75, 0xa2, 0x55, 0xa2, 0x54, 0xaa, 0x55, 0xa2, 0x55, 0xa2, 0x54, 0xaa,
    0x55, 0xa2, 0x75, 0xaa, 0x54, 0xa2, 0x55, 0xaa, 0x75, 0xa2, 0x54, 0xa2,
    0x55, 0xa2, 0x55, 0xa2, 0x54, 0xaa, 0x55, 0xa2, 0x54, 0xaa, 0x54, 0xa2,
    0x55, 0xa2, 0x74, 0xaa, 0x54, 0xa2, 0x55, 0xa2, 0x54, 0xa2, 0x75, 0xa2,
    0x55, 0xaa, 0x54, 0xa2, 0x55, 0xa2, 0x55, 0xaa, 0x75, 0xa2, 0x54, 0xa2,
    0x55, 0xaa, 0x54, 0xa2, 0x55, 0xa2, 0x74, 0xaa, 0x54, 0xa2, 0x55, 0xa2,
    0x74, 0xaa, 0x55, 0xa2, 0x55, 0xa2, 0x74, 0xaa, 0x54, 0xa2, 0x55, 0xa2,
    0x74, 0xaa, 0x54, 0xa2, 0x55, 0xaa, 0x74, 0xa2, 0x54, 0xaa, 0x75, 0xaa,
    0x54, 0xa2, 0x54, 0xa2, 0x75, 0xaa, 0x54, 0xa2, 0x54, 0xa2, 0x55, 0xaa,
    0x54, 0xa2, 0x54, 0xa2, 0x54, 0xaa, 0x75, 0xa2, 0x54, 0xaa, 0x74, 0xa2,
    0x55, 0xa2, 0x75, 0xaa, 0x54, 0xa2, 0x55, 0xa2, 0x55, 0xaa, 0x54, 0xa2,
    0x75, 0xaa, 0x54, 0xaa, 0x54, 0xa2, 0x75, 0xa2, 0x54, 0xaa, 0x54, 0xa2,
    0x54, 0xa2, 0x54, 0xa2, 0x55, 0xaa, 0x75, 0xa2, 0x54, 0xaa, 0x55, 0xa2,
    0x75, 0xaa, 0x54, 0xa2, 0x55, 0xaa, 0x74, 0xa2, 0x54, 0xaa, 0x55, 0xa2,
    0x54, 0xa2, 0x55, 0xaa, 0x55, 0xa2, 0x54, 0xa2, 0x55, 0xaa, 0x55, 0xa2,
    0x54, 0xa2, 0x55, 0xaa, 0x55, 0xa2, 0x54, 0xa2, 0x75, 0xa2, 0x54, 0xaa,
    0x55, 0xa2, 0x75, 0xa2, 0x54, 0xaa, 0x55, 0xa2, 0x75, 0xa2, 0x54, 0xaa,
    0x55, 0xa2, 0x55, 0xaa, 0x54, 0xa2, 0x54, 0xaa, 0x75, 0xa2, 0x54, 0xa2,
    0x74, 0xaa, 0x55, 0xa2, 0x54, 0xa2, 0x75, 0xa2, 0x55, 0xa2, 0x54, 0xaa,
    0x55, 0xa2, 0x55, 0xaa, 0x54, 0xa2, 0x55, 0xa2, 0x54, 0xa2, 0x54, 0xaa,
    0x55, 0xa2, 0x54, 0xa2, 0x74, 0xa2, 0x55, 0xaa, 0x54, 0xa2, 0x55, 0xa2,
    0x55, 0xa2, 0x54, 0xaa, 0x55, 0xa2, 0x74, 0xaa, 0x54, 0xa2, 0x75, 0xaa,
    0x54, 0xa2, 0x74, 0xaa, 0x55, 0xa2, 0x74, 0xa2, 0x54, 0xaa, 0x55, 0xa2,
    0x74, 0xa2, 0x55, 0xaa, 0x54, 0xa2, 0x55, 0xaa, 0x54, 0xa2, 0x54, 0xaa,
    0x75, 0xa2, 0x54, 0xa2, 0x55, 0xaa, 0x74, 0xa2, 0x55, 0xa2, 0x55, 0xa2,
    0x74, 0xaa, 0x55, 0xa2, 0x55, 0xaa, 0x54, 0xa2, 0x55, 0xaa, 0x74, 0xaa,
    0x54, 0xa2, 0x55, 0xaa, 0x54, 0xa2, 0x74, 0xa2, 0x55, 0xaa, 0x54, 0xa2,
    0x75, 0xa2, 0x54, 0xaa, 0x55, 0xa2, 0x75, 0xaa, 0x54, 0xa2, 0x55, 0xaa,
    0x55, 0xa2, 0x54, 0xa2, 0x74, 0xaa, 0x55, 0xa2, 0x74, 0xaa, 0x55, 0xa2,
    0x55, 0xa2, 0x54, 0xa2, 0x75, 0xaa, 0x55, 0xa2, 0x54, 0xa2, 0x55, 0xaa,
    0x75, 0xa2, 0x54, 0xa2, 0x55, 0xaa, 0x74, 0xa2, 0x55, 0xaa, 0x54, 0xa2,
    0x75, 0xa2, 0x55, 0xaa, 0x54, 0xa2, 0x75, 0xa2, 0x54, 0xaa, 0x54, 0xa2,
    0x55, 0xaa, 0x74, 0xa2, 0x54, 0xaa, 0x55, 0xa2, 0x74, 0xa2, 0x55, 0xaa,
    0x54, 0xa2, 0x55, 0xa2, 0x55, 0xa2, 0x54, 0xa2, 0x75, 0xaa, 0x55, 0xaa,
    0x54, 0xa2, 0x75, 0xa2, 0x54, 0xaa, 0x55, 0xa2, 0x74, 0xa2, 0x55, 0xaa,
    0x54, 0xa2, 0x55, 0xa2, 0x74, 0xaa, 0x54, 0xa2, 0x55, 0xaa, 0x74, 0xa2,
    0x55, 0xa2, 0x54, 0xaa, 0x54, 0xa2, 0x75, 0xaa, 0x54, 0xa2, 0x54, 0xa2,
    0x55, 0xaa, 0x54, 0xa2, 0x54, 0xa2, 0x55, 0xaa, 0x54, 0xa2, 0x55, 0xaa,
    0x55, 0xa2, 0x54, 0xa2, 0x55, 0xaa, 0x54, 0xa2, 0x74, 0xa2, 0x55, 0xaa,
    0x54, 0xa2, 0x55, 0xa2, 0x55, 0xaa, 0x54, 0xa2, 0x75, 0xa2, 0x55, 0xaa,
    0x54, 0xa2, 0x54, 0xaa, 0x55, 0xa2, 0x54, 0xa2, 0x74, 0xaa, 0x75, 0xa2,
    0x54, 0xa2, 0x54, 0xaa, 0x55, 0xa2, 0x54, 0xa2, 0x55, 0xaa, 0x55, 0xa2,
    0x54, 0xa2, 0x55, 0xaa, 0x54, 0xa2, 0x54, 0xa2, 0x54, 0xa2, 0x55, 0xaa,
    0x55, 0xa2, 0x74, 0xa2, 0x55, 0xaa, 0x55, 0xa2, 0x54, 0xaa, 0x55, 0xa2,
    0x55, 0xa2, 0x74, 0xaa, 0x55, 0xaa, 0x55, 0xa2, 0x74, 0xa2, 0x55, 0xaa,
    0x75, 0xa2, 0x54, 0xa2, 0x54, 0xaa, 0x75, 0xa2, 0x54, 0xa2, 0x74, 0xaa,
    0x55, 0xa2, 0x55, 0xaa, 0x54, 0xa2, 0x74, 0xaa, 0x55, 0xa2, 0x74, 0xaa,
    0x55, 0xa2, 0x54, 0xa2, 0x54, 0xaa, 0x55, 0xa2, 0x75, 0xa2, 0x54, 0xaa,
    0x55, 0xa2, 0x55, 0xa2, 0x54, 0xaa, 0x55, 0xaa, 0x75, 0xa2, 0x54, 0xaa,
    0x55, 0xa2, 0x74, 0xa2, 0x54, 0xaa, 0x75, 0xa2, 0x54, 0xa2, 0x75, 0xaa,
    0x55, 0xaa, 0x54, 0xa2, 0x54, 0xa2, 0x55, 0xaa, 0x54, 0xa2, 0x54, 0xa2,
    0x75, 0xaa, 0x54, 0xa2, 0x74, 0xa2, 0x55, 0xaa, 0x54, 0xa2, 0x54, 0xa2,
    0x55, 0xa2, 0x74, 0xaa, 0x54, 0xa2, 0x55, 0xaa, 0x75, 0xa2, 0x54, 0xa2,
    0x55, 0xaa, 0x74, 0xa2, 0x55, 0xaa, 0x54, 0xa2, 0x75, 0xa2, 0x55, 0xa2,
    0x54, 0xaa, 0x55, 0xa2, 0x55, 0xa2, 0x74, 0xaa, 0x54, 0xa2, 0x55, 0xaa,
    0x74, 0xa2, 0x55, 0xa2, 0x54, 0xaa, 0x74, 0xa2, 0x75, 0xaa, 0x54, 0xa2,
    0x54, 0xa2, 0x55, 0xa2, 0x54, 0xa2, 0x75, 0xaa, 0x55, 0xa2, 0x54, 0xa2,
    0x75, 0xaa, 0x54, 0xa2, 0x54, 0xa2, 0x55, 0xaa, 0x74, 0xa2, 0x55, 0xa2,
    0x55, 0xa2, 0x74, 0xa2, 0x55, 0xaa, 0x55, 0xa2, 0x54, 0xa2, 0x55, 0xaa,
    0x55, 0xa2, 0x74, 0xaa, 0x55, 0xa2, 0x55, 0xa2, 0x74, 0xaa, 0x55, 0xa2,
    0x54, 0xa2, 0x54, 0xaa, 0x57, 0xa2, 0x56, 0xaa, 0x57, 0xa2, 0x57, 0xa2,
    0x56, 0xaa, 0x57, 0xa2, 0x56, 0xaa, 0x76, 0xa2, 0x57, 0xa2, 0x56, 0xaa,
    0x57, 0xa2, 0x56, 0xa2, 0x57, 0xaa, 0x77, 0xa2, 0x56, 0xa2, 0x57, 0xaa,
    0x57, 0xa2, 0x56, 0xa2, 0x55, 0xaa, 0x75, 0xaa, 0x54, 0xa2, 0x55, 0xa2,
    0x74, 0xaa, 0x54, 0xa2, 0x55, 0xa2, 0x54, 0xaa, 0x55, 0xa2, 0x55, 0xaa,
    0x54, 0xa2, 0x55, 0xa2, 0x54, 0xaa, 0x54, 0xa2, 0x54, 0xa2, 0x55, 0xaa,
    0x74, 0xa2, 0x54, 0xaa, 0x55, 0xa2, 0x74, 0xa2, 0x54, 0xaa, 0x55, 0xa2,
    0x74, 0xaa, 0x54, 0xa2, 0x55, 0xaa, 0x55, 0xa2, 0x74, 0xa2, 0x7c, 0xac,
    0x3f, 0xd7, 0x3f, 0xd7, 0x3f, 0xd7, 0x3f, 0xd7, 0x3f, 0xd7, 0x3f, 0xd7,
    0x3f, 0xd7, 0x3f, 0xd7, 0x3f, 0xd7, 0x3f, 0xd7, 0x3f, 0xd7, 0x3f, 0xd7,
    0x3f, 0xd7, 0x3f, 0xd7, 0x3f, 0xd7, 0x3f, 0xdf, 0x3f, 0xd7, 0x3f, 0xd7,
    0x5f, 0xc6, 0x5e, 0xb5, 0x58, 0xaa, 0x75, 0xaa, 0x55, 0xa2, 0x54, 0xa2,
    0x74, 0xaa, 0x55, 0xa2, 0x54, 0xa2, 0x75, 0xaa, 0x74, 0xa2, 0x55, 0xa2,
    0x55, 0xaa, 0x54, 0xa2, 0x54, 0xa2, 0x55, 0xa2, 0x55, 0xaa, 0x74, 0xa2,
    0x55, 0xaa, 0x54, 0xa2, 0x55, 0xa2, 0x55, 0xaa, 0x54, 0xa2, 0x74, 0xa2,
    0x55, 0xaa, 0x54, 0xa2, 0x55, 0xaa, 0xff, 0xf7, 0xff, 0xff, 0xff, 0xff,
    0xff, 0xff, 0xff, 0xff, 0xff, 0xff, 0xff, 0xff, 0xff, 0xff, 0xff, 0xff,
    0xff, 0xff, 0xff, 0xff, 0xff, 0xff, 0xff, 0xff, 0xff, 0xff, 0xff, 0xff,
    0xff, 0xff, 0xff, 0xff, 0xff, 0xff, 0xff, 0xff, 0xff, 0xff, 0xff, 0xff,
    0x3f, 0xe7, 0x54, 0xa2, 0x55, 0xaa, 0x55, 0xa2, 0x54, 0xaa, 0x75, 0xa2,
    0x54, 0xa2, 0x54, 0xaa, 0x55, 0xa2, 0x74, 0xaa, 0x55, 0xa2, 0x55, 0xa2,
    0x54, 0xa2, 0x55, 0xaa, 0x54, 0xa2, 0x55, 0xa2, 0x74, 0xaa, 0x55, 0xa2,
    0x74, 0xa2, 0x55, 0xaa, 0x55, 0xa2, 0x54, 0xa2, 0x75, 0xaa, 0x54, 0xa2,
    0x55, 0xa2, 0x3e, 0xff, 0xff, 0xff, 0xff, 0xff, 0xff, 0xff, 0xff, 0xff,
    0xff, 0xff, 0xff, 0xff, 0xff, 0xff, 0xff, 0xff, 0xff, 0xff, 0xff, 0xff,
    0xff, 0xff, 0xff, 0xff, 0xff, 0xff, 0xff, 0xff, 0xff, 0xff, 0xff, 0xff,
    0xff, 0xff, 0xff, 0xff, 0xff, 0xff, 0xff, 0xff, 0xfe, 0xff, 0x54, 0xa2,
    0x54, 0xa2, 0x75, 0xaa, 0x55, 0xa2, 0x54, 0xaa, 0x55, 0xa2, 0x55, 0xa2,
    0x54, 0xaa, 0x54, 0xa2, 0x74, 0xaa, 0x55, 0xa2, 0x55, 0xa2, 0x74, 0xaa,
    0x54, 0xa2, 0x55, 0xa2, 0x55, 0xaa, 0x54, 0xa2, 0x54, 0xa2, 0x75, 0xaa,
    0x54, 0xa2, 0x55, 0xa2, 0x54, 0xaa, 0x75, 0xa2, 0x54, 0xa2, 0x3f, 0xf7,
    0xff, 0xff, 0xff, 0xff, 0xff, 0xff, 0x76, 0xdc, 0x55, 0xaa, 0x54, 0xaa,
    0x54, 0xaa, 0x55, 0xaa, 0x54, 0xaa, 0x3c, 0xff, 0xff, 0xff, 0xff, 0xff,
    0xff, 0xff, 0x7a, 0xbc, 0x55, 0xaa, 0x54, 0xa2, 0x54, 0xaa, 0x55, 0xa2,
    0x54, 0xaa, 0x55, 0xa2, 0x55, 0xaa, 0x74, 0xa2, 0x55, 0xaa, 0x54, 0xa2,
    0x74, 0xa2, 0x55, 0xaa, 0x74, 0xa2, 0x75, 0xa2, 0x55, 0xaa, 0x54, 0xa2,
    0x55, 0xa2, 0x54, 0xaa, 0x55, 0xa2, 0x54, 0xa2, 0x75, 0xaa, 0x54, 0xa2,
    0x55, 0xaa, 0x74, 0xa2, 0x55, 0xaa, 0x54, 0xa2, 0x74, 0xaa, 0x55, 0xa2,
    0x55, 0xaa, 0x54, 0xaa, 0x55, 0xa2, 0xff, 0xff, 0xff, 0xff, 0xff, 0xff,
    0xff, 0xff, 0x55, 0xb2, 0x54, 0xa2, 0x55, 0xa2, 0x75, 0xa2, 0x54, 0xa2,
    0x55, 0xa2, 0x77, 0xd4, 0xff, 0xff, 0xff, 0xff, 0xff, 0xff, 0x3f, 0xe7,
    0x55, 0xa2, 0x54, 0xa2, 0x55, 0xaa, 0x74, 0xa2, 0x54, 0xa2, 0x55, 0xaa,
    0x74, 0xa2, 0x55, 0xa2, 0x55, 0xaa, 0x54, 0xa2, 0x55, 0xa2, 0x54, 0xaa,
    0x54, 0xa2, 0x55, 0xaa, 0x54, 0xa2, 0x75, 0xa2, 0x55, 0xaa, 0x54, 0xa2,
    0x54, 0xa2, 0x55, 0xaa, 0x54, 0xa2, 0x75, 0xa2, 0x54, 0xa2, 0x55, 0xaa,
    0x55, 0xa2, 0x54, 0xa2, 0x55, 0xaa, 0x74, 0xa2, 0x54, 0xa2, 0x55, 0xa2,
    0x74, 0xaa, 0xff, 0xff, 0xff, 0xff, 0xff, 0xff, 0xff, 0xff, 0x54, 0xa2,
    0x75, 0xa2, 0x54, 0xaa, 0x55, 0xa2, 0x74, 0xa2, 0x54, 0xaa, 0x55, 0xaa,
    0xff, 0xff, 0xff, 0xff, 0xff, 0xff, 0xff, 0xff, 0x54, 0xaa, 0x55, 0xa2,
    0x75, 0xa2, 0x54, 0xaa, 0x55, 0xa2, 0x54, 0xa2, 0x54, 0xaa, 0x55, 0xa2,
    0x74, 0xa2, 0x55, 0xaa, 0x55, 0xa2, 0x74, 0xa2, 0x55, 0xaa, 0x54, 0xa2,
    0x54, 0xa2, 0x75, 0xaa, 0x54, 0xa2, 0x55, 0xa2, 0x54, 0xa2, 0x55, 0xaa,
    0x54, 0xa2, 0x54, 0xaa, 0x75, 0xa2, 0x54, 0xa2, 0x74, 0xaa, 0x55, 0xa2,
    0x55, 0xa2, 0x54, 0xaa, 0x75, 0xa2, 0x54, 0xa2, 0x55, 0xaa, 0xff, 0xff,
    0xff, 0xff, 0xff, 0xff, 0xff, 0xff, 0x55, 0xaa, 0x54, 0xaa, 0x54, 0xa2,
    0x55, 0xaa, 0x55, 0xa2, 0x54, 0xa2, 0x54, 0xaa, 0xff, 0xff, 0xff, 0xff,
    0xff, 0xff, 0xff, 0xff, 0x54, 0xaa, 0x55, 0xa2, 0x54, 0xa2, 0x75, 0xaa,
    0x55, 0xa2, 0x74, 0xa2, 0x55, 0xaa, 0x54, 0xa2, 0x74, 0xaa, 0x55, 0xa2,
    0x54, 0xaa, 0x75, 0xa2, 0x55, 0xa2, 0x54, 0xaa, 0x75, 0xa2, 0x54, 0xaa,
    0x54, 0xa2, 0x55, 0xa2, 0x55, 0xa2, 0x74, 0xa2, 0x55, 0xaa, 0x55, 0xa2,
    0x54, 0xaa, 0x55, 0xa2, 0x54, 0xaa, 0x75, 0xa2, 0x54, 0xa2, 0x55, 0xaa,
    0x54, 0xa2, 0x55, 0xa2, 0x54, 0xaa, 0x77, 0xd4, 0xff, 0xff, 0xff, 0xff,
    0xff, 0xff, 0xff, 0xf7, 0x7a, 0xa3, 0x75, 0xa2, 0x54, 0xaa, 0x55, 0xa2,
    0x7a, 0xa3, 0x3f, 0xe7, 0xff, 0xff, 0xff, 0xff, 0xff, 0xff, 0x58, 0xf6,
    0x55, 0xa2, 0x54, 0xaa, 0x74, 0xa2, 0x55, 0xaa, 0x54, 0xa2, 0x55, 0xaa,
    0x75, 0xa2, 0x54, 0xa2, 0x55, 0xaa, 0x54, 0xa2, 0x54, 0xa2, 0x55, 0xaa,
    0x54, 0xa2, 0x55, 0xa2, 0x55, 0xaa, 0x54, 0xa2, 0x75, 0xaa, 0x54, 0xa2,
    0x54, 0xa2, 0x55, 0xaa, 0x74, 0xa2, 0x55, 0xa2, 0x54, 0xaa, 0x75, 0xa2,
    0x55, 0xa2, 0x54, 0xaa, 0x74, 0xa2, 0x55, 0xaa, 0x55, 0xa2, 0x74, 0xa2,
    0x54, 0xaa, 0x55, 0xb2, 0x3c, 0xff, 0xff, 0xff, 0xff, 0xff, 0xff, 0xff,
    0xff, 0xf7, 0x5f, 0xc6, 0x5e, 0xbd, 0x5f, 0xc6, 0xff, 0xf7, 0xff, 0xff,
    0xff, 0xff, 0xff, 0xff, 0xfe, 0xff, 0x75, 0xb3, 0x55, 0xa2, 0x54, 0xaa,
    0x55, 0xa2, 0x54, 0xa2, 0x54, 0xaa, 0x55, 0xa2, 0x54, 0xa2, 0x75, 0xaa,
    0x55, 0xa2, 0x54, 0xa2, 0x75, 0xaa, 0x54, 0xaa, 0x74, 0xa2, 0x75, 0xa2,
    0x54, 0xaa, 0x55, 0xa2, 0x55, 0xa2, 0x54, 0xaa, 0x54, 0xa2, 0x55, 0xaa,
    0x54, 0xa2, 0x74, 0xa2, 0x55, 0xaa, 0x54, 0xa2, 0x55, 0xa2, 0x54, 0xaa,
    0x55, 0xa2, 0x74, 0xa2, 0x55, 0xaa, 0x54, 0xa2, 0x75, 0xa2, 0x54, 0xaa,
    0x74, 0xc3, 0xfc, 0xff, 0xff, 0xff, 0xff, 0xff, 0xff, 0xff, 0xff, 0xff,
    0xff, 0xff, 0xff, 0xff, 0xff, 0xff, 0xff, 0xff, 0xff, 0xff, 0xfe, 0xff,
    0x74, 0xe4, 0x55, 0xaa, 0x74, 0xa2, 0x55, 0xa2, 0x75, 0xaa, 0x54, 0xa2,
    0x75, 0xa2, 0x54, 0xaa, 0x54, 0xa2, 0x55, 0xaa, 0x74, 0xa2, 0x55, 0xa2,
    0x55, 0xaa, 0x54, 0xa2, 0x55, 0xa2, 0x54, 0xaa, 0x74, 0xa2, 0x55, 0xa2,
    0x54, 0xaa, 0x55, 0xa2, 0x55, 0xa2, 0x54, 0xa2, 0x55, 0xaa, 0x55, 0xa2,
    0x74, 0xaa, 0x54, 0xa2, 0x75, 0xaa, 0x55, 0xa2, 0x54, 0xa2, 0x54, 0xaa,
    0x55, 0xaa, 0x55, 0xa2, 0x54, 0xa2, 0x55, 0xaa, 0x55, 0xa2, 0x54, 0xc2,
    0x3a, 0xff, 0xff, 0xff, 0xff, 0xff, 0xff, 0xff, 0xff, 0xff, 0xff, 0xff,
    0xff, 0xff, 0xff, 0xff, 0x3a, 0xff, 0x75, 0xd3, 0x55, 0xaa, 0x54, 0xa2,
    0x54, 0xaa, 0x55, 0xa2, 0x54, 0xaa, 0x75, 0xa2, 0x55, 0xa2, 0x54, 0xaa,
    0x75, 0xa2, 0x54, 0xa2, 0x54, 0xaa, 0x75, 0xa2, 0x54, 0xa2, 0x55, 0xaa,
    0x55, 0xa2, 0x54, 0xaa, 0x55, 0xa2, 0x74, 0xa2, 0x54, 0xaa, 0x55, 0xa2,
    0x54, 0xa2, 0x75, 0xaa, 0x54, 0xa2, 0x55, 0xa2, 0x55, 0xa2, 0x54, 0xaa,
    0x54, 0xa2, 0x75, 0xa2, 0x54, 0xaa, 0x75, 0xa2, 0x54, 0xa2, 0x74, 0xaa,
    0x55, 0xa2, 0x74, 0xa2, 0x55, 0xaa, 0x55, 0xa2, 0x55, 0xba, 0x75, 0xe4,
    0x58, 0xfe, 0x3a, 0xff, 0x3b, 0xff, 0x3a, 0xff, 0x58, 0xfe, 0x75, 0xe4,
    0x55, 0xba, 0x54, 0xa2, 0x55, 0xa2, 0x54, 0xaa, 0x75, 0xa2, 0x54, 0xa2,
    0x54, 0xaa, 0x55, 0xa2, 0x54, 0xaa, 0x55, 0xa2, 0x75, 0xa2, 0x54, 0xaa,
    0x55, 0xa2, 0x54, 0xaa, 0x74, 0xa2, 0x75, 0xa2, 0x54, 0xaa, 0x55, 0xa2,
    0x75, 0xaa, 0x54, 0xa2, 0x55, 0xa2, 0x74, 0xaa, 0x54, 0xa2, 0x55, 0xaa,
    0x74, 0xa2, 0x54, 0xaa, 0x55, 0xa2, 0x75, 0xa2, 0x54, 0xaa, 0x55, 0xa2,
    0x55, 0xaa, 0x54, 0xa2, 0x75, 0xa2, 0x54, 0xaa, 0x55, 0xa2, 0x54, 0xa2,
    0x74, 0xaa, 0x54, 0xa2, 0x55, 0xa2, 0x54, 0xaa, 0x55, 0xa2, 0x55, 0xb2,
    0x54, 0xba, 0x55, 0xb2, 0x55, 0xa2, 0x54, 0xaa, 0x54, 0xa2, 0x55, 0xa2,
    0x74, 0xaa, 0x55, 0xa2, 0x55, 0xa2, 0x74, 0xaa, 0x55, 0xa2, 0x54, 0xa2,
    0x74, 0xaa, 0x55, 0xa2, 0x54, 0xaa, 0x55, 0xa2, 0x55, 0xa2, 0x54, 0xaa,
    0x55, 0xa2, 0x54, 0xa2, 0x54, 0xaa, 0x75, 0xa2, 0x54, 0xa2, 0x55, 0xaa,
    0x55, 0xa2, 0x54, 0xa2, 0x55, 0xa2, 0x54, 0xa2, 0x55, 0xaa, 0x74, 0xa2,
    0x54, 0xaa, 0x55, 0xa2, 0x74, 0xa2, 0x54, 0xaa, 0x55, 0xa2, 0x54, 0xa2,
    0x55, 0xaa, 0x55, 0xa2, 0x54, 0xaa, 0x55, 0xa2, 0x75, 0xaa, 0x54, 0xa2,
    0x56, 0xa2, 0x7a, 0xab, 0x7c, 0xa4, 0x7c, 0xa4, 0x7c, 0xac, 0x7a, 0xa3,
    0x58, 0xa2, 0x55, 0xaa, 0x75, 0xa2, 0x54, 0xa2, 0x54, 0xaa, 0x55, 0xa2,
    0x54, 0xa2, 0x75, 0xaa, 0x55, 0xa2, 0x54, 0xa2, 0x75, 0xaa, 0x54, 0xa2,
    0x54, 0xa2, 0x75, 0xaa, 0x54, 0xa2, 0x75, 0xa2, 0x55, 0xaa, 0x54, 0xa2,
    0x55, 0xa2, 0x54, 0xaa, 0x54, 0xa2, 0x75, 0xaa, 0x54, 0xa2, 0x54, 0xa2,
    0x54, 0xa2, 0x55, 0xaa, 0x55, 0xa2, 0x54, 0xa2, 0x55, 0xaa, 0x55, 0xa2,
    0x54, 0xa2, 0x75, 0xaa, 0x54, 0xa2, 0x74, 0xaa, 0x55, 0xa2, 0x74, 0xa2,
    0x54, 0xaa, 0x55, 0xa2, 0x55, 0xa2, 0x7a, 0xab, 0x3f, 0xd7, 0xff, 0xf7,
    0xff, 0xff, 0xff, 0xff, 0xff, 0xff, 0xff, 0xf7, 0xff, 0xe7, 0x5f, 0xc6,
    0x7a, 0xab, 0x55, 0xa2, 0x55, 0xaa, 0x74, 0xa2, 0x54, 0xaa, 0x55, 0xa2,
    0x54, 0xa2, 0x55, 0xaa, 0x55, 0xa2, 0x54, 0xa2, 0x75, 0xaa, 0x54, 0xa2,
    0x54, 0xaa, 0x55, 0xa2, 0x74, 0xaa, 0x55, 0xa2, 0x75, 0xa2, 0x54, 0xaa,
    0x55, 0xa2, 0x75, 0xa2, 0x54, 0xaa, 0x55, 0xa2, 0x54, 0xa2, 0x75, 0xaa,
    0x54, 0xa2, 0x74, 0xa2, 0x55, 0xaa, 0x54, 0xa2, 0x75, 0xaa, 0x55, 0xa2,
    0x54, 0xa2, 0x55, 0xaa, 0x75, 0xa2, 0x54, 0xa2, 0x54, 0xaa, 0x75, 0xa2,
    0x3f, 0xe7, 0xff, 0xff, 0xff, 0xff, 0xff, 0xff, 0xff, 0xff, 0xff, 0xff,
    0xff, 0xff, 0xff, 0xff, 0xff, 0xff, 0xff, 0xff, 0xff, 0xff, 0xff, 0xff,
    0x5e, 0xc6, 0x55, 0xaa, 0x54, 0xa2, 0x74, 0xa2, 0x55, 0xaa, 0x74, 0xaa,
    0x54, 0xa2, 0x55, 0xa2, 0x55, 0xaa, 0x54, 0xa2, 0x55, 0xa2, 0x54, 0xaa,
    0x54, 0xa2, 0x55, 0xaa, 0x74, 0xa2, 0x54, 0xa2, 0x55, 0xaa, 0x54, 0xa2,
    0x55, 0xaa, 0x54, 0xa2, 0x55, 0xa2, 0x54, 0xa2, 0x55, 0xaa, 0x75, 0xa2,
    0x54, 0xa2, 0x54, 0xaa, 0x55, 0xa2, 0x54, 0xa2, 0x54, 0xaa, 0x55, 0xa2,
    0x55, 0xa2, 0x54, 0xaa, 0x55, 0xa2, 0x7a, 0xbc, 0xff, 0xff, 0xff, 0xff,
    0xff, 0xff, 0x3c, 0xff, 0xfe, 0xff, 0xff, 0xff, 0xff, 0xff, 0x78, 0xe4,
    0x3b, 0xff, 0xff, 0xff, 0xff, 0xff, 0xff, 0xff, 0xff, 0xff, 0x78, 0xb3,
    0x55, 0xaa, 0x55, 0xa2, 0x54, 0xa2, 0x75, 0xaa, 0x54, 0xa2, 0x55, 0xa2,
    0x74, 0xaa, 0x75, 0xa2, 0x55, 0xa2, 0x74, 0xaa, 0x55, 0xa2, 0x55, 0xa2,
    0x54, 0xaa, 0x75, 0xa2, 0x54, 0xa2, 0x54, 0xaa, 0x75, 0xa2, 0x54, 0xa2,
    0x54, 0xa2, 0x55, 0xaa, 0x54, 0xa2, 0x55, 0xaa, 0x74, 0xa2, 0x55, 0xaa,
    0x55, 0xa2, 0x74, 0xaa, 0x74, 0xa2, 0x55, 0xa2, 0x54, 0xaa, 0x74, 0xa2,
    0x55, 0xa2, 0x3e, 0xe7, 0xff, 0xff, 0xff, 0xff, 0xff, 0xff, 0x77, 0xd4,
    0x58, 0xf6, 0xff, 0xff, 0xff, 0xff, 0x5e, 0xc6, 0x55, 0xba, 0x3a, 0xff,
    0xff, 0xff, 0xff, 0xff, 0xff, 0xff, 0x3e, 0xe7, 0x54, 0xaa, 0x55, 0xa2,
    0x54, 0xa2, 0x55, 0xaa, 0x55, 0xa2, 0x54, 0xaa, 0x54, 0xa2, 0x55, 0xaa,
    0x54, 0xa2, 0x74, 0xa2, 0x55, 0xaa, 0x54, 0xa2, 0x55, 0xaa, 0x55, 0xa2,
    0x74, 0xa2, 0x55, 0xaa, 0x55, 0xa2, 0x54, 0xa2, 0x54, 0xa2, 0x75, 0xa2,
    0x54, 0xaa, 0x54, 0xa2, 0x55, 0xa2, 0x74, 0xa2, 0x55, 0xaa, 0x55, 0xa2,
    0x54, 0xaa, 0x55, 0xa2, 0x75, 0xaa, 0x54, 0xa2, 0x55, 0xaa, 0xff, 0xf7,
    0xff, 0xff, 0xff, 0xff, 0xff, 0xff, 0x55, 0xba, 0x75, 0xb3, 0xff, 0xff,
    0xff, 0xff, 0xff, 0xf7, 0x54, 0xaa, 0x75, 0xc3, 0xff, 0xff, 0xff, 0xff,
    0xff, 0xff, 0xff, 0xff, 0x55, 0xa2, 0x74, 0xaa, 0x74, 0xa2, 0x55, 0xa2,
    0x74, 0xaa, 0x54, 0xa2, 0x55, 0xa2, 0x55, 0xaa, 0x54, 0xa2, 0x55, 0xa2,
    0x74, 0xaa, 0x54, 0xa2, 0x55, 0xa2, 0x74, 0xaa, 0x54, 0xa2, 0x55, 0xaa,
    0x54, 0xaa, 0x55, 0xa2, 0x55, 0xa2, 0x54, 0xaa, 0x75, 0xa2, 0x55, 0xaa,
    0x54, 0xa2, 0x54, 0xa2, 0x55, 0xaa, 0x54, 0xa2, 0x74, 0xa2, 0x55, 0xaa,
    0x54, 0xa2, 0x55, 0xa2, 0x54, 0xaa, 0xff, 0xff, 0xff, 0xff, 0xff, 0xff,
    0xff, 0xff, 0x54, 0xa2, 0x54, 0xaa, 0x3c, 0xff, 0xff, 0xff, 0xff, 0xff,
    0x7a, 0xb4, 0x55, 0xa2, 0xff, 0xff, 0xff, 0xff, 0xff, 0xff, 0xff, 0xff,
    0x55, 0xa2, 0x54, 0xaa, 0x55, 0xa2, 0x55, 0xa2, 0x74, 0xaa, 0x55, 0xa2,
    0x75, 0xa2, 0x74, 0xaa, 0x55, 0xa2, 0x55, 0xaa, 0x74, 0xa2, 0x55, 0xa2,
    0x55, 0xaa, 0x54, 0xa2, 0x55, 0xa2, 0x74, 0xa2, 0x75, 0xa2, 0x54, 0xaa,
    0x54, 0xa2, 0x55, 0xa2, 0x54, 0xaa, 0x75, 0xa2, 0x55, 0xaa, 0x54, 0xa2,
    0x75, 0xa2, 0x54, 0xaa, 0x55, 0xa2, 0x74, 0xa2, 0x55, 0xaa, 0x54, 0xa2,
    0x75, 0xa2, 0xff, 0xff, 0xff, 0xff, 0xff, 0xff, 0xff, 0xff, 0x55, 0xa2,
    0x55, 0xaa, 0x76, 0xd4, 0xff, 0xff, 0xff, 0xff, 0x3f, 0xe7, 0x56, 0xaa,
    0xff, 0xff, 0xff, 0xff, 0xff, 0xff, 0xff, 0xff, 0x54, 0xaa, 0x55, 0xa2,
    0x54, 0xa2, 0x54, 0xaa, 0x55, 0xa2, 0x54, 0xa2, 0x54, 0xaa, 0x54, 0xa2,
    0x55, 0xa2, 0x54, 0xaa, 0x54, 0xa2, 0x75, 0xaa, 0x54, 0xa2, 0x55, 0xaa,
    0x55, 0xaa, 0x54, 0xa2, 0x55, 0xa2, 0x54, 0xa2, 0x54, 0xa2, 0x55, 0xaa,
    0x54, 0xa2, 0x54, 0xa2, 0x75, 0xaa, 0x54, 0xa2, 0x55, 0xa2, 0x75, 0xaa,
    0x54, 0xa2, 0x55, 0xa2, 0x54, 0xaa, 0x75, 0xa2, 0x54, 0xa2, 0x5a, 0xf6,
    0xff, 0xff, 0xff, 0xff, 0xff, 0xff, 0x7a, 0xb4, 0x55, 0xa2, 0x55, 0xaa,
    0x58, 0xe5, 0xff, 0xff, 0xff, 0xff, 0xff, 0xff, 0xff, 0xff, 0xff, 0xff,
    0xff, 0xff, 0x58, 0xe5, 0x75, 0xa2, 0x74, 0xaa, 0x55, 0xa2, 0x75, 0xaa,
    0x54, 0xa2, 0x55, 0xaa, 0x75, 0xa2, 0x54, 0xa2, 0x55, 0xaa, 0x74, 0xa2,
    0x55, 0xa2, 0x54, 0xaa, 0x74, 0xa2, 0x55, 0xa2, 0x74, 0xaa, 0x54, 0xaa,
    0x55, 0xa2, 0x55, 0xa2, 0x55, 0xa2, 0x74, 0xaa, 0x55, 0xa2, 0x55, 0xa2,
    0x54, 0xaa, 0x54, 0xa2, 0x55, 0xaa, 0x54, 0xa2, 0x74, 0xaa, 0x55, 0xa2,
    0x54, 0xaa, 0x55, 0xaa, 0x55, 0xa2, 0x76, 0xc3, 0xff, 0xff, 0xff, 0xff,
    0xff, 0xff, 0x3f, 0xe7, 0x54, 0xaa, 0x55, 0xa2, 0x55, 0xb2, 0xfe, 0xff,
    0xff, 0xff, 0xff, 0xff, 0xff, 0xff, 0xff, 0xff, 0xfe, 0xff, 0x55, 0xb2,
    0x54, 0xaa, 0x55, 0xa2, 0x54, 0xa2, 0x54, 0xa2, 0x75, 0xaa, 0x54, 0xa2,
    0x55, 0xaa, 0x75, 0xa2, 0x54, 0xaa, 0x55, 0xa2, 0x55, 0xa2, 0x54, 0xaa,
    0x55, 0xa2, 0x55, 0xa2, 0x74, 0xa2, 0x55, 0xa2, 0x54, 0xaa, 0x74, 0xaa,
    0x54, 0xa2, 0x55, 0xa2, 0x74, 0xaa, 0x55, 0xa2, 0x74, 0xa2, 0x55, 0xaa,
    0x55, 0xa2, 0x54, 0xa2, 0x55, 0xaa, 0x75, 0xa2, 0x54, 0xa2, 0x54, 0xaa,
    0x55, 0xa2, 0x55, 0xaa, 0x3a, 0xff, 0xff, 0xff, 0xff, 0xff, 0xff, 0xff,
    0x54, 0xaa, 0x74, 0xa2, 0x55, 0xa2, 0x74, 0xdb, 0xfe, 0xff, 0xff, 0xff,
    0xfe, 0xff, 0x3a, 0xff, 0x75, 0xd3, 0x54, 0xaa, 0x55, 0xa2, 0x54, 0xaa,
    0x55, 0xa2, 0x55, 0xaa, 0x54, 0xa2, 0x54, 0xa2, 0x54, 0xa2, 0x55, 0xaa,
    0x74, 0xa2, 0x54, 0xa2, 0x75, 0xaa, 0x54, 0xa2, 0x55, 0xaa, 0x74, 0xa2,
    0x55, 0xa2, 0x55, 0xaa, 0x54, 0xa2, 0x55, 0xa2, 0x54, 0xa2, 0x55, 0xaa,
    0x54, 0xa2, 0x54, 0xaa, 0x75, 0xa2, 0x54, 0xa2, 0x74, 0xaa, 0x55, 0xa2,
    0x54, 0xa2, 0x55, 0xaa, 0x74, 0xa2, 0x54, 0xa2, 0x75, 0xaa, 0x54, 0xa2,
    0x55, 0xb2, 0x3a, 0xff, 0xfc, 0xff, 0x3b, 0xff, 0x55, 0xa2, 0x54, 0xaa,
    0x55, 0xa2, 0x55, 0xa2, 0x74, 0xd3, 0x75, 0xe4, 0x75, 0xd3, 0x54, 0xba,
    0x55, 0xa2, 0x54, 0xa2, 0x74, 0xaa, 0x75, 0xa2, 0x54, 0xa2, 0x75, 0xaa,
    0x55, 0xa2, 0x74, 0xaa, 0x55, 0xa2, 0x55, 0xa2, 0x54, 0xaa, 0x55, 0xa2,
    0x74, 0xa2, 0x55, 0xaa, 0x54, 0xa2, 0x54, 0xaa, 0x54, 0xaa, 0x75, 0xa2,
    0x54, 0xa2, 0x55, 0xa2, 0x55, 0xa2, 0x54, 0xa2, 0x55, 0xaa, 0x55, 0xa2,
    0x54, 0xaa, 0x55, 0xa2, 0x55, 0xaa, 0x74, 0xa2, 0x54, 0xa2, 0x55, 0xaa,
    0x55, 0xa2, 0x54, 0xa2, 0x55, 0xaa, 0x74, 0xa2, 0x55, 0xaa, 0x55, 0xba,
    0x54, 0xc2, 0x55, 0xb2, 0x54, 0xaa, 0x74, 0xa2, 0x55, 0xaa, 0x54, 0xa2,
    0x54, 0xaa, 0x55, 0xa2, 0x54, 0xaa, 0x55, 0xa2, 0x55, 0xa2, 0x54, 0xaa,
    0x55, 0xa2, 0x55, 0xa2, 0x54, 0xaa, 0x54, 0xa2, 0x75, 0xa2, 0x54, 0xaa,
    0x55, 0xaa, 0x74, 0xa2, 0x55, 0xaa, 0x54, 0xa2, 0x55, 0xa2, 0x75, 0xaa,
    0x54, 0xa2, 0x55, 0xa2, 0x75, 0xa2, 0x54, 0xaa, 0x54, 0xaa, 0x55, 0xa2,
    0x54, 0xa2, 0x75, 0xaa, 0x74, 0xa2, 0x55, 0xa2, 0x54, 0xa2, 0x75, 0xaa,
    0x55, 0xa2, 0x54, 0xaa, 0x75, 0xa2, 0x54, 0xa2, 0x75, 0xaa, 0x55, 0xa2,
    0x54, 0xa2, 0x54, 0xaa, 0x55, 0xa2, 0x74, 0xa2, 0x54, 0xaa, 0x55, 0xa2,
    0x74, 0xa2, 0x55, 0xaa, 0x55, 0xa2, 0x74, 0xaa, 0x55, 0xa2, 0x54, 0xaa,
    0x54, 0xa2, 0x75, 0xa2, 0x54, 0xaa, 0x74, 0xa2, 0x55, 0xa2, 0x54, 0xaa,
    0x75, 0xa2, 0x54, 0xa2, 0x54, 0xaa, 0x55, 0xa2, 0x54, 0xa2, 0x74, 0xa2,
    0x55, 0xaa, 0x54, 0xa2, 0x54, 0xaa, 0x55, 0xa2, 0x74, 0xa2, 0x55, 0xaa,
    0x55, 0xa2, 0x54, 0xa2, 0x75, 0xaa, 0x54, 0xa2, 0x54, 0xa2, 0x55, 0xaa,
    0x54, 0xa2, 0x54, 0xaa, 0x75, 0xa2, 0x54, 0xa2, 0x54, 0xaa, 0x55, 0xa2,
    0x54, 0xaa, 0x54, 0xa2, 0x75, 0xaa, 0x54, 0xa2, 0x55, 0xa2, 0x75, 0xaa,
    0x54, 0xa2, 0x55, 0xa2, 0x75, 0xaa, 0x54, 0xa2, 0x55, 0xa2, 0x54, 0xaa,
    0x54, 0xa2, 0x75, 0xa2, 0x55, 0xa2, 0x54, 0xaa, 0x75, 0xa2, 0x55, 0xaa,
    0x54, 0xa2, 0x55, 0xaa, 0x74, 0xa2, 0x55, 0xaa, 0x55, 0xa2, 0x74, 0xaa,
    0x55, 0xa2, 0x55, 0xa2, 0x74, 0xaa, 0x55, 0xa2, 0x55, 0xa2, 0x74, 0xaa,
    0x55, 0xa2, 0x54, 0xa2, 0x54, 0xaa, 0x74, 0xaa, 0x55, 0xa2, 0x54, 0xa2,
    0x55, 0xa2, 0x54, 0xa2, 0x55, 0xa2, 0x54, 0xa2, 0x55, 0xaa, 0x55, 0xa2,
    0x54, 0xaa, 0x75, 0xa2, 0x54, 0xa2, 0x75, 0xa2, 0x55, 0xa2, 0x54, 0xaa,
    0x54, 0xa2, 0x55, 0xaa, 0x74, 0xa2, 0x54, 0xa2, 0x55, 0xaa, 0x54, 0xa2,
    0x54, 0xa2, 0x55, 0xaa, 0x75, 0xa2, 0x54, 0xa2, 0x54, 0xaa, 0x55, 0xa2,
    0x54, 0xaa, 0x55, 0xa2, 0x54, 0xa2, 0x54, 0xa2, 0x55, 0xaa, 0x55, 0xa2,
    0x54, 0xa2, 0x54, 0xa2, 0x55, 0xaa, 0x54, 0xa2, 0x55, 0xa2, 0x74, 0xaa,
    0x55, 0xaa, 0x54, 0xa2, 0x54, 0xa2, 0x75, 0xaa, 0x55, 0xa2, 0x55, 0xa2,
    0x54, 0xaa, 0x55, 0xa2, 0x74, 0xa2, 0x55, 0xaa, 0x54, 0xaa, 0x55, 0xa2,
    0x54, 0xa2, 0x75, 0xaa, 0x74, 0xa2, 0x55, 0xa2, 0x54, 0xaa, 0x55, 0xaa,
    0x54, 0xa2, 0x54, 0xaa, 0x75, 0xa2, 0x55, 0xa2, 0x54, 0xaa, 0x75, 0xa2,
    0x55, 0xa2, 0x54, 0xaa, 0x75, 0xa2, 0x54, 0xa2, 0x54, 0xaa, 0x75, 0xaa,
    0x54, 0xa2, 0x55, 0xa2, 0x75, 0xaa, 0x54, 0xa2, 0x75, 0xa2, 0x54, 0xaa,
    0x75, 0xa2, 0x74, 0xaa, 0x55, 0xa2, 0x74, 0xa2, 0x55, 0xaa, 0x74, 0xa2,
    0x54, 0xaa, 0x55, 0xa2, 0x74, 0xa2, 0x55, 0xaa, 0x54, 0xa2, 0x55, 0xa2,
    0x54, 0xaa, 0x54, 0xa2, 0x75, 0xaa, 0x54, 0xa2, 0x75, 0xa2, 0x55, 0xa2,
    0x54, 0xaa, 0x75, 0xa2, 0x54, 0xa2, 0x54, 0xaa, 0x54, 0xa2, 0x55, 0xaa,
    0x54, 0xa2, 0x54, 0xa2, 0x75, 0xa2, 0x55, 0xa2, 0x54, 0xaa, 0x54, 0xa2,
    0x75, 0xaa, 0x54, 0xa2, 0x55, 0xa2, 0x54, 0xaa, 0x54, 0xa2, 0x55, 0xaa,
    0x75, 0xa2, 0x55, 0xa2, 0x55, 0xaa, 0x54, 0xa2, 0x54, 0xa2, 0x55, 0xaa,
    0x54, 0xa2, 0x75, 0xa2, 0x54, 0xaa, 0x55, 0xa2, 0x55, 0xaa, 0x54, 0xa2,
    0x54, 0xa2, 0x55, 0xaa, 0x75, 0xaa, 0x55, 0xa2, 0x54, 0xa2, 0x75, 0xaa,
    0x55, 0xa2, 0x54, 0xa2, 0x75, 0xa2, 0x55, 0xaa, 0x55, 0xa2, 0x74, 0xa2,
    0x54, 0xaa, 0x55, 0xaa, 0x54, 0xa2, 0x54, 0xaa, 0x55, 0xa2, 0x75, 0xa2,
    0x54, 0xa2, 0x55, 0xa2, 0x55, 0xa2, 0x54, 0xa2, 0x55, 0xaa, 0x54, 0xaa,
    0x75, 0xa2, 0x54, 0xa2, 0x55, 0xa2, 0x75, 0xaa, 0x54, 0xa2, 0x55, 0xa2,
    0x74, 0xaa, 0x55, 0xa2, 0x54, 0xa2, 0x74, 0xaa, 0x54, 0xa2, 0x55, 0xaa,
    0x74, 0xa2, 0x55, 0xa2, 0x75, 0xaa, 0x54, 0xa2, 0x55, 0xaa, 0x54, 0xa2,
    0x54, 0xa2, 0x55, 0xaa, 0x54, 0xa2, 0x75, 0xa2, 0x54, 0xaa, 0x54, 0xa2,
    0x55, 0xa2, 0x54, 0xa2, 0x54, 0xaa, 0x55, 0xa2, 0x54, 0xaa, 0x54, 0xa2,
    0x74, 0xaa, 0x55, 0xa2, 0x54, 0xa2, 0x55, 0xaa, 0x55, 0xa2, 0x74, 0xa2,
    0x55, 0xa2, 0x54, 0xaa, 0x74, 0xaa, 0x55, 0xa2, 0x54, 0xaa, 0x55, 0xa2,
    0x54, 0xa2, 0x75, 0xa2, 0x55, 0xaa, 0x54, 0xa2, 0x54, 0xaa, 0x75, 0xaa,
    0x54, 0xa2, 0x55, 0xa2, 0x54, 0xaa, 0x55, 0xa2, 0x75, 0xaa, 0x54, 0xa2,
    0x55, 0xa2, 0x55, 0xaa, 0x54, 0xa2, 0x54, 0xa2, 0x55, 0xaa, 0x74, 0xa2,
    0x54, 0xa2, 0x55, 0xaa, 0x75, 0xa2, 0x54, 0xaa, 0x75, 0xa2, 0x54, 0xa2,
    0x55, 0xaa, 0x75, 0xa2, 0x54, 0xaa, 0x55, 0xa2, 0x74, 0xa2, 0x55, 0xaa,
    0x75, 0xa2, 0x54, 0xa2, 0x55, 0xaa, 0x75, 0xa2, 0x54, 0xaa, 0x54, 0xa2,
    0x75, 0xa2, 0x54, 0xaa, 0x54, 0xa2, 0x75, 0xa2, 0x55, 0xaa, 0x54, 0xa2,
    0x55, 0xa2, 0x54, 0xaa, 0x75, 0xa2, 0x54, 0xaa, 0x54, 0xa2, 0x55, 0xaa,
    0x74, 0xa2, 0x55, 0xa2, 0x55, 0xa2, 0x54, 0xaa, 0x75, 0xa2, 0x54, 0xa2,
    0x54, 0xaa, 0x55, 0xa2, 0x54, 0xa2, 0x74, 0xaa, 0x55, 0xa2, 0x55, 0xaa,
    0x74, 0xa2, 0x55, 0xa2, 0x55, 0xaa, 0x54, 0xa2, 0x54, 0xa2, 0x55, 0xaa,
    0x54, 0xa2, 0x75, 0xa2, 0x54, 0xaa, 0x55, 0xa2, 0x54, 0xa2, 0x54, 0xaa,
    0x55, 0xa2, 0x75, 0xaa, 0x54, 0xa2, 0x54, 0xaa, 0x55, 0xa2, 0x74, 0xa2,
    0x55, 0xaa, 0x55, 0xa2, 0x54, 0xa2, 0x55, 0xaa, 0x75, 0xa2, 0x54, 0xaa,
    0x54, 0xa2, 0x55, 0xaa, 0x74, 0xa2, 0x55, 0xa2, 0x55, 0xa2, 0x74, 0xa2,
    0x55, 0xaa, 0x54, 0xa2, 0x55, 0xa2, 0x54, 0xaa, 0x54, 0xa2, 0x75, 0xa2,
    0x54, 0xaa, 0x55, 0xa2, 0x55, 0xa2, 0x74, 0xaa, 0x55, 0xa2, 0x55, 0xa2,
    0x74, 0xaa, 0x55, 0xa2, 0x54, 0xa2, 0x74, 0xaa, 0x55, 0xa2, 0x54, 0xaa,
    0x75, 0xa2, 0x55, 0xaa, 0x74, 0xa2, 0x55, 0xa2, 0x54, 0xaa, 0x54, 0xa2,
    0x55, 0xaa, 0x75, 0xa2, 0x74, 0xa2, 0x54, 0xaa, 0x55, 0xa2, 0x54, 0xa2,
    0x55, 0xaa, 0x54, 0xa2, 0x54, 0xaa, 0x55, 0xa2, 0x74, 0xa2, 0x54, 0xaa,
    0x55, 0xa2, 0x54, 0xa2, 0x55, 0xaa, 0x75, 0xa2, 0x55, 0xa2, 0x54, 0xaa,
    0x54, 0xa2, 0x75, 0xaa, 0x54, 0xaa, 0x54, 0xa2, 0x55, 0xa2, 0x55, 0xa2,
    0x54, 0xa2, 0x55, 0xaa, 0x55, 0xa2, 0x54, 0xaa, 0x74, 0xa2, 0x55, 0xa2,
    0x54, 0xaa, 0x54, 0xaa, 0x75, 0xa2, 0x54, 0xaa, 0x55, 0xa2, 0x55, 0xa2,
    0x54, 0xaa, 0x55, 0xa2, 0x54, 0xa2, 0x74, 0xaa, 0x55, 0xa2, 0x54, 0xa2,
    0x55, 0xaa, 0x75, 0xa2, 0x54, 0xa2, 0x55, 0xaa, 0x54, 0xa2, 0x55, 0xaa,
    0x55, 0xa2, 0x74, 0xa2, 0x55, 0xaa, 0x54, 0xa2, 0x75, 0xa2, 0x75, 0xaa,
    0x54, 0xa2, 0x55, 0xa2, 0x54, 0xaa, 0x75, 0xa2, 0x54, 0xaa, 0x54, 0xa2,
    0x74, 0xa2, 0x55, 0xaa, 0x54, 0xa2, 0x55, 0xa2, 0x55, 0xaa, 0x54, 0xa2,
    0x75, 0xa2, 0x54, 0xaa, 0x54, 0xa2, 0x55, 0xaa, 0x54, 0xa2, 0x75, 0xa2,
    0x55, 0xaa, 0x54, 0xa2, 0x55, 0xa2, 0x74, 0xaa, 0x55, 0xa2, 0x55, 0xa2,
    0x54, 0xa2, 0x74, 0xaa, 0x54, 0xa2, 0x55, 0xaa, 0x74, 0xa2, 0x55, 0xa2,
    0x55, 0xaa, 0x54, 0xa2, 0x54, 0xa2, 0x55, 0xaa, 0x54, 0xaa, 0x74, 0xa2,
    0x55, 0xa2, 0x74, 0xaa, 0x74, 0xa2, 0x55, 0xa2, 0x54, 0xaa, 0x55, 0xa2,
    0x74, 0xaa, 0x55, 0xa2, 0x54, 0xa2, 0x55, 0xaa, 0x75, 0xa2, 0x54, 0xaa,
    0x55, 0xa2, 0x55, 0xa2, 0x75, 0xaa, 0x54, 0xa2, 0x55, 0xa2, 0x54, 0xaa,
    0x74, 0xa2, 0x75, 0xa2, 0x54, 0xaa, 0x55, 0xa2, 0x55, 0xa2, 0x74, 0xaa,
    0x55, 0xa2, 0x54, 0xa2, 0x54, 0xa2, 0x54, 0xaa, 0x75, 0xa2, 0x54, 0xa2,
    0x55, 0xaa, 0x54, 0xa2, 0x74, 0xa2, 0x55, 0xaa, 0x55, 0xa2, 0x54, 0xa2,
    0x75, 0xaa, 0x54, 0xa2, 0x54, 0xaa, 0x75, 0xa2, 0x55, 0xaa, 0x74, 0xa2,
    0x75, 0xa2, 0x55, 0xaa, 0x54, 0xa2, 0x55, 0xa2, 0x55, 0xaa, 0x54, 0xa2,
    0x55, 0xa2, 0x54, 0xaa, 0x55, 0xa2, 0x54, 0xa2, 0x55, 0xaa, 0x74, 0xa2,
    0x54, 0xa2, 0x54, 0xaa, 0x55, 0xa2, 0x74, 0xa2, 0x54, 0xaa, 0x55, 0xa2,
    0x54, 0xa2, 0x75, 0xaa, 0x55, 0xaa, 0x54, 0xa2, 0x55, 0xaa, 0x54, 0xa2,
    0x74, 0xa2, 0x55, 0xaa, 0x54, 0xa2, 0x55, 0xa2, 0x75, 0xaa, 0x54, 0xa2,
    0x55, 0xa2, 0x54, 0xaa, 0x54, 0xa2, 0x75, 0xaa, 0x55, 0xaa, 0x54, 0xa2,
    0x54, 0xaa, 0x75, 0xaa, 0x54, 0xa2, 0x55, 0xa2, 0x55, 0xaa, 0x54, 0xa2,
    0x55, 0xa2, 0x56, 0xaa, 0x7c, 0xa4, 0x5e, 0xb5, 0x5e, 0xbd, 0x5e, 0xb5,
    0x7e, 0xb5, 0x5e, 0xbd, 0x5e, 0xb5, 0x7e, 0xb5, 0x5e, 0xbd, 0x5e, 0xb5,
    0x7e, 0xb5, 0x5e, 0xbd, 0x5e, 0xb5, 0x5e, 0xbd, 0x7e, 0xb5, 0x5e, 0xb5,
    0x5e, 0xbd, 0x5e, 0xb5, 0x7e, 0xbd, 0x5e, 0xb5, 0x58, 0xa2, 0x54, 0xaa,
    0x75, 0xa2, 0x55, 0xa2, 0x54, 0xaa, 0x55, 0xa2, 0x55, 0xa2, 0x74, 0xaa,
    0x54, 0xa2, 0x55, 0xaa, 0x54, 0xa2, 0x54, 0xa2, 0x55, 0xa2, 0x55, 0xa2,
    0x54, 0xa2, 0x55, 0xa2, 0x74, 0xa2, 0x55, 0xa2, 0x55, 0xa2, 0x54, 0xa2,
    0x74, 0xaa, 0x55, 0xa2, 0x74, 0xa2, 0x55, 0xaa, 0x75, 0xa2, 0x3f, 0xd7,
    0xff, 0xff, 0xff, 0xff, 0xff, 0xff, 0xff, 0xff, 0xff, 0xff, 0xff, 0xff,
    0xff, 0xff, 0xff, 0xff, 0xff, 0xff, 0xff, 0xff, 0xff, 0xff, 0xff, 0xff,
    0xff, 0xff, 0xff, 0xff, 0xff, 0xff, 0xff, 0xff, 0xff, 0xff, 0xff, 0xff,
    0xff, 0xff, 0xff, 0xff, 0x3f, 0xd7, 0x54, 0xa2, 0x55, 0xa2, 0x74, 0xaa,
    0x54, 0xa2, 0x55, 0xaa, 0x55, 0xa2, 0x54, 0xa2, 0x75, 0xaa, 0x54, 0xa2,
    0x55, 0xaa, 0x55, 0xa2, 0x54, 0xaa, 0x74, 0xa2, 0x55, 0xaa, 0x54, 0xaa,
    0x54, 0xa2, 0x75, 0xaa, 0x55, 0xa2, 0x54, 0xa2, 0x55, 0xaa, 0x54, 0xa2,
    0x54, 0xa2, 0x55, 0xaa, 0x54, 0xa2, 0x58, 0xf5, 0xfe, 0xff, 0xfe, 0xff,
    0xfe, 0xff, 0xfe, 0xff, 0xfe, 0xff, 0xfe, 0xff, 0xfe, 0xff, 0xfe, 0xff,
    0xfe, 0xff, 0xfe, 0xff, 0xfe, 0xff, 0xfe, 0xff, 0xfe, 0xff, 0xfe, 0xff,
    0xfe, 0xff, 0xfe, 0xff, 0xfe, 0xff, 0xfe, 0xff, 0xfe, 0xff, 0xfe, 0xff,
    0x58, 0xf6, 0x55, 0xaa, 0x55, 0xa2, 0x54, 0xa2, 0x74, 0xaa, 0x55, 0xa2,
    0x74, 0xaa, 0x54, 0xa2, 0x55, 0xa2, 0x74, 0xaa, 0x54, 0xa2, 0x55, 0xa2,
    0x54, 0xa2, 0x55, 0xa2, 0x75, 0xaa, 0x54, 0xa2, 0x55, 0xa2, 0x54, 0xaa,
    0x74, 0xaa, 0x55, 0xa2, 0x55, 0xaa, 0x74, 0xa2, 0x55, 0xaa, 0x54, 0xa2,
    0x75, 0xaa, 0x54, 0xa2, 0x75, 0xd3, 0x75, 0xd3, 0x74, 0xd3, 0x74, 0xd3,
    0x75, 0xd3, 0x74, 0xd3, 0x74, 0xd3, 0x75, 0xd3, 0x74, 0xd3, 0x75, 0xd3,
    0x74, 0xd3, 0x75, 0xd3, 0x75, 0xd3, 0x74, 0xd3, 0x75, 0xd3, 0x75, 0xd3,
    0x74, 0xd3, 0x75, 0xd3, 0x75, 0xd3, 0x74, 0xd3, 0x55, 0xaa, 0x54, 0xaa,
    0x75, 0xa2, 0x55, 0xa2, 0x54, 0xaa, 0x55, 0xa2, 0x54, 0xa2, 0x55, 0xaa,
    0x55, 0xa2, 0x74, 0xa2, 0x55, 0xaa, 0x54, 0xa2, 0x55, 0xa2, 0x54, 0xa2,
    0x54, 0xaa, 0x75, 0xa2, 0x55, 0xa2, 0x54, 0xa2, 0x54, 0xa2, 0x75, 0xaa,
    0x54, 0xa2, 0x55, 0xa2, 0x75, 0xaa, 0x54, 0xa2, 0x55, 0xa2, 0x55, 0xaa,
    0x54, 0xaa, 0x54, 0xaa, 0x55, 0xaa, 0x55, 0xaa, 0x54, 0xaa, 0x55, 0xaa,
    0x55, 0xaa, 0x54, 0xaa, 0x55, 0xaa, 0x54, 0xaa, 0x54, 0xaa, 0x55, 0xaa,
    0x54, 0xaa, 0x54, 0xa2, 0x55, 0xaa, 0x54, 0xaa, 0x54, 0xaa, 0x55, 0xaa,
    0x54, 0xa2, 0x55, 0xa2, 0x54, 0xaa, 0x54, 0xa2, 0x75, 0xa2, 0x54, 0xaa,
    0x55, 0xa2, 0x74, 0xa2, 0x55, 0xaa, 0x54, 0xa2, 0x75, 0xaa, 0x55, 0xa2,
    0x54, 0xaa, 0x55, 0xa2, 0x54, 0xa2, 0x55, 0xaa, 0x54, 0xa2, 0x55, 0xaa,
    0x74, 0xaa, 0x55, 0xa2, 0x55, 0xa2, 0x54, 0xaa, 0x54, 0xa2, 0x55, 0xa2,
    0x74, 0xaa, 0x54, 0xa2, 0x55, 0xa2, 0x74, 0xaa, 0x54, 0xa2, 0x55, 0xa2,
    0x55, 0xa2, 0x54, 0xa2, 0x54, 0xa2, 0x55, 0xa2, 0x54, 0xa2, 0x55, 0xa2,
    0x75, 0xa2, 0x54, 0xa2, 0x55, 0xa2, 0x55, 0xa2, 0x74, 0xa2, 0x55, 0xaa,
    0x55, 0xa2, 0x54, 0xa2, 0x55, 0xa2, 0x54, 0xaa, 0x55, 0xa2, 0x75, 0xaa,
    0x54, 0xa2, 0x55, 0xa2, 0x54, 0xaa, 0x55, 0xa2, 0x74, 0xa2, 0x55, 0xaa,
    0x54, 0xa2, 0x74, 0xa2, 0x54, 0xaa, 0x55, 0xa2, 0x54, 0xa2, 0x74, 0xaa,
    0x55, 0xa2, 0x74, 0xa2, 0x55, 0xa2, 0x54, 0xa2, 0x54, 0xaa, 0x75, 0xa2,
    0x55, 0xaa, 0x74, 0xa2, 0x55, 0xa2, 0x55, 0xaa, 0x54, 0xa2, 0x55, 0xa2,
    0x74, 0xaa, 0x55, 0xa2, 0x57, 0xa2, 0x78, 0xa2, 0x78, 0xaa, 0x58, 0xa2,
    0x79, 0xa2, 0x78, 0xaa, 0x58, 0xa2, 0x58, 0xa2, 0x77, 0xaa, 0x56, 0xa2,
    0x56, 0xa2, 0x75, 0xaa, 0x54, 0xa2, 0x54, 0xa2, 0x75, 0xaa, 0x75, 0xa2,
    0x54, 0xa2, 0x74, 0xa2, 0x55, 0xaa, 0x54, 0xa2, 0x75, 0xa2, 0x55, 0xaa,
    0x54, 0xa2, 0x74, 0xa2, 0x55, 0xaa, 0x55, 0xaa, 0x55, 0xa2, 0x54, 0xa2,
    0x55, 0xaa, 0x55, 0xa2, 0x74, 0xa2, 0x55, 0xa2, 0x54, 0xaa, 0x55, 0xa2,
    0x75, 0xaa, 0x54, 0xa2, 0x55, 0xa2, 0x54, 0xaa, 0x54, 0xa2, 0x75, 0xa2,
    0x54, 0xaa, 0x54, 0xaa, 0x75, 0xa2, 0x55, 0xa2, 0x54, 0xaa, 0xff, 0xf7,
    0xff, 0xff, 0xff, 0xff, 0xff, 0xff, 0xff, 0xff, 0xff, 0xff, 0xff, 0xff,
    0xff, 0xff, 0xff, 0xff, 0xff, 0xff, 0xff, 0xff, 0xff, 0xff, 0xff, 0xff,
    0xff, 0xff, 0xff, 0xf7, 0x54, 0xaa, 0x55, 0xa2, 0x5e, 0xd6, 0xff, 0xff,
    0xff, 0xff, 0x5e, 0xd6, 0x54, 0xaa, 0x55, 0xa2, 0x74, 0xaa, 0x55, 0xa2,
    0x54, 0xa2, 0x74, 0xaa, 0x55, 0xa2, 0x74, 0xa2, 0x55, 0xaa, 0x54, 0xaa,
    0x55, 0xa2, 0x54, 0xa2, 0x54, 0xa2, 0x55, 0xaa, 0x54, 0xa2, 0x75, 0xaa,
    0x55, 0xa2, 0x54, 0xa2, 0x55, 0xaa, 0x55, 0xa2, 0x54, 0xa2, 0x74, 0xa2,
    0x55, 0xaa, 0x54, 0xa2, 0x54, 0xa2, 0x75, 0xd3, 0x58, 0xfe, 0x58, 0xfe,
    0x59, 0xfe, 0x58, 0xfe, 0x58, 0xfe, 0x59, 0xfe, 0x58, 0xfe, 0x58, 0xfe,
    0x59, 0xfe, 0x3a, 0xff, 0x3a, 0xff, 0x3b, 0xff, 0x3a, 0xff, 0x75, 0xe4,
    0x54, 0xa2, 0x54, 0xaa, 0x3c, 0xff, 0xff, 0xff, 0xff, 0xff, 0x3c, 0xff,
    0x55, 0xa2, 0x54, 0xaa, 0x55, 0xa2, 0x55, 0xa2, 0x54, 0xaa, 0x54, 0xa2,
    0x55, 0xa2, 0x74, 0xaa, 0x54, 0xa2, 0x55, 0xa2, 0x74, 0xaa, 0x55, 0xaa,
    0x55, 0xa2, 0x54, 0xa2, 0x54, 0xaa, 0x55, 0xa2, 0x74, 0xa2, 0x54, 0xaa,
    0x75, 0xa2, 0x54, 0xaa, 0x55, 0xa2, 0x55, 0xa2, 0x74, 0xaa, 0x55, 0xaa,
    0x55, 0xa2, 0x54, 0xaa, 0x55, 0xaa, 0x55, 0xa2, 0x54, 0xaa, 0x55, 0xa2,
    0x55, 0xaa, 0x55, 0xaa, 0x54, 0xa2, 0x55, 0xaa, 0x55, 0xa2, 0x54, 0xba,
    0x55, 0xb2, 0x55, 0xba, 0x54, 0xb2, 0x55, 0xa2, 0x55, 0xaa, 0x54, 0xa2,
    0x55, 0xc2, 0x58, 0xfe, 0x58, 0xfe, 0x55, 0xc2, 0x54, 0xaa, 0x74, 0xa2,
    0x55, 0xa2, 0x74, 0xaa, 0x55, 0xa2, 0x55, 0xa2, 0x55, 0xaa, 0x54, 0xa2,
    0x55, 0xa2, 0x75, 0xa2, 0x54, 0xa2, 0x54, 0xa2, 0x54, 0xa2, 0x75, 0xa2,
    0x55, 0xaa, 0x54, 0xa2, 0x55, 0xaa, 0x55, 0xa2, 0x74, 0xa2, 0x54, 0xaa,
    0x55, 0xaa, 0x74, 0xa2, 0x54, 0xa2, 0x55, 0xa2, 0x74, 0xa2, 0x54, 0xaa,
    0x55, 0xa2, 0x54, 0xa2, 0x54, 0xa2, 0x55, 0xaa, 0x54, 0xa2, 0x54, 0xa2,
    0x55, 0xa2, 0x54, 0xa2, 0x55, 0xaa, 0x54, 0xa2, 0x55, 0xa2, 0x54, 0xaa,
    0x54, 0xa2, 0x75, 0xaa, 0x55, 0xa2, 0x54, 0xaa, 0x75, 0xa2, 0x55, 0xaa,
    0x54, 0xa2, 0x55, 0xaa, 0x55, 0xa2, 0x54, 0xa2, 0x74, 0xaa, 0x55, 0xa2,
    0x54, 0xaa, 0x74, 0xa2, 0x75, 0xaa, 0x54, 0xa2, 0x55, 0xaa, 0x54, 0xaa,
    0x55, 0xa2, 0x55, 0xa2, 0x54, 0xa2, 0x55, 0xaa, 0x74, 0xa2, 0x54, 0xa2,
    0x55, 0xaa, 0x74, 0xa2, 0x55, 0xa2, 0x55, 0xa2, 0x54, 0xaa, 0x55, 0xa2,
    0x55, 0xaa, 0x54, 0xa2, 0x75, 0xa2, 0x55, 0xaa, 0x74, 0xa2, 0x75, 0xa2,
    0x55, 0xaa, 0x74, 0xa2, 0x54, 0xa2, 0x75, 0xaa, 0x55, 0xa2, 0x74, 0xaa,
    0x54, 0xa2, 0x75, 0xa2, 0x74, 0xaa, 0x55, 0xa2, 0x54, 0xa2, 0x74, 0xaa,
    0x55, 0xa2, 0x54, 0xa2, 0x54, 0xaa, 0x55, 0xa2, 0x74, 0xa2, 0x55, 0xaa,
    0x55, 0xa2, 0x54, 0xaa, 0x55, 0xa2, 0x55, 0xa2, 0x54, 0xaa, 0x54, 0xa2,
    0x55, 0xa2, 0x74, 0xaa, 0x54, 0xa2, 0x55, 0xaa, 0x74, 0xa2, 0x54, 0xaa,
    0x55, 0xa2, 0x54, 0xaa, 0x55, 0xa2, 0x75, 0xa2, 0x54, 0xaa, 0x54, 0xaa,
    0x55, 0xa2, 0x74, 0xa2, 0x54, 0xa2, 0x75, 0xaa, 0x54, 0xa2, 0x54, 0xaa,
    0x55, 0xa2, 0x7a, 0xab, 0x5f, 0xc6, 0x5f, 0xc6, 0x5f, 0xc6, 0x5e, 0xbd,
    0x5e, 0xb5, 0x5e, 0xbd, 0x7c, 0xa4, 0x7c, 0xa4, 0x7c, 0xac, 0x7c, 0xa4,
    0x7c, 0xac, 0x7c, 0xa4, 0x7c, 0xa4, 0x7c, 0xac, 0x7a, 0xa3, 0x7b, 0xa3,
    0x7a, 0xab, 0x7c, 0xa4, 0x7c, 0xa4, 0x7c, 0xac, 0x56, 0xa2, 0x75, 0xa2,
    0x54, 0xaa, 0x75, 0xa2, 0x55, 0xa2, 0x55, 0xaa, 0x54, 0xa2, 0x55, 0xa2,
    0x75, 0xa2, 0x54, 0xa2, 0x55, 0xaa, 0x54, 0xa2, 0x54, 0xa2, 0x55, 0xaa,
    0x54, 0xa2, 0x55, 0xa2, 0x74, 0xaa, 0x55, 0xa2, 0x55, 0xaa, 0x54, 0xaa,
    0x75, 0xa2, 0x55, 0xa2, 0x54, 0xaa, 0x75, 0xa2, 0x54, 0xa2, 0xff, 0xff,
    0xff, 0xff, 0xff, 0xff, 0xff, 0xff, 0xff, 0xff, 0xff, 0xff, 0xff, 0xff,
    0xff, 0xff, 0xff, 0xff, 0xff, 0xff, 0xff, 0xff, 0xff, 0xff, 0xff, 0xff,
    0xff, 0xff, 0xff, 0xff, 0xff, 0xff, 0xff, 0xff, 0xff, 0xff, 0xff, 0xff,
    0xff, 0xff, 0xff, 0xff, 0xff, 0xff, 0x54, 0xa2, 0x54, 0xaa, 0x74, 0xa2,
    0x55, 0xa2, 0x74, 0xaa, 0x54, 0xaa, 0x55, 0xa2, 0x54, 0xaa, 0x75, 0xa2,
    0x55, 0xa2, 0x54, 0xa2, 0x54, 0xa2, 0x75, 0xa2, 0x54, 0xaa, 0x54, 0xa2,
    0x55, 0xa2, 0x74, 0xa2, 0x54, 0xa2, 0x55, 0xaa, 0x54, 0xa2, 0x54, 0xa2,
    0x55, 0xaa, 0x55, 0xa2, 0x54, 0xaa, 0x57, 0xf5, 0xfc, 0xff, 0xfc, 0xff,
    0xfc, 0xff, 0xfe, 0xff, 0xff, 0xff, 0xff, 0xff, 0xff, 0xff, 0xff, 0xff,
    0xff, 0xff, 0xff, 0xff, 0xff, 0xff, 0xff, 0xff, 0xff, 0xff, 0xff, 0xff,
    0xff, 0xff, 0xff, 0xff, 0xff, 0xff, 0xff, 0xff, 0xff, 0xff, 0xfe, 0xff,
    0x59, 0xf6, 0x55, 0xaa, 0x55, 0xa2, 0x54, 0xaa, 0x55, 0xa2, 0x54, 0xa2,
    0x75, 0xa2, 0x54, 0xaa, 0x54, 0xa2, 0x55, 0xaa, 0x74, 0xa2, 0x55, 0xaa,
    0x55, 0xa2, 0x54, 0xaa, 0x75, 0xa2, 0x55, 0xaa, 0x54, 0xaa, 0x55, 0xa2,
    0x75, 0xa2, 0x54, 0xaa, 0x55, 0xa2, 0x74, 0xa2, 0x75, 0xaa, 0x54, 0xa2,
    0x55, 0xa2, 0x74, 0xaa, 0x55, 0xc2, 0x55, 0xc2, 0x54, 0xc2, 0x75, 0xd3,
    0x58, 0xf5, 0xff, 0xff, 0xff, 0xff, 0xff, 0xff, 0x3e, 0xf7, 0x75, 0xe4,
    0x75, 0xe4, 0x75, 0xe4, 0x75, 0xe4, 0x75, 0xe4, 0x75, 0xe4, 0x74, 0xe4,
    0x75, 0xe4, 0x75, 0xe4, 0x74, 0xe4, 0x75, 0xd3, 0x54, 0xaa, 0x54, 0xa2,
    0x75, 0xa2, 0x55, 0xaa, 0x54, 0xa2, 0x55, 0xa2, 0x75, 0xaa, 0x54, 0xa2,
    0x55, 0xa2, 0x54, 0xaa, 0x54, 0xa2, 0x55, 0xa2, 0x54, 0xa2, 0x55, 0xa2,
    0x54, 0xaa, 0x75, 0xa2, 0x54, 0xa2, 0x54, 0xaa, 0x55, 0xa2, 0x74, 0xa2,
    0x55, 0xaa, 0x55, 0xa2, 0x54, 0xa2, 0x54, 0xaa, 0x75, 0xa2, 0x54, 0xa2,
    0x54, 0xaa, 0x55, 0xaa, 0x54, 0xa2, 0x55, 0xaa, 0x55, 0xba, 0x3e, 0xff,
    0xff, 0xff, 0xff, 0xff, 0xff, 0xff, 0x7c, 0xbc, 0x54, 0xa2, 0x54, 0xaa,
    0x54, 0xaa, 0x54, 0xa2, 0x55, 0xaa, 0x54, 0xaa, 0x55, 0xa2, 0x54, 0xaa,
    0x55, 0xaa, 0x54, 0xa2, 0x55, 0xa2, 0x54, 0xa2, 0x74, 0xaa, 0x55, 0xa2,
    0x54, 0xaa, 0x74, 0xa2, 0x55, 0xaa, 0x55, 0xa2, 0x74, 0xa2, 0x75, 0xaa,
    0x55, 0xa2, 0x54, 0xa2, 0x54, 0xa2, 0x55, 0xaa, 0x54, 0xa2, 0x55, 0xa2,
    0x75, 0xa2, 0x54, 0xaa, 0x55, 0xa2, 0x54, 0xa2, 0x54, 0xaa, 0x55, 0xa2,
    0x54, 0xaa, 0x55, 0xa2, 0x55, 0xa2, 0x54, 0xaa, 0x75, 0xa2, 0x54, 0xa2,
    0x74, 0xaa, 0x55, 0xa2, 0x7c, 0xa4, 0xff, 0xf7, 0xff, 0xff, 0xff, 0xff,
    0xff, 0xff, 0xff, 0xff, 0x7c, 0xa4, 0x55, 0xa2, 0x54, 0xa2, 0x55, 0xa2,
    0x54, 0xaa, 0x55, 0xa2, 0x54, 0xa2, 0x54, 0xa2, 0x55, 0xaa, 0x55, 0xa2,
    0x54, 0xaa, 0x75, 0xaa, 0x55, 0xa2, 0x54, 0xa2, 0x55, 0xa2, 0x74, 0xaa,
    0x54, 0xa2, 0x55, 0xa2, 0x54, 0xaa, 0x55, 0xa2, 0x54, 0xaa, 0x54, 0xa2,
    0x55, 0xa2, 0x74, 0xaa, 0x54, 0xa2, 0x55, 0xaa, 0x54, 0xaa, 0x75, 0xa2,
    0x55, 0xaa, 0x54, 0xa2, 0x75, 0xa2, 0x74, 0xaa, 0x55, 0xa2, 0x74, 0xa2,
    0x54, 0xaa, 0x55, 0xa2, 0x55, 0xa2, 0x74, 0xa2, 0x57, 0xaa, 0x5e, 0xb5,
    0xff, 0xff, 0xff, 0xff, 0xff, 0xff, 0xff, 0xff, 0xff, 0xff, 0xff, 0xff,
    0xff, 0xf7, 0x7a, 0xab, 0x55, 0xa2, 0x55, 0xa2, 0x54, 0xaa, 0x55, 0xa2,
    0x75, 0xa2, 0x54, 0xaa, 0x54, 0xa2, 0x75, 0xa2, 0x54, 0xa2, 0x54, 0xaa,
    0x55, 0xa2, 0x54, 0xa2, 0x75, 0xaa, 0x55, 0xa2, 0x54, 0xa2, 0x54, 0xaa,
    0x75, 0xa2, 0x54, 0xa2, 0x55, 0xaa, 0x75, 0xa2, 0x55, 0xa2, 0x54, 0xa2,
    0x75, 0xaa, 0x54, 0xa2, 0x54, 0xa2, 0x55, 0xa2, 0x74, 0xaa, 0x55, 0xa2,
    0x54, 0xaa, 0x55, 0xa2, 0x55, 0xa2, 0x74, 0xaa, 0x54, 0xaa, 0x55, 0xa2,
    0x54, 0xaa, 0x58, 0xaa, 0x3f, 0xd7, 0xff, 0xff, 0xff, 0xff, 0xff, 0xff,
    0xff, 0xff, 0x3c, 0xff, 0xff, 0xff, 0xff, 0xff, 0xff, 0xff, 0xff, 0xf7,
    0x7a, 0xab, 0x55, 0xa2, 0x54, 0xa2, 0x74, 0xaa, 0x55, 0xa2, 0x55, 0xaa,
    0x74, 0xa2, 0x55, 0xa2, 0x55, 0xaa, 0x74, 0xa2, 0x54, 0xa2, 0x55, 0xaa,
    0x54, 0xaa, 0x55, 0xa2, 0x55, 0xaa, 0x74, 0xa2, 0x55, 0xa2, 0x54, 0xaa,
    0x54, 0xa2, 0x55, 0xa2, 0x54, 0xa2, 0x55, 0xaa, 0x55, 0xa2, 0x74, 0xa2,
    0x55, 0xaa, 0x54, 0xa2, 0x54, 0xa2, 0x55, 0xaa, 0x54, 0xa2, 0x54, 0xaa,
    0x55, 0xa2, 0x55, 0xa2, 0x75, 0xa2, 0x54, 0xa2, 0x7c, 0xa4, 0xff, 0xe7,
    0xff, 0xff, 0xff, 0xff, 0xff, 0xff, 0xff, 0xff, 0x58, 0xfe, 0x55, 0xc2,
    0x3a, 0xff, 0xff, 0xff, 0xff, 0xff, 0xff, 0xff, 0xff, 0xf7, 0x7a, 0xab,
    0x55, 0xa2, 0x54, 0xa2, 0x54, 0xaa, 0x55, 0xa2, 0x54, 0xaa, 0x54, 0xa2,
    0x55, 0xaa, 0x75, 0xa2, 0x54, 0xa2, 0x55, 0xaa, 0x74, 0xa2, 0x54, 0xa2,
    0x55, 0xaa, 0x75, 0xa2, 0x54, 0xaa, 0x55, 0xa2, 0x74, 0xaa, 0x54, 0xa2,
    0x54, 0xa2, 0x55, 0xaa, 0x54, 0xa2, 0x55, 0xa2, 0x75, 0xaa, 0x54, 0xa2,
    0x75, 0xa2, 0x75, 0xaa, 0x54, 0xa2, 0x74, 0xa2, 0x55, 0xaa, 0x54, 0xaa,
    0x54, 0xa2, 0x5e, 0xc6, 0xff, 0xff, 0xff, 0xff, 0xff, 0xff, 0xff, 0xff,
    0xfe, 0xff, 0x75, 0xe4, 0x54, 0xaa, 0x55, 0xa2, 0x55, 0xb2, 0x3a, 0xff,
    0xff, 0xff, 0xff, 0xff, 0xff, 0xff, 0x3f, 0xe7, 0x55, 0xaa, 0x55, 0xa2,
    0x74, 0xa2, 0x55, 0xaa, 0x75, 0xa2, 0x54, 0xa2, 0x54, 0xaa, 0x55, 0xa2,
    0x55, 0xa2, 0x74, 0xaa, 0x55, 0xa2, 0x54, 0xa2, 0x54, 0xa2, 0x55, 0xaa,
    0x54, 0xa2, 0x75, 0xa2, 0x55, 0xaa, 0x54, 0xa2, 0x55, 0xa2, 0x74, 0xa2,
    0x54, 0xaa, 0x55, 0xa2, 0x54, 0xaa, 0x54, 0xa2, 0x55, 0xaa, 0x55, 0xa2,
    0x54, 0xa2, 0x75, 0xa2, 0x55, 0xaa, 0x54, 0xa2, 0x75, 0xaa, 0xff, 0xff,
    0xff, 0xff, 0xff, 0xff, 0xff, 0xff, 0xfc, 0xff, 0x75, 0xd3, 0x54, 0xa2,
    0x54, 0xaa, 0x55, 0xaa, 0x54, 0xa2, 0x55, 0xba, 0x3a, 0xff, 0xff, 0xff,
    0xff, 0xff, 0xfe, 0xff, 0x54, 0xa2, 0x55, 0xaa, 0x54, 0xa2, 0x74, 0xa2,
    0x55, 0xaa, 0x55, 0xa2, 0x74, 0xa2, 0x54, 0xaa, 0x55, 0xa2, 0x74, 0xa2,
    0x55, 0xaa, 0x55, 0xa2, 0x74, 0xaa, 0x55, 0xa2, 0x54, 0xa2, 0x54, 0xaa,
    0x55, 0xa2, 0x55, 0xa2, 0x54, 0xa2, 0x55, 0xaa, 0x75, 0xa2, 0x54, 0xa2,
    0x55, 0xaa, 0x74, 0xa2, 0x54, 0xa2, 0x55, 0xaa, 0x54, 0xaa, 0x55, 0xa2,
    0x54, 0xa2, 0x75, 0xa2, 0x55, 0xaa, 0x3a, 0xff, 0xff, 0xff, 0xfe, 0xff,
    0x58, 0xfe, 0x55, 0xc2, 0x55, 0xaa, 0x54, 0xa2, 0x75, 0xa2, 0x54, 0xa2,
    0x55, 0xaa, 0x54, 0xa2, 0x55, 0xb2, 0x58, 0xfe, 0xfc, 0xff, 0x75, 0xe4,
    0x54, 0xa2, 0x55, 0xaa, 0x55, 0xa2, 0x54, 0xa2, 0x54, 0xaa, 0x55, 0xa2,
    0x75, 0xa2, 0x54, 0xaa, 0x54, 0xaa, 0x55, 0xa2, 0x54, 0xa2, 0x75, 0xaa,
    0x54, 0xa2, 0x75, 0xa2, 0x55, 0xaa, 0x54, 0xa2, 0x74, 0xa2, 0x55, 0xaa,
    0x54, 0xa2, 0x55, 0xaa, 0x54, 0xa2, 0x75, 0xa2, 0x55, 0xaa, 0x54, 0xa2,
    0x75, 0xa2, 0x54, 0xaa, 0x75, 0xa2, 0x54, 0xaa, 0x54, 0xa2, 0x55, 0xa2,
    0x54, 0xaa, 0x55, 0xb2, 0x57, 0xf5, 0x75, 0xd3, 0x54, 0xaa, 0x55, 0xa2,
    0x54, 0xaa, 0x75, 0xaa, 0x54, 0xa2, 0x55, 0xa2, 0x74, 0xaa, 0x55, 0xa2,
    0x55, 0xa2, 0x54, 0xaa, 0x55, 0xc2, 0x55, 0xa2, 0x74, 0xaa, 0x54, 0xa2,
    0x75, 0xaa, 0x55, 0xa2, 0x54, 0xaa, 0x74, 0xa2, 0x55, 0xa2, 0x55, 0xaa,
    0x74, 0xa2, 0x55, 0xa2, 0x54, 0xaa, 0x54, 0xa2, 0x55, 0xa2, 0x54, 0xaa,
    0x75, 0xaa, 0x55, 0xa2, 0x54, 0xa2, 0x54, 0xaa, 0x55, 0xa2, 0x54, 0xa2,
    0x54, 0xaa, 0x55, 0xa2, 0x54, 0xaa, 0x55, 0xa2, 0x55, 0xa2, 0x54, 0xa2,
    0x75, 0xa2, 0x55, 0xaa, 0x54, 0xa2, 0x74, 0xaa, 0x55, 0xa2, 0x54, 0xa2,
    0x74, 0xaa, 0x55, 0xa2, 0x56, 0xa2, 0x7a, 0xab, 0x7c, 0xa4, 0x7c, 0xa4,
    0x7c, 0xac, 0x7a, 0xa3, 0x58, 0xa2, 0x55, 0xaa, 0x74, 0xa2, 0x54, 0xaa,
    0x55, 0xa2, 0x54, 0xa2, 0x55, 0xaa, 0x54, 0xa2, 0x74, 0xa2, 0x55, 0xaa,
    0x55, 0xa2, 0x54, 0xaa, 0x54, 0xa2, 0x55, 0xa2, 0x75, 0xaa, 0x54, 0xa2,
    0x55, 0xaa, 0x75, 0xa2, 0x54, 0xa2, 0x54, 0xaa, 0x55, 0xa2, 0x74, 0xa2,
    0x55, 0xaa, 0x55, 0xa2, 0x54, 0xa2, 0x75, 0xaa, 0x55, 0xa2, 0x74, 0xa2,
    0x54, 0xaa, 0x75, 0xaa, 0x54, 0xa2, 0x54, 0xaa, 0x55, 0xaa, 0x54, 0xa2,
    0x75, 0xa2, 0x55, 0xaa, 0x54, 0xa2, 0x74, 0xa2, 0x7a, 0xab, 0xff, 0xf7,
    0xff, 0xff, 0xff, 0xff, 0xff, 0xff, 0xff, 0xff, 0xff, 0xff, 0xff, 0xff,
    0xff, 0xff, 0xff, 0xff, 0xff, 0xf7, 0x5e, 0xb5, 0x75, 0xaa, 0x54, 0xa2,
    0x55, 0xa2, 0x55, 0xaa, 0x54, 0xa2, 0x74, 0xa2, 0x55, 0xa2, 0x75, 0xaa,
    0x54, 0xa2, 0x54, 0xa2, 0x55, 0xaa, 0x54, 0xa2, 0x74, 0xa2, 0x55, 0xaa,
    0x55, 0xa2, 0x74, 0xa2, 0x54, 0xaa, 0x55, 0xa2, 0x54, 0xa2, 0x54, 0xa2,
    0x54, 0xa2, 0x55, 0xaa, 0x54, 0xa2, 0x55, 0xa2, 0x74, 0xa2, 0x55, 0xa2,
    0x54, 0xaa, 0x75, 0xa2, 0x54, 0xa2, 0x54, 0xa2, 0x55, 0xaa, 0x55, 0xa2,
    0x54, 0xaa, 0x55, 0xa2, 0x3f, 0xe7, 0xff, 0xff, 0xff, 0xff, 0xff, 0xff,
    0xff, 0xff, 0xff, 0xff, 0xff, 0xff, 0xff, 0xff, 0xff, 0xff, 0xff, 0xff,
    0xff, 0xff, 0xff, 0xff, 0x5e, 0xc6, 0x54, 0xaa, 0x75, 0xa2, 0x55, 0xaa,
    0x54, 0xaa, 0x55, 0xa2, 0x54, 0xa2, 0x75, 0xaa, 0x55, 0xa2, 0x54, 0xaa,
    0x75, 0xa2, 0x55, 0xa2, 0x54, 0xaa, 0x54, 0xa2, 0x55, 0xaa, 0x75, 0xa2,
    0x54, 0xaa, 0x55, 0xaa, 0x75, 0xa2, 0x54, 0xaa, 0x55, 0xa2, 0x54, 0xa2,
    0x55, 0xaa, 0x54, 0xaa, 0x55, 0xa2, 0x54, 0xa2, 0x55, 0xaa, 0x75, 0xa2,
    0x54, 0xa2, 0x55, 0xaa, 0x74, 0xa2, 0x54, 0xa2, 0x55, 0xaa, 0x7a, 0xb4,
    0xff, 0xff, 0xff, 0xff, 0xff, 0xff, 0x3c, 0xff, 0xfe, 0xff, 0xff, 0xff,
    0xff, 0xff, 0x79, 0xe4, 0x3a, 0xff, 0xff, 0xff, 0xff, 0xff, 0xff, 0xff,
    0xff, 0xff, 0x78, 0xb3, 0x54, 0xa2, 0x75, 0xa2, 0x54, 0xaa, 0x55, 0xa2,
    0x54, 0xaa, 0x54, 0xa2, 0x55, 0xa2, 0x74, 0xaa, 0x54, 0xa2, 0x55, 0xaa,
    0x75, 0xa2, 0x54, 0xa2, 0x54, 0xaa, 0x55, 0xa2, 0x54, 0xa2, 0x74, 0xa2,
    0x55, 0xa2, 0x55, 0xaa, 0x54, 0xa2, 0x75, 0xaa, 0x74, 0xa2, 0x55, 0xa2,
    0x54, 0xaa, 0x74, 0xaa, 0x55, 0xa2, 0x54, 0xa2, 0x55, 0xaa, 0x75, 0xaa,
    0x54, 0xa2, 0x55, 0xa2, 0x75, 0xaa, 0x3e, 0xe7, 0xff, 0xff, 0xff, 0xff,
    0xff, 0xff, 0x77, 0xd4, 0x58, 0xf6, 0xff, 0xff, 0xff, 0xff, 0x5e, 0xc6,
    0x55, 0xba, 0x3a, 0xff, 0xff, 0xff, 0xff, 0xff, 0xff, 0xff, 0x3e, 0xe7,
    0x55, 0xaa, 0x54, 0xa2, 0x75, 0xa2, 0x54, 0xaa, 0x75, 0xa2, 0x54, 0xa2,
    0x55, 0xaa, 0x55, 0xa2, 0x54, 0xa2, 0x54, 0xaa, 0x75, 0xa2, 0x55, 0xa2,
    0x54, 0xaa, 0x75, 0xa2, 0x55, 0xa2, 0x54, 0xaa, 0x54, 0xa2, 0x55, 0xa2,
    0x54, 0xa2, 0x55, 0xaa, 0x54, 0xa2, 0x55, 0xa2, 0x75, 0xa2, 0x54, 0xaa,
    0x55, 0xa2, 0x54, 0xa2, 0x74, 0xaa, 0x55, 0xa2, 0x54, 0xa2, 0x54, 0xaa,
    0x55, 0xa2, 0xff, 0xf7, 0xff, 0xff, 0xff, 0xff, 0xff, 0xff, 0x55, 0xba,
    0x75, 0xb3, 0xff, 0xff, 0xff, 0xff, 0xff, 0xf7, 0x55, 0xa2, 0x75, 0xc3,
    0xff, 0xff, 0xff, 0xff, 0xff, 0xff, 0xff, 0xff, 0x55, 0xaa, 0x54, 0xa2,
    0x54, 0xa2, 0x55, 0xaa, 0x75, 0xa2, 0x54, 0xa2, 0x54, 0xaa, 0x75, 0xa2,
    0x55, 0xa2, 0x54, 0xaa, 0x54, 0xa2, 0x55, 0xaa, 0x74, 0xa2, 0x54, 0xa2,
    0x55, 0xaa, 0x55, 0xaa, 0x74, 0xa2, 0x54, 0xa2, 0x55, 0xa2, 0x54, 0xa2,
    0x55, 0xaa, 0x54, 0xa2, 0x54, 0xa2, 0x75, 0xaa, 0x55, 0xa2, 0x54, 0xa2,
    0x55, 0xaa, 0x54, 0xa2, 0x75, 0xa2, 0x54, 0xaa, 0x54, 0xa2, 0xff, 0xff,
    0xff, 0xff, 0xff, 0xff, 0xff, 0xff, 0x54, 0xa2, 0x55, 0xaa, 0x3c, 0xff,
    0xff, 0xff, 0xff, 0xff, 0x7a, 0xbc, 0x54, 0xa2, 0xff, 0xff, 0xff, 0xff,
    0xff, 0xff, 0xff, 0xff, 0x55, 0xa2, 0x74, 0xaa, 0x55, 0xa2, 0x54, 0xa2,
    0x55, 0xaa, 0x54, 0xa2, 0x74, 0xaa, 0x55, 0xa2, 0x74, 0xaa, 0x55, 0xa2,
    0x55, 0xa2, 0x74, 0xaa, 0x55, 0xa2, 0x54, 0xa2, 0x54, 0xaa, 0x75, 0xa2,
    0x55, 0xa2, 0x54, 0xaa, 0x54, 0xa2, 0x75, 0xaa, 0x74, 0xaa, 0x55, 0xa2,
    0x54, 0xaa, 0x55, 0xa2, 0x74, 0xa2, 0x55, 0xaa, 0x54, 0xa2, 0x75, 0xa2,
    0x55, 0xaa, 0x55, 0xa2, 0x74, 0xa2, 0xfe, 0xff, 0xff, 0xff, 0xff, 0xff,
    0xff, 0xff, 0x56, 0xa2, 0x54, 0xa2, 0x55, 0xaa, 0xfe, 0xff, 0xff, 0xff,
    0xff, 0xff, 0x5e, 0xc5, 0xff, 0xff, 0xff, 0xff, 0xff, 0xff, 0x3e, 0xff,
    0x54, 0xa2, 0x55, 0xaa, 0x74, 0xa2, 0x55, 0xaa, 0x54, 0xa2, 0x75, 0xa2,
    0x55, 0xaa, 0x54, 0xa2, 0x54, 0xa2, 0x75, 0xaa, 0x54, 0xa2, 0x55, 0xa2,
    0x55, 0xaa, 0x74, 0xa2, 0x55, 0xa2, 0x54, 0xaa, 0x55, 0xa2, 0x55, 0xa2,
    0x54, 0xa2, 0x55, 0xa2, 0x55, 0xa2, 0x54, 0xaa, 0x75, 0xa2, 0x54, 0xa2,
    0x54, 0xaa, 0x75, 0xaa, 0x54, 0xa2, 0x54, 0xa2, 0x55, 0xaa, 0x54, 0xaa,
    0x55, 0xa2, 0x5a, 0xf6, 0xff, 0xff, 0xff, 0xff, 0xff, 0xff, 0x7b, 0xbc,
    0x55, 0xa2, 0x54, 0xa2, 0x58, 0xe5, 0xff, 0xff, 0xff, 0xff, 0xff, 0xff,
    0xff, 0xff, 0xff, 0xff, 0xff, 0xff, 0x58, 0xe5, 0x55, 0xaa, 0x54, 0xa2,
    0x55, 0xa2, 0x74, 0xaa, 0x55, 0xa2, 0x54, 0xa2, 0x55, 0xaa, 0x55, 0xa2,
    0x54, 0xa2, 0x54, 0xaa, 0x75, 0xa2, 0x54, 0xaa, 0x54, 0xaa, 0x55, 0xa2,
    0x75, 0xa2, 0x54, 0xaa, 0x54, 0xa2, 0x74, 0xa2, 0x54, 0xa2, 0x55, 0xaa,
    0x54, 0xa2, 0x54, 0xa2, 0x75, 0xaa, 0x55, 0xa2, 0x54, 0xa2, 0x55, 0xaa,
    0x55, 0xa2, 0x74, 0xa2, 0x54, 0xaa, 0x75, 0xa2, 0x55, 0xa2, 0x76, 0xcb,
    0xff, 0xff, 0xff, 0xff, 0xff, 0xff, 0x3f, 0xe7, 0x55, 0xaa, 0x54, 0xa2,
    0x55, 0xb2, 0xfe, 0xff, 0xff, 0xff, 0xff, 0xff, 0xff, 0xff, 0xff, 0xff,
    0xfe, 0xff, 0x55, 0xba, 0x74, 0xa2, 0x55, 0xa2, 0x54, 0xaa, 0x55, 0xa2,
    0x54, 0xaa, 0x74, 0xa2, 0x55, 0xaa, 0x75, 0xa2, 0x54, 0xaa, 0x55, 0xa2,
    0x55, 0xa2, 0x74, 0xa2, 0x54, 0xa2, 0x55, 0xaa, 0x54, 0xa2, 0x75, 0xaa,
    0x55, 0xaa, 0x54, 0xa2, 0x55, 0xa2, 0x74, 0xaa, 0x55, 0xa2, 0x54, 0xa2,
    0x55, 0xaa, 0x54, 0xa2, 0x75, 0xa2, 0x54, 0xaa, 0x55, 0xa2, 0x55, 0xa2,
    0x74, 0xaa, 0x55, 0xa2, 0x54, 0xa2, 0x55, 0xaa, 0x3a, 0xff, 0xff, 0xff,
    0xff, 0xff, 0xff, 0xff, 0x54, 0xa2, 0x75, 0xaa, 0x54, 0xaa, 0x75, 0xd3,
    0xfe, 0xff, 0xff, 0xff, 0xfe, 0xff, 0x3a, 0xff, 0x75, 0xd3, 0x54, 0xa2,
    0x55, 0xaa, 0x74, 0xa2, 0x55, 0xa2, 0x55, 0xaa, 0x74, 0xa2, 0x55, 0xa2,
    0x54, 0xa2, 0x54, 0xaa, 0x75, 0xa2, 0x54, 0xaa, 0x55, 0xa2, 0x55, 0xaa,
    0x74, 0xa2, 0x55, 0xa2, 0x54, 0xaa, 0x54, 0xa2, 0x55, 0xa2, 0x55, 0xa2,
    0x54, 0xa2, 0x55, 0xaa, 0x74, 0xa2, 0x55, 0xaa, 0x54, 0xa2, 0x75, 0xaa,
    0x54, 0xa2, 0x54, 0xa2, 0x75, 0xaa, 0x54, 0xa2, 0x54, 0xa2, 0x55, 0xaa,
    0x54, 0xa2, 0x55, 0xa2, 0x55, 0xb2, 0x3a, 0xff, 0xfc, 0xff, 0x3a, 0xff,
    0x55, 0xa2, 0x54, 0xa2, 0x75, 0xaa, 0x54, 0xa2, 0x74, 0xd3, 0x75, 0xe4,
    0x75, 0xd3, 0x54, 0xba, 0x55, 0xa2, 0x55, 0xaa, 0x54, 0xa2, 0x54, 0xa2,
    0x75, 0xaa, 0x54, 0xa2, 0x55, 0xa2, 0x55, 0xaa, 0x54, 0xa2, 0x55, 0xa2,
    0x74, 0xaa, 0x54, 0xa2, 0x55, 0xaa, 0x54, 0xa2, 0x55, 0xaa, 0x75, 0xa2,
    0x54, 0xa2, 0x54, 0xaa, 0x75, 0xa2, 0x54, 0xa2, 0x54, 0xa2, 0x55, 0xa2,
    0x55, 0xaa, 0x54, 0xa2, 0x75, 0xa2, 0x55, 0xaa, 0x54, 0xa2, 0x55, 0xa2,
    0x55, 0xaa, 0x74, 0xa2, 0x55, 0xaa, 0x54, 0xa2, 0x75, 0xaa, 0x54, 0xa2,
    0x55, 0xaa, 0x55, 0xb2, 0x54, 0xc2, 0x55, 0xba, 0x55, 0xa2, 0x54, 0xa2,
    0x55, 0xaa, 0x55, 0xa2, 0x54, 0xaa, 0x55, 0xaa, 0x54, 0xa2, 0x54, 0xa2,
    0x55, 0xaa, 0x74, 0xa2, 0x55, 0xa2, 0x55, 0xaa, 0x54, 0xaa, 0x74, 0xa2,
    0x55, 0xaa, 0x74, 0xaa, 0x55, 0xa2, 0x55, 0xa2, 0x54, 0xaa, 0x75, 0xa2,
    0x54, 0xa2, 0x54, 0xa2, 0x75, 0xaa, 0x54, 0xa2, 0x55, 0xa2, 0x75, 0xaa,
    0x54, 0xaa, 0x54, 0xa2
};
