// 4.24.2 0x170ea4dd D2 R0 FRGB565 U565 N0 SExtFlashSection
// Generated by imageconverter. Please, do not edit!

#include <touchgfx/hal/Config.hpp>

LOCATION_PRAGMA("ExtFlashSection")
KEEP extern const unsigned char image_you[] LOCATION_ATTRIBUTE("ExtFlashSection") = { // 116x161 RGB565 pixels.
    0x05, 0xfc, 0x05, 0xfc, 0x05, 0xfc, 0x05, 0xfc, 0x05, 0xfc, 0x05, 0xfc,
    0x05, 0xfc, 0x05, 0xfc, 0x05, 0xfc, 0x05, 0xfc, 0x05, 0xfc, 0x05, 0xfc,
    0x05, 0xfc, 0x05, 0xfc, 0x05, 0xfc, 0x05, 0xfc, 0x05, 0xfc, 0x05, 0xfc,
    0x05, 0xfc, 0x05, 0xfc, 0x05, 0xfc, 0x05, 0xfc, 0x05, 0xfc, 0x05, 0xfc,
    0x05, 0xfc, 0x05, 0xfc, 0x05, 0xfc, 0x05, 0xfc, 0x05, 0xfc, 0x05, 0xfc,
    0x05, 0xfc, 0x05, 0xfc, 0x05, 0xfc, 0x05, 0xfc, 0x05, 0xfc, 0x05, 0xfc,
    0x05, 0xfc, 0x05, 0xfc, 0x05, 0xfc, 0x05, 0xfc, 0x05, 0xfc, 0x05, 0xfc,
    0x05, 0xfc, 0x05, 0xfc, 0x05, 0xfc, 0x05, 0xfc, 0x05, 0xfc, 0x05, 0xfc,
    0x05, 0xfc, 0x05, 0xfc, 0x05, 0xfc, 0x05, 0xfc, 0x05, 0xfc, 0x05, 0xfc,
    0x05, 0xfc, 0x05, 0xfc, 0x05, 0xfc, 0x05, 0xfc, 0x05, 0xfc, 0x05, 0xfc,
    0x05, 0xfc, 0x05, 0xfc, 0x05, 0xfc, 0x05, 0xfc, 0x05, 0xfc, 0x05, 0xfc,
    0x05, 0xfc, 0x05, 0xfc, 0x05, 0xfc, 0x05, 0xfc, 0x05, 0xfc, 0x05, 0xfc,
    0x05, 0xfc, 0x05, 0xfc, 0x05, 0xfc, 0x05, 0xfc, 0x05, 0xfc, 0x05, 0xfc,
    0x05, 0xfc, 0x05, 0xfc, 0x05, 0xfc, 0x05, 0xfc, 0x05, 0xfc, 0x05, 0xfc,
    0x05, 0xfc, 0x05, 0xfc, 0x05, 0xfc, 0x05, 0xfc, 0x05, 0xfc, 0x05, 0xfc,
    0x05, 0xfc, 0x05, 0xfc, 0x05, 0xfc, 0x05, 0xfc, 0x05, 0xfc, 0x05, 0xfc,
    0x05, 0xfc, 0x05, 0xfc, 0x05, 0xfc, 0x05, 0xfc, 0x05, 0xfc, 0x05, 0xfc,
    0x05, 0xfc, 0x05, 0xfc, 0x05, 0xfc, 0x05, 0xfc, 0x05, 0xfc, 0x05, 0xfc,
    0x05, 0xfc, 0x05, 0xfc, 0x05, 0xfc, 0x05, 0xfc, 0x05, 0xfc, 0x05, 0xfc,
    0x05, 0xfc, 0x05, 0xfc, 0x05, 0xfc, 0xe5, 0xfb, 0x05, 0xfc, 0xe5, 0xfb,
    0x05, 0xfc, 0xe5, 0xfb, 0x05, 0xfc, 0xe5, 0xfb, 0x05, 0xfc, 0xe5, 0xfb,
    0x05, 0xfc, 0xe5, 0xfb, 0x05, 0xfc, 0xe5, 0xfb, 0x05, 0xfc, 0xe5, 0xfb,
    0x05, 0xfc, 0xe5, 0xfb, 0x05, 0xfc, 0xe5, 0xfb, 0x05, 0xfc, 0xe5, 0xfb,
    0x05, 0xfc, 0xe5, 0xfb, 0x05, 0xfc, 0xe5, 0xfb, 0x05, 0xfc, 0xe5, 0xfb,
    0x05, 0xfc, 0xe5, 0xfb, 0x05, 0xfc, 0xe5, 0xfb, 0x05, 0xfc, 0xe5, 0xfb,
    0x05, 0xfc, 0xe5, 0xfb, 0x05, 0xfc, 0xe5, 0xfb, 0x05, 0xfc, 0xe5, 0xfb,
    0x05, 0xfc, 0xe5, 0xfb, 0x05, 0xfc, 0xe5, 0xfb, 0x05, 0xfc, 0xe5, 0xfb,
    0x05, 0xfc, 0xe5, 0xfb, 0x05, 0xfc, 0xe5, 0xfb, 0x05, 0xfc, 0xe5, 0xfb,
    0x05, 0xfc, 0xe5, 0xfb, 0x05, 0xfc, 0xe5, 0xfb, 0x05, 0xfc, 0xe5, 0xfb,
    0x05, 0xfc, 0xe5, 0xfb, 0x05, 0xfc, 0xe5, 0xfb, 0x05, 0xfc, 0xe5, 0xfb,
    0x05, 0xfc, 0xe5, 0xfb, 0x05, 0xfc, 0xe5, 0xfb, 0x05, 0xfc, 0xe5, 0xfb,
    0x05, 0xfc, 0xe5, 0xfb, 0x05, 0xfc, 0xe5, 0xfb, 0x05, 0xfc, 0xe5, 0xfb,
    0x05, 0xfc, 0xe5, 0xfb, 0x05, 0xfc, 0xe5, 0xfb, 0x05, 0xfc, 0xe5, 0xfb,
    0x05, 0xfc, 0xe5, 0xfb, 0x05, 0xfc, 0xe5, 0xfb, 0x05, 0xfc, 0xe5, 0xfb,
    0x05, 0xfc, 0xe5, 0xfb, 0x05, 0xfc, 0xe5, 0xfb, 0x05, 0xfc, 0xe5, 0xfb,
    0x05, 0xfc, 0xe5, 0xfb, 0x05, 0xfc, 0xe5, 0xfb, 0x05, 0xfc, 0xe5, 0xfb,
    0x05, 0xfc, 0xe5, 0xfb, 0x05, 0xfc, 0xe5, 0xfb, 0x05, 0xfc, 0xe5, 0xfb,
    0x05, 0xfc, 0xe5, 0xfb, 0x05, 0xfc, 0xe5, 0xfb, 0x05, 0xfc, 0xe5, 0xfb,
    0x05, 0xfc, 0xe5, 0xfb, 0x05, 0xfc, 0x05, 0xfc, 0x05, 0xfc, 0x05, 0xfc,
    0xe5, 0xfb, 0x05, 0xfc, 0x05, 0xfc, 0x05, 0xfc, 0xe5, 0xfb, 0x05, 0xfc,
    0x05, 0xfc, 0x05, 0xfc, 0xe5, 0xfb, 0x05, 0xfc, 0x05, 0xfc, 0x05, 0xfc,
    0xe5, 0xfb, 0x05, 0xfc, 0x05, 0xfc, 0x05, 0xfc, 0xe5, 0xfb, 0x05, 0xfc,
    0x05, 0xfc, 0x05, 0xfc, 0xe5, 0xfb, 0x05, 0xfc, 0x05, 0xfc, 0x05, 0xfc,
    0xe5, 0xfb, 0x05, 0xfc, 0x05, 0xfc, 0x05, 0xfc, 0xe5, 0xfb, 0x05, 0xfc,
    0x05, 0xfc, 0x05, 0xfc, 0xe5, 0xfb, 0x05, 0xfc, 0x05, 0xfc, 0x05, 0xfc,
    0xe5, 0xfb, 0x05, 0xfc, 0x05, 0xfc, 0x05, 0xfc, 0xe5, 0xfb, 0x05, 0xfc,
    0x05, 0xfc, 0x05, 0xfc, 0xe5, 0xfb, 0x05, 0xfc, 0x05, 0xfc, 0x05, 0xfc,
    0xe5, 0xfb, 0x05, 0xfc, 0x05, 0xfc, 0x05, 0xfc, 0xe5, 0xfb, 0x05, 0xfc,
    0x05, 0xfc, 0x05, 0xfc, 0xe5, 0xfb, 0x05, 0xfc, 0x05, 0xfc, 0x05, 0xfc,
    0xe5, 0xfb, 0x05, 0xfc, 0x05, 0xfc, 0x05, 0xfc, 0xe5, 0xfb, 0x05, 0xfc,
    0x05, 0xfc, 0x05, 0xfc, 0xe5, 0xfb, 0x05, 0xfc, 0x05, 0xfc, 0x05, 0xfc,
    0xe5, 0xfb, 0x05, 0xfc, 0x05, 0xfc, 0x05, 0xfc, 0xe5, 0xfb, 0x05, 0xfc,
    0x05, 0xfc, 0x05, 0xfc, 0xe5, 0xfb, 0x05, 0xfc, 0x05, 0xfc, 0x05, 0xfc,
    0xe5, 0xfb, 0x05, 0xfc, 0x05, 0xfc, 0x05, 0xfc, 0xe5, 0xfb, 0x05, 0xfc,
    0x05, 0xfc, 0x05, 0xfc, 0xe5, 0xfb, 0x05, 0xfc, 0x05, 0xfc, 0x05, 0xfc,
    0xe5, 0xfb, 0x05, 0xfc, 0x05, 0xfc, 0x05, 0xfc, 0xe5, 0xfb, 0x05, 0xfc,
    0x05, 0xfc, 0x05, 0xfc, 0xe5, 0xfb, 0x05, 0xfc, 0x05, 0xfc, 0x05, 0xfc,
    0xe5, 0xfb, 0x05, 0xfc, 0x05, 0xfc, 0x05, 0xfc, 0xe5, 0xfb, 0x05, 0xfc,
    0x05, 0xfc, 0x05, 0xfc, 0x05, 0xfc, 0x04, 0xfc, 0x05, 0xfc, 0x05, 0xfc,
    0x04, 0xfc, 0x05, 0xfc, 0x05, 0xfc, 0x04, 0xfc, 0x05, 0xfc, 0x05, 0xfc,
    0x04, 0xfc, 0x05, 0xfc, 0x05, 0xfc, 0x04, 0xfc, 0x05, 0xfc, 0x05, 0xfc,
    0x04, 0xfc, 0x05, 0xfc, 0x05, 0xfc, 0x04, 0xfc, 0x05, 0xfc, 0x05, 0xfc,
    0x04, 0xfc, 0x05, 0xfc, 0x05, 0xfc, 0x04, 0xfc, 0x05, 0xfc, 0x05, 0xfc,
    0x04, 0xfc, 0x05, 0xfc, 0x05, 0xfc, 0x04, 0xfc, 0x05, 0xfc, 0x05, 0xfc,
    0x04, 0xfc, 0x05, 0xfc, 0x05, 0xfc, 0x04, 0xfc, 0x05, 0xfc, 0x05, 0xfc,
    0x04, 0xfc, 0x05, 0xfc, 0x05, 0xfc, 0x04, 0xfc, 0x05, 0xfc, 0x05, 0xfc,
    0x04, 0xfc, 0x05, 0xfc, 0x05, 0xfc, 0x04, 0xfc, 0x05, 0xfc, 0x05, 0xfc,
    0x04, 0xfc, 0x05, 0xfc, 0x05, 0xfc, 0x04, 0xfc, 0x05, 0xfc, 0x05, 0xfc,
    0x04, 0xfc, 0x05, 0xfc, 0x05, 0xfc, 0x04, 0xfc, 0x05, 0xfc, 0x05, 0xfc,
    0x04, 0xfc, 0x05, 0xfc, 0x05, 0xfc, 0x04, 0xfc, 0x05, 0xfc, 0x05, 0xfc,
    0x04, 0xfc, 0x05, 0xfc, 0x05, 0xfc, 0x04, 0xfc, 0x05, 0xfc, 0x05, 0xfc,
    0x04, 0xfc, 0x05, 0xfc, 0x05, 0xfc, 0x04, 0xfc, 0x05, 0xfc, 0x05, 0xfc,
    0x04, 0xfc, 0x05, 0xfc, 0x05, 0xfc, 0x04, 0xfc, 0x05, 0xfc, 0x05, 0xfc,
    0x04, 0xfc, 0x05, 0xfc, 0x05, 0xfc, 0x04, 0xfc, 0x05, 0xfc, 0x05, 0xfc,
    0x04, 0xfc, 0x05, 0xfc, 0x05, 0xfc, 0x04, 0xfc, 0x05, 0xfc, 0x05, 0xfc,
    0x04, 0xfc, 0x05, 0xfc, 0x05, 0xfc, 0x04, 0xfc, 0x05, 0xfc, 0x05, 0xfc,
    0x04, 0xfc, 0x05, 0xfc, 0x05, 0xfc, 0x04, 0xfc, 0x05, 0xfc, 0x05, 0xfc,
    0xe4, 0xfb, 0x05, 0xfc, 0xe5, 0xfb, 0x05, 0xfc, 0x05, 0xfc, 0xe5, 0xfb,
    0xe5, 0xfb, 0x05, 0xfc, 0x05, 0xfc, 0xe5, 0xfb, 0xe5, 0xfb, 0x05, 0xfc,
    0x05, 0xfc, 0xe5, 0xfb, 0xe5, 0xfb, 0x05, 0xfc, 0x05, 0xfc, 0xe5, 0xfb,
    0xe5, 0xfb, 0x05, 0xfc, 0x05, 0xfc, 0xe5, 0xfb, 0xe5, 0xfb, 0x05, 0xfc,
    0x05, 0xfc, 0xe5, 0xfb, 0xe5, 0xfb, 0x05, 0xfc, 0x05, 0xfc, 0xe5, 0xfb,
    0xe5, 0xfb, 0x05, 0xfc, 0x05, 0xfc, 0xe5, 0xfb, 0xe5, 0xfb, 0x05, 0xfc,
    0x05, 0xfc, 0xe5, 0xfb, 0xe5, 0xfb, 0x05, 0xfc, 0x05, 0xfc, 0xe5, 0xfb,
    0xe5, 0xfb, 0x05, 0xfc, 0x05, 0xfc, 0xe5, 0xfb, 0xe5, 0xfb, 0x05, 0xfc,
    0x05, 0xfc, 0xe5, 0xfb, 0xe5, 0xfb, 0x05, 0xfc, 0x05, 0xfc, 0xe5, 0xfb,
    0xe5, 0xfb, 0x05, 0xfc, 0x05, 0xfc, 0xe5, 0xfb, 0xe5, 0xfb, 0x05, 0xfc,
    0x05, 0xfc, 0xe5, 0xfb, 0xe5, 0xfb, 0x05, 0xfc, 0x05, 0xfc, 0xe5, 0xfb,
    0xe5, 0xfb, 0x05, 0xfc, 0x05, 0xfc, 0xe5, 0xfb, 0xe5, 0xfb, 0x05, 0xfc,
    0x05, 0xfc, 0xe5, 0xfb, 0xe5, 0xfb, 0x05, 0xfc, 0x05, 0xfc, 0xe5, 0xfb,
    0xe5, 0xfb, 0x05, 0xfc, 0x05, 0xfc, 0xe5, 0xfb, 0xe5, 0xfb, 0x05, 0xfc,
    0x05, 0xfc, 0xe5, 0xfb, 0xe5, 0xfb, 0x05, 0xfc, 0x05, 0xfc, 0xe5, 0xfb,
    0xe5, 0xfb, 0x05, 0xfc, 0x05, 0xfc, 0xe5, 0xfb, 0xe5, 0xfb, 0x05, 0xfc,
    0x05, 0xfc, 0xe5, 0xfb, 0xe5, 0xfb, 0x05, 0xfc, 0x05, 0xfc, 0xe5, 0xfb,
    0xe5, 0xfb, 0x05, 0xfc, 0x05, 0xfc, 0xe5, 0xfb, 0xe5, 0xfb, 0x05, 0xfc,
    0x05, 0xfc, 0xe5, 0xfb, 0xe5, 0xfb, 0x05, 0xfc, 0x05, 0xfc, 0xe5, 0xfb,
    0x05, 0xfc, 0x05, 0xfc, 0x05, 0xfc, 0x05, 0xfc, 0x05, 0xfc, 0x05, 0xfc,
    0x05, 0xfc, 0x05, 0xfc, 0x05, 0xfc, 0xe5, 0xfb, 0x05, 0xfc, 0x05, 0xfc,
    0x05, 0xfc, 0x05, 0xfc, 0xe5, 0xfb, 0x05, 0xfc, 0x05, 0xfc, 0x05, 0xfc,
    0x05, 0xfc, 0x05, 0xfc, 0x05, 0xfc, 0xe5, 0xfb, 0x05, 0xfc, 0x05, 0xfc,
    0x05, 0xfc, 0x05, 0xfc, 0xe5, 0xfb, 0x05, 0xfc, 0x05, 0xfc, 0x05, 0xfc,
    0x05, 0xfc, 0x05, 0xfc, 0x05, 0xfc, 0xe5, 0xfb, 0x05, 0xfc, 0x05, 0xfc,
    0x05, 0xfc, 0x05, 0xfc, 0xe5, 0xfb, 0x05, 0xfc, 0x05, 0xfc, 0x05, 0xfc,
    0x05, 0xfc, 0x05, 0xfc, 0x05, 0xfc, 0xe5, 0xfb, 0x05, 0xfc, 0x05, 0xfc,
    0x05, 0xfc, 0x05, 0xfc, 0xe5, 0xfb, 0x05, 0xfc, 0x05, 0xfc, 0x05, 0xfc,
    0x05, 0xfc, 0x05, 0xfc, 0x05, 0xfc, 0xe5, 0xfb, 0x05, 0xfc, 0x05, 0xfc,
    0x05, 0xfc, 0x05, 0xfc, 0xe5, 0xfb, 0x05, 0xfc, 0x05, 0xfc, 0x05, 0xfc,
    0x05, 0xfc, 0x05, 0xfc, 0x05, 0xfc, 0xe5, 0xfb, 0x05, 0xfc, 0x05, 0xfc,
    0x05, 0xfc, 0x05, 0xfc, 0xe5, 0xfb, 0x05, 0xfc, 0x05, 0xfc, 0x05, 0xfc,
    0x05, 0xfc, 0x05, 0xfc, 0x05, 0xfc, 0xe5, 0xfb, 0x05, 0xfc, 0x05, 0xfc,
    0x05, 0xfc, 0x05, 0xfc, 0xe5, 0xfb, 0x05, 0xfc, 0x05, 0xfc, 0x05, 0xfc,
    0x05, 0xfc, 0x05, 0xfc, 0x05, 0xfc, 0xe5, 0xfb, 0x05, 0xfc, 0x05, 0xfc,
    0x05, 0xfc, 0x05, 0xfc, 0xe5, 0xfb, 0x05, 0xfc, 0x05, 0xfc, 0x05, 0xfc,
    0x05, 0xfc, 0x05, 0xfc, 0x05, 0xfc, 0xe5, 0xfb, 0x05, 0xfc, 0x05, 0xfc,
    0x05, 0xfc, 0x05, 0xfc, 0xe5, 0xfb, 0x05, 0xfc, 0x05, 0xfc, 0x05, 0xfc,
    0xe5, 0xfb, 0x05, 0xfc, 0xe5, 0xfb, 0x05, 0xfc, 0x05, 0xfc, 0xe5, 0xfb,
    0x05, 0xfc, 0xe5, 0xfb, 0x04, 0xfc, 0x05, 0xfc, 0x05, 0xfc, 0x04, 0xfc,
    0x05, 0xfc, 0x05, 0xfc, 0x04, 0xfc, 0xe5, 0xfb, 0x05, 0xfc, 0x04, 0xfc,
    0x05, 0xfc, 0xe5, 0xfb, 0x04, 0xfc, 0x05, 0xfc, 0x05, 0xfc, 0x04, 0xfc,
    0x05, 0xfc, 0x05, 0xfc, 0x04, 0xfc, 0xe5, 0xfb, 0x05, 0xfc, 0x04, 0xfc,
    0x05, 0xfc, 0xe5, 0xfb, 0x04, 0xfc, 0x05, 0xfc, 0x05, 0xfc, 0x04, 0xfc,
    0x05, 0xfc, 0x05, 0xfc, 0x04, 0xfc, 0xe5, 0xfb, 0x05, 0xfc, 0x04, 0xfc,
    0x05, 0xfc, 0xe5, 0xfb, 0x04, 0xfc, 0x05, 0xfc, 0x05, 0xfc, 0x04, 0xfc,
    0x05, 0xfc, 0x05, 0xfc, 0x04, 0xfc, 0xe5, 0xfb, 0x05, 0xfc, 0x04, 0xfc,
    0x05, 0xfc, 0xe5, 0xfb, 0x04, 0xfc, 0x05, 0xfc, 0x05, 0xfc, 0x04, 0xfc,
    0x05, 0xfc, 0x05, 0xfc, 0x04, 0xfc, 0xe5, 0xfb, 0x05, 0xfc, 0x04, 0xfc,
    0x05, 0xfc, 0xe5, 0xfb, 0x04, 0xfc, 0x05, 0xfc, 0x05, 0xfc, 0x04, 0xfc,
    0x05, 0xfc, 0x05, 0xfc, 0x04, 0xfc, 0xe5, 0xfb, 0x05, 0xfc, 0x04, 0xfc,
    0x05, 0xfc, 0xe5, 0xfb, 0x04, 0xfc, 0x05, 0xfc, 0x05, 0xfc, 0x04, 0xfc,
    0x05, 0xfc, 0x05, 0xfc, 0x04, 0xfc, 0xe5, 0xfb, 0x05, 0xfc, 0x04, 0xfc,
    0x05, 0xfc, 0xe5, 0xfb, 0x04, 0xfc, 0x05, 0xfc, 0x05, 0xfc, 0x04, 0xfc,
    0x05, 0xfc, 0x05, 0xfc, 0x04, 0xfc, 0xe5, 0xfb, 0x05, 0xfc, 0x04, 0xfc,
    0x05, 0xfc, 0xe5, 0xfb, 0x04, 0xfc, 0x05, 0xfc, 0x05, 0xfc, 0x04, 0xfc,
    0x05, 0xfc, 0x05, 0xfc, 0x04, 0xfc, 0xe5, 0xfb, 0x05, 0xfc, 0x04, 0xfc,
    0x05, 0xfc, 0x05, 0xfc, 0x04, 0xfc, 0x05, 0xfc, 0x05, 0xfc, 0xe4, 0xfb,
    0x05, 0xfc, 0x05, 0xfc, 0x05, 0xfc, 0xe5, 0xfb, 0x05, 0xfc, 0xe5, 0xfb,
    0xe5, 0xfb, 0x05, 0xfc, 0xe5, 0xfb, 0x05, 0xfc, 0x05, 0xfc, 0x05, 0xfc,
    0x05, 0xfc, 0x05, 0xfc, 0xe5, 0xfb, 0x05, 0xfc, 0xe5, 0xfb, 0xe5, 0xfb,
    0x05, 0xfc, 0xe5, 0xfb, 0xe5, 0xfb, 0x05, 0xfc, 0x05, 0xfc, 0x05, 0xfc,
    0x05, 0xfc, 0x05, 0xfc, 0xe5, 0xfb, 0x05, 0xfc, 0xe5, 0xfb, 0xe5, 0xfb,
    0x05, 0xfc, 0xe5, 0xfb, 0xe5, 0xfb, 0x05, 0xfc, 0x05, 0xfc, 0x05, 0xfc,
    0x05, 0xfc, 0x05, 0xfc, 0xe5, 0xfb, 0x05, 0xfc, 0xe5, 0xfb, 0xe5, 0xfb,
    0x05, 0xfc, 0xe5, 0xfb, 0xe5, 0xfb, 0x05, 0xfc, 0x05, 0xfc, 0x05, 0xfc,
    0x05, 0xfc, 0x05, 0xfc, 0xe5, 0xfb, 0x05, 0xfc, 0xe5, 0xfb, 0xe5, 0xfb,
    0x05, 0xfc, 0xe5, 0xfb, 0xe5, 0xfb, 0x05, 0xfc, 0x05, 0xfc, 0x05, 0xfc,
    0x05, 0xfc, 0x05, 0xfc, 0xe5, 0xfb, 0x05, 0xfc, 0xe5, 0xfb, 0xe5, 0xfb,
    0x05, 0xfc, 0xe5, 0xfb, 0xe5, 0xfb, 0x05, 0xfc, 0x05, 0xfc, 0x05, 0xfc,
    0x05, 0xfc, 0x05, 0xfc, 0xe5, 0xfb, 0x05, 0xfc, 0xe5, 0xfb, 0xe5, 0xfb,
    0x05, 0xfc, 0xe5, 0xfb, 0xe5, 0xfb, 0x05, 0xfc, 0x05, 0xfc, 0x05, 0xfc,
    0x05, 0xfc, 0x05, 0xfc, 0xe5, 0xfb, 0x05, 0xfc, 0xe5, 0xfb, 0xe5, 0xfb,
    0x05, 0xfc, 0xe5, 0xfb, 0xe5, 0xfb, 0x05, 0xfc, 0x05, 0xfc, 0x05, 0xfc,
    0x05, 0xfc, 0x05, 0xfc, 0xe5, 0xfb, 0x05, 0xfc, 0xe5, 0xfb, 0xe5, 0xfb,
    0x05, 0xfc, 0xe5, 0xfb, 0xe5, 0xfb, 0x05, 0xfc, 0x05, 0xfc, 0x05, 0xfc,
    0x05, 0xfc, 0xe5, 0xfb, 0x05, 0xfc, 0xe5, 0xfb, 0x05, 0xfc, 0x05, 0xfc,
    0x05, 0xfc, 0x05, 0xfc, 0xe5, 0xfb, 0x05, 0xfc, 0x05, 0xfc, 0x05, 0xfc,
    0x05, 0xfc, 0x05, 0xfc, 0x05, 0xfc, 0x05, 0xfc, 0xe4, 0xfb, 0x05, 0xfc,
    0xe5, 0xfb, 0x05, 0xfc, 0x04, 0xfc, 0xe5, 0xfb, 0x05, 0xfc, 0x05, 0xfc,
    0x05, 0xfc, 0x04, 0xfc, 0x05, 0xfc, 0x05, 0xfc, 0x04, 0xfc, 0xe5, 0xfb,
    0x05, 0xfc, 0xe5, 0xfb, 0x04, 0xfc, 0x05, 0xfc, 0x05, 0xfc, 0x04, 0xfc,
    0x05, 0xfc, 0x05, 0xfc, 0x05, 0xfc, 0x05, 0xfc, 0x04, 0xfc, 0xe5, 0xfb,
    0x05, 0xfc, 0xe4, 0xfb, 0x05, 0xfc, 0x05, 0xfc, 0x05, 0xfc, 0x04, 0xfc,
    0x05, 0xfc, 0x05, 0xfc, 0x04, 0xfc, 0x05, 0xfc, 0x05, 0xfc, 0xe5, 0xfb,
    0x05, 0xfc, 0xe4, 0xfb, 0x05, 0xfc, 0x05, 0xfc, 0x04, 0xfc, 0x05, 0xfc,
    0x05, 0xfc, 0x05, 0xfc, 0x04, 0xfc, 0x05, 0xfc, 0x05, 0xfc, 0xe4, 0xfb,
    0x05, 0xfc, 0xe5, 0xfb, 0x05, 0xfc, 0x05, 0xfc, 0x04, 0xfc, 0x05, 0xfc,
    0x05, 0xfc, 0x04, 0xfc, 0x05, 0xfc, 0x05, 0xfc, 0x05, 0xfc, 0xe4, 0xfb,
    0x05, 0xfc, 0xe5, 0xfb, 0x04, 0xfc, 0x05, 0xfc, 0x05, 0xfc, 0x05, 0xfc,
    0x05, 0xfc, 0x04, 0xfc, 0x05, 0xfc, 0x05, 0xfc, 0x04, 0xfc, 0xe5, 0xfb,
    0x05, 0xfc, 0xe5, 0xfb, 0x04, 0xfc, 0x05, 0xfc, 0x05, 0xfc, 0x04, 0xfc,
    0x05, 0xfc, 0x05, 0xfc, 0x05, 0xfc, 0x05, 0xfc, 0x04, 0xfc, 0xe5, 0xfb,
    0x05, 0xfc, 0xe4, 0xfb, 0x05, 0xfc, 0x05, 0xfc, 0x05, 0xfc, 0x04, 0xfc,
    0x05, 0xfc, 0x05, 0xfc, 0x04, 0xfc, 0x05, 0xfc, 0x05, 0xfc, 0xe5, 0xfb,
    0x05, 0xfc, 0x04, 0xfc, 0xe5, 0xfb, 0x05, 0xfc, 0x04, 0xfc, 0x05, 0xfc,
    0xe5, 0xfb, 0xe5, 0xfb, 0x04, 0xfc, 0x05, 0xfc, 0x05, 0xfc, 0x05, 0xfc,
    0x05, 0xfc, 0x05, 0xfc, 0xe4, 0xfb, 0x05, 0xfc, 0x05, 0xfc, 0x05, 0xfc,
    0x05, 0xfc, 0x05, 0xfc, 0x05, 0xfc, 0xe5, 0xfb, 0x05, 0xfc, 0x05, 0xfc,
    0x04, 0xfc, 0x05, 0xfc, 0x05, 0xfc, 0x05, 0xfc, 0xe5, 0xfb, 0x05, 0xfc,
    0x05, 0xfc, 0x05, 0xfc, 0x05, 0xfc, 0xe5, 0xfb, 0x05, 0xfc, 0x05, 0xfc,
    0xe5, 0xfb, 0x05, 0xfc, 0x05, 0xfc, 0x04, 0xfc, 0x05, 0xfc, 0x05, 0xfc,
    0x05, 0xfc, 0x05, 0xfc, 0x05, 0xfc, 0xe5, 0xfb, 0x05, 0xfc, 0x05, 0xfc,
    0xe5, 0xfb, 0x05, 0xfc, 0x05, 0xfc, 0x05, 0xfc, 0x05, 0xfc, 0x05, 0xfc,
    0x04, 0xfc, 0x05, 0xfc, 0x05, 0xfc, 0xe5, 0xfb, 0x05, 0xfc, 0x05, 0xfc,
    0xe5, 0xfb, 0x05, 0xfc, 0x05, 0xfc, 0x05, 0xfc, 0x05, 0xfc, 0x05, 0xfc,
    0x05, 0xfc, 0x05, 0xfc, 0x05, 0xfc, 0xe4, 0xfb, 0x05, 0xfc, 0x05, 0xfc,
    0xe5, 0xfb, 0x05, 0xfc, 0x05, 0xfc, 0x05, 0xfc, 0x05, 0xfc, 0x05, 0xfc,
    0x05, 0xfc, 0x05, 0xfc, 0x05, 0xfc, 0xe5, 0xfb, 0x05, 0xfc, 0x05, 0xfc,
    0xe4, 0xfb, 0x05, 0xfc, 0x05, 0xfc, 0x05, 0xfc, 0x05, 0xfc, 0x05, 0xfc,
    0x05, 0xfc, 0x05, 0xfc, 0x05, 0xfc, 0xe5, 0xfb, 0x05, 0xfc, 0x05, 0xfc,
    0xe5, 0xfb, 0x05, 0xfc, 0x05, 0xfc, 0x04, 0xfc, 0x05, 0xfc, 0x05, 0xfc,
    0x05, 0xfc, 0x05, 0xfc, 0x05, 0xfc, 0xe5, 0xfb, 0x05, 0xfc, 0x05, 0xfc,
    0xe5, 0xfb, 0x05, 0xfc, 0x05, 0xfc, 0x05, 0xfc, 0x05, 0xfc, 0x05, 0xfc,
    0x04, 0xfc, 0x05, 0xfc, 0xe5, 0xfb, 0x05, 0xfc, 0x05, 0xfc, 0x05, 0xfc,
    0x05, 0xfc, 0x05, 0xfc, 0x05, 0xfc, 0x05, 0xfc, 0xe5, 0xfb, 0x05, 0xfc,
    0x05, 0xfc, 0xe5, 0xfb, 0x05, 0xfc, 0xe5, 0xfb, 0x05, 0xfc, 0x05, 0xfc,
    0xe4, 0xfb, 0x05, 0xfc, 0x05, 0xfc, 0xe5, 0xfb, 0x04, 0xfc, 0x05, 0xfc,
    0xe5, 0xfb, 0x05, 0xfc, 0xe5, 0xfb, 0x05, 0xfc, 0xe5, 0xfb, 0x05, 0xfc,
    0x05, 0xfc, 0xe5, 0xfb, 0x05, 0xfc, 0x05, 0xfc, 0x04, 0xfc, 0x05, 0xfc,
    0x05, 0xfc, 0xe5, 0xfb, 0x05, 0xfc, 0x05, 0xfc, 0xe5, 0xfb, 0xe5, 0xfb,
    0x05, 0xfc, 0xe5, 0xfb, 0xe5, 0xfb, 0x05, 0xfc, 0x05, 0xfc, 0x05, 0xfc,
    0x05, 0xfc, 0xe4, 0xfb, 0x05, 0xfc, 0x05, 0xfc, 0xe5, 0xfb, 0xe5, 0xfb,
    0x05, 0xfc, 0xe5, 0xfb, 0xe5, 0xfb, 0x05, 0xfc, 0x05, 0xfc, 0x05, 0xfc,
    0x05, 0xfc, 0xe5, 0xfb, 0x05, 0xfc, 0x05, 0xfc, 0xe4, 0xfb, 0xe5, 0xfb,
    0x05, 0xfc, 0xe5, 0xfb, 0xe5, 0xfb, 0x05, 0xfc, 0x05, 0xfc, 0x05, 0xfc,
    0x05, 0xfc, 0xe5, 0xfb, 0x05, 0xfc, 0x05, 0xfc, 0xe5, 0xfb, 0xe5, 0xfb,
    0x05, 0xfc, 0xe4, 0xfb, 0xe5, 0xfb, 0x05, 0xfc, 0x05, 0xfc, 0x05, 0xfc,
    0x05, 0xfc, 0xe5, 0xfb, 0x05, 0xfc, 0x05, 0xfc, 0xe5, 0xfb, 0xe5, 0xfb,
    0x05, 0xfc, 0xe5, 0xfb, 0xe5, 0xfb, 0x05, 0xfc, 0x04, 0xfc, 0x05, 0xfc,
    0x05, 0xfc, 0xe5, 0xfb, 0x05, 0xfc, 0x05, 0xfc, 0xe5, 0xfb, 0xe5, 0xfb,
    0x05, 0xfc, 0xe5, 0xfb, 0xe5, 0xfb, 0x05, 0xfc, 0x05, 0xfc, 0x05, 0xfc,
    0x05, 0xfc, 0xe4, 0xfb, 0x05, 0xfc, 0x05, 0xfc, 0xe5, 0xfb, 0xe5, 0xfb,
    0x05, 0xfc, 0xe5, 0xfb, 0x05, 0xfc, 0x05, 0xfc, 0x05, 0xfc, 0xe5, 0xfb,
    0x05, 0xfc, 0xe5, 0xfb, 0xe5, 0xfb, 0x05, 0xfc, 0x04, 0xfc, 0x05, 0xfc,
    0x05, 0xfc, 0xe5, 0xfb, 0x05, 0xfc, 0x05, 0xfc, 0x05, 0xfc, 0x05, 0xfc,
    0x05, 0xfc, 0x05, 0xfc, 0xe5, 0xfb, 0x05, 0xfc, 0x05, 0xfc, 0xe5, 0xfb,
    0x05, 0xfc, 0x05, 0xfc, 0x05, 0xfc, 0x05, 0xfc, 0x05, 0xfc, 0xe5, 0xfb,
    0x04, 0xfc, 0x05, 0xfc, 0x05, 0xfc, 0x04, 0xfc, 0xe5, 0xfb, 0x05, 0xfc,
    0xe5, 0xfb, 0x05, 0xfc, 0x05, 0xfc, 0x04, 0xfc, 0x05, 0xfc, 0x05, 0xfc,
    0x05, 0xfc, 0x05, 0xfc, 0x05, 0xfc, 0x04, 0xfc, 0x05, 0xfc, 0x05, 0xfc,
    0xe4, 0xfb, 0x05, 0xfc, 0x05, 0xfc, 0x05, 0xfc, 0x05, 0xfc, 0x05, 0xfc,
    0x04, 0xfc, 0x05, 0xfc, 0x05, 0xfc, 0x05, 0xfc, 0x05, 0xfc, 0x05, 0xfc,
    0xe4, 0xfb, 0x05, 0xfc, 0x05, 0xfc, 0x04, 0xfc, 0x05, 0xfc, 0x05, 0xfc,
    0x05, 0xfc, 0x05, 0xfc, 0x05, 0xfc, 0x04, 0xfc, 0x05, 0xfc, 0x05, 0xfc,
    0xe5, 0xfb, 0x05, 0xfc, 0x05, 0xfc, 0x04, 0xfc, 0x05, 0xfc, 0x05, 0xfc,
    0x04, 0xfc, 0x05, 0xfc, 0x05, 0xfc, 0x05, 0xfc, 0x05, 0xfc, 0x05, 0xfc,
    0xe4, 0xfb, 0x05, 0xfc, 0x05, 0xfc, 0x05, 0xfc, 0x05, 0xfc, 0x05, 0xfc,
    0x04, 0xfc, 0x05, 0xfc, 0x05, 0xfc, 0x04, 0xfc, 0x05, 0xfc, 0x05, 0xfc,
    0xe5, 0xfb, 0x05, 0xfc, 0x05, 0xfc, 0x04, 0xfc, 0x05, 0xfc, 0x05, 0xfc,
    0x05, 0xfc, 0x05, 0xfc, 0x05, 0xfc, 0x04, 0xfc, 0x05, 0xfc, 0x05, 0xfc,
    0xe4, 0xfb, 0x05, 0xfc, 0x05, 0xfc, 0x05, 0xfc, 0x05, 0xfc, 0x05, 0xfc,
    0x04, 0xfc, 0x05, 0xfc, 0x05, 0xfc, 0xe5, 0xfb, 0x05, 0xfc, 0x05, 0xfc,
    0x04, 0xfc, 0x05, 0xfc, 0x05, 0xfc, 0x04, 0xfc, 0x05, 0xfc, 0xe5, 0xfb,
    0x05, 0xfc, 0x05, 0xfc, 0x05, 0xfc, 0x04, 0xfc, 0x05, 0xfc, 0x05, 0xfc,
    0x05, 0xfc, 0xe5, 0xfb, 0x05, 0xfc, 0x05, 0xfc, 0x05, 0xfc, 0x05, 0xfc,
    0x04, 0xfc, 0x05, 0xfc, 0x05, 0xfc, 0xe5, 0xfb, 0x04, 0xfc, 0x05, 0xfc,
    0x05, 0xfc, 0x05, 0xfc, 0x05, 0xfc, 0xe5, 0xfb, 0x05, 0xfc, 0x05, 0xfc,
    0x05, 0xfc, 0x05, 0xfc, 0x05, 0xfc, 0xe5, 0xfb, 0x05, 0xfc, 0xe5, 0xfb,
    0xe5, 0xfb, 0x04, 0xfc, 0x05, 0xfc, 0xe5, 0xfb, 0x05, 0xfc, 0x05, 0xfc,
    0x05, 0xfc, 0xe5, 0xfb, 0x05, 0xfc, 0x05, 0xfc, 0xe5, 0xfb, 0x05, 0xfc,
    0xe5, 0xfb, 0x05, 0xfc, 0x05, 0xfc, 0xe5, 0xfb, 0x04, 0xfc, 0x05, 0xfc,
    0x05, 0xfc, 0xe5, 0xfb, 0x05, 0xfc, 0x05, 0xfc, 0xe5, 0xfb, 0x05, 0xfc,
    0xe5, 0xfb, 0x05, 0xfc, 0x05, 0xfc, 0xe5, 0xfb, 0x05, 0xfc, 0x05, 0xfc,
    0x05, 0xfc, 0xe4, 0xfb, 0x05, 0xfc, 0x05, 0xfc, 0xe5, 0xfb, 0x05, 0xfc,
    0xe5, 0xfb, 0x05, 0xfc, 0x05, 0xfc, 0xe5, 0xfb, 0x05, 0xfc, 0x05, 0xfc,
    0x05, 0xfc, 0xe5, 0xfb, 0x05, 0xfc, 0x05, 0xfc, 0xe4, 0xfb, 0x05, 0xfc,
    0xe5, 0xfb, 0x05, 0xfc, 0x05, 0xfc, 0xe5, 0xfb, 0x05, 0xfc, 0x05, 0xfc,
    0x05, 0xfc, 0xe5, 0xfb, 0x05, 0xfc, 0x05, 0xfc, 0xe5, 0xfb, 0x05, 0xfc,
    0xe5, 0xfb, 0x04, 0xfc, 0x05, 0xfc, 0xe5, 0xfb, 0x05, 0xfc, 0x05, 0xfc,
    0x05, 0xfc, 0xe5, 0xfb, 0x05, 0xfc, 0x05, 0xfc, 0xe5, 0xfb, 0x05, 0xfc,
    0xe5, 0xfb, 0x05, 0xfc, 0x05, 0xfc, 0x05, 0xfc, 0x04, 0xfc, 0x05, 0xfc,
    0xe5, 0xfb, 0x05, 0xfc, 0xe5, 0xfb, 0x05, 0xfc, 0x05, 0xfc, 0x05, 0xfc,
    0x05, 0xfc, 0x05, 0xfc, 0xe5, 0xfb, 0x05, 0xfc, 0xe5, 0xfb, 0x05, 0xfc,
    0xe5, 0xfb, 0x05, 0xfc, 0x05, 0xfc, 0xe5, 0xfb, 0x04, 0xfc, 0x05, 0xfc,
    0xe5, 0xfb, 0xe5, 0xfb, 0x05, 0xfc, 0x05, 0xfc, 0xe5, 0xfb, 0x05, 0xfc,
    0x05, 0xfc, 0xe5, 0xfb, 0xe4, 0xfb, 0x05, 0xfc, 0x05, 0xfc, 0x05, 0xfc,
    0xe5, 0xfb, 0x05, 0xfc, 0x04, 0xfc, 0xe5, 0xfb, 0x05, 0xfc, 0x04, 0xfc,
    0x05, 0xfc, 0x05, 0xfc, 0x05, 0xfc, 0x05, 0xfc, 0xe5, 0xfb, 0x05, 0xfc,
    0x04, 0xfc, 0xe5, 0xfb, 0x05, 0xfc, 0x05, 0xfc, 0x05, 0xfc, 0x04, 0xfc,
    0xe5, 0xfb, 0x05, 0xfc, 0x04, 0xfc, 0xe5, 0xfb, 0x05, 0xfc, 0x05, 0xfc,
    0xe5, 0xfb, 0x05, 0xfc, 0x05, 0xfc, 0xe4, 0xfb, 0x05, 0xfc, 0x05, 0xfc,
    0x05, 0xfc, 0xe5, 0xfb, 0x04, 0xfc, 0x05, 0xfc, 0xe5, 0xfb, 0x04, 0xfc,
    0x05, 0xfc, 0xe5, 0xfb, 0x05, 0xfc, 0x05, 0xfc, 0x05, 0xfc, 0x05, 0xfc,
    0xe4, 0xfb, 0x05, 0xfc, 0x05, 0xfc, 0xe5, 0xfb, 0x05, 0xfc, 0x04, 0xfc,
    0xe5, 0xfb, 0x05, 0xfc, 0x04, 0xfc, 0xe5, 0xfb, 0x05, 0xfc, 0x05, 0xfc,
    0x05, 0xfc, 0xe5, 0xfb, 0x05, 0xfc, 0x04, 0xfc, 0xe5, 0xfb, 0x05, 0xfc,
    0x05, 0xfc, 0xe5, 0xfb, 0x04, 0xfc, 0x05, 0xfc, 0x05, 0xfc, 0x04, 0xfc,
    0xe5, 0xfb, 0x05, 0xfc, 0x05, 0xfc, 0xe5, 0xfb, 0x05, 0xfc, 0x05, 0xfc,
    0xe4, 0xfb, 0x05, 0xfc, 0x05, 0xfc, 0xe5, 0xfb, 0x05, 0xfc, 0x04, 0xfc,
    0x05, 0xfc, 0xe5, 0xfb, 0x04, 0xfc, 0xe5, 0xfb, 0xe5, 0xfb, 0x05, 0xfc,
    0xe5, 0xfb, 0x05, 0xfc, 0x05, 0xfc, 0x04, 0xfc, 0xe5, 0xfb, 0x05, 0xfc,
    0xe5, 0xfb, 0xe5, 0xfb, 0x04, 0xfc, 0x05, 0xfc, 0x05, 0xfc, 0xe4, 0xfb,
    0x05, 0xfc, 0x05, 0xfc, 0x05, 0xfc, 0xe5, 0xfb, 0x05, 0xfc, 0x05, 0xfc,
    0x05, 0xfc, 0x05, 0xfc, 0x05, 0xfc, 0x04, 0xfc, 0x05, 0xfc, 0xe5, 0xfb,
    0x04, 0xfc, 0x05, 0xfc, 0x05, 0xfc, 0x05, 0xfc, 0x05, 0xfc, 0x05, 0xfc,
    0xe5, 0xfb, 0x04, 0xfc, 0x05, 0xfc, 0xe5, 0xfb, 0x05, 0xfc, 0x05, 0xfc,
    0xe5, 0xfb, 0x05, 0xfc, 0x05, 0xfc, 0xe5, 0xfb, 0x05, 0xfc, 0x05, 0xfc,
    0x05, 0xfc, 0x05, 0xfc, 0x05, 0xfc, 0xe5, 0xfb, 0x05, 0xfc, 0x04, 0xfc,
    0xe5, 0xfb, 0x05, 0xfc, 0x05, 0xfc, 0x05, 0xfc, 0x05, 0xfc, 0x05, 0xfc,
    0x05, 0xfc, 0x05, 0xfc, 0xe5, 0xfb, 0x05, 0xfc, 0x05, 0xfc, 0x05, 0xfc,
    0x05, 0xfc, 0x05, 0xfc, 0x04, 0xfc, 0x05, 0xfc, 0x05, 0xfc, 0x05, 0xfc,
    0x05, 0xfc, 0x05, 0xfc, 0xe5, 0xfb, 0x05, 0xfc, 0x05, 0xfc, 0xe5, 0xfb,
    0x05, 0xfc, 0x05, 0xfc, 0x05, 0xfc, 0x05, 0xfc, 0x05, 0xfc, 0x04, 0xfc,
    0x05, 0xfc, 0x05, 0xfc, 0xe5, 0xfb, 0x05, 0xfc, 0x05, 0xfc, 0x05, 0xfc,
    0x05, 0xfc, 0x05, 0xfc, 0x05, 0xfc, 0x05, 0xfc, 0x05, 0xfc, 0x05, 0xfc,
    0x05, 0xfc, 0x05, 0xfc, 0xe4, 0xfb, 0x05, 0xfc, 0x05, 0xfc, 0xe5, 0xfb,
    0x05, 0xfc, 0x05, 0xfc, 0x05, 0xfc, 0x05, 0xfc, 0x05, 0xfc, 0x05, 0xfc,
    0x05, 0xfc, 0x05, 0xfc, 0xe5, 0xfb, 0x05, 0xfc, 0x05, 0xfc, 0x04, 0xfc,
    0x05, 0xfc, 0x05, 0xfc, 0x05, 0xfc, 0x05, 0xfc, 0x05, 0xfc, 0x05, 0xfc,
    0x05, 0xfc, 0x05, 0xfc, 0x05, 0xfc, 0xe5, 0xfb, 0x05, 0xfc, 0x05, 0xfc,
    0x05, 0xfc, 0x05, 0xfc, 0x04, 0xfc, 0x05, 0xfc, 0xe5, 0xfb, 0x05, 0xfc,
    0x05, 0xfc, 0x05, 0xfc, 0x05, 0xfc, 0x05, 0xfc, 0x04, 0xfc, 0x05, 0xfc,
    0x05, 0xfc, 0xe5, 0xfb, 0x05, 0xfc, 0xe5, 0xfb, 0x05, 0xfc, 0x05, 0xfc,
    0xe5, 0xfb, 0x05, 0xfc, 0x05, 0xfc, 0x05, 0xfc, 0xe5, 0xfb, 0x05, 0xfc,
    0x05, 0xfc, 0x05, 0xfc, 0xe5, 0xfb, 0x05, 0xfc, 0x05, 0xfc, 0x05, 0xfc,
    0x05, 0xfc, 0x05, 0xfc, 0x05, 0xfc, 0x05, 0xfc, 0xe4, 0xfb, 0x05, 0xfc,
    0x05, 0xfc, 0xe4, 0xfb, 0x05, 0xfc, 0x05, 0xfc, 0xe5, 0xfb, 0x05, 0xfc,
    0x05, 0xfc, 0x05, 0xfc, 0xe5, 0xfb, 0x05, 0xfc, 0x05, 0xfc, 0xe5, 0xfb,
    0x05, 0xfc, 0xe4, 0xfb, 0x05, 0xfc, 0x05, 0xfc, 0x04, 0xfc, 0xe5, 0xfb,
    0x05, 0xfc, 0x05, 0xfc, 0xe5, 0xfb, 0xe5, 0xfb, 0x05, 0xfc, 0xe5, 0xfb,
    0x05, 0xfc, 0xe5, 0xfb, 0x05, 0xfc, 0x05, 0xfc, 0x04, 0xfc, 0x05, 0xfc,
    0x05, 0xfc, 0xe4, 0xfb, 0x05, 0xfc, 0x05, 0xfc, 0xe5, 0xfb, 0x05, 0xfc,
    0xe5, 0xfb, 0x05, 0xfc, 0x05, 0xfc, 0xe5, 0xfb, 0x05, 0xfc, 0x05, 0xfc,
    0xe5, 0xfb, 0x04, 0xfc, 0xe5, 0xfb, 0xe5, 0xfb, 0x04, 0xfc, 0xe5, 0xfb,
    0x05, 0xfc, 0xe5, 0xfb, 0x05, 0xfc, 0x05, 0xfc, 0x05, 0xfc, 0x05, 0xfc,
    0x05, 0xfc, 0xe5, 0xfb, 0x05, 0xfc, 0x05, 0xfc, 0xe4, 0xfb, 0x05, 0xfc,
    0xe5, 0xfb, 0x04, 0xfc, 0x05, 0xfc, 0xe5, 0xfb, 0x05, 0xfc, 0x05, 0xfc,
    0xe5, 0xfb, 0x05, 0xfc, 0xe5, 0xfb, 0xe5, 0xfb, 0x05, 0xfc, 0x05, 0xfc,
    0xe5, 0xfb, 0x04, 0xfc, 0x05, 0xfc, 0x05, 0xfc, 0x04, 0xfc, 0x05, 0xfc,
    0xe5, 0xfb, 0x05, 0xfc, 0x05, 0xfc, 0xe5, 0xfb, 0x05, 0xfc, 0x05, 0xfc,
    0x05, 0xfc, 0xe5, 0xfb, 0x05, 0xfc, 0x05, 0xfc, 0xe5, 0xfb, 0xe5, 0xfb,
    0x05, 0xfc, 0x05, 0xfc, 0x05, 0xfc, 0x05, 0xfc, 0xe4, 0xfb, 0x05, 0xfc,
    0x05, 0xfc, 0xe5, 0xfb, 0x05, 0xfc, 0x05, 0xfc, 0x05, 0xfc, 0xe5, 0xfb,
    0x04, 0xfc, 0x05, 0xfc, 0xe5, 0xfb, 0x04, 0xfc, 0x05, 0xfc, 0x05, 0xfc,
    0xe5, 0xfb, 0x04, 0xfc, 0xe5, 0xfb, 0x05, 0xfc, 0x04, 0xfc, 0xe5, 0xfb,
    0x05, 0xfc, 0x05, 0xfc, 0x05, 0xfc, 0xe5, 0xfb, 0x05, 0xfc, 0x04, 0xfc,
    0x05, 0xfc, 0x05, 0xfc, 0xe4, 0xfb, 0x05, 0xfc, 0x05, 0xfc, 0x05, 0xfc,
    0x04, 0xfc, 0xe5, 0xfb, 0x05, 0xfc, 0x05, 0xfc, 0xe5, 0xfb, 0x05, 0xfc,
    0x05, 0xfc, 0x05, 0xfc, 0xe4, 0xfb, 0x05, 0xfc, 0x05, 0xfc, 0x04, 0xfc,
    0x05, 0xfc, 0x05, 0xfc, 0xe5, 0xfb, 0x04, 0xfc, 0x05, 0xfc, 0xe5, 0xfb,
    0x05, 0xfc, 0x05, 0xfc, 0xe5, 0xfb, 0x05, 0xfc, 0x05, 0xfc, 0xe4, 0xfb,
    0x05, 0xfc, 0x05, 0xfc, 0xe4, 0xfb, 0x05, 0xfc, 0x05, 0xfc, 0x05, 0xfc,
    0x04, 0xfc, 0x05, 0xfc, 0x05, 0xfc, 0x05, 0xfc, 0x05, 0xfc, 0x05, 0xfc,
    0x05, 0xfc, 0x05, 0xfc, 0xe4, 0xfb, 0x05, 0xfc, 0x05, 0xfc, 0xe4, 0xfb,
    0x05, 0xfc, 0x05, 0xfc, 0xe5, 0xfb, 0x04, 0xfc, 0x05, 0xfc, 0xe5, 0xfb,
    0x05, 0xfc, 0x05, 0xfc, 0xe5, 0xfb, 0x05, 0xfc, 0x05, 0xfc, 0x04, 0xfc,
    0x05, 0xfc, 0x05, 0xfc, 0x04, 0xfc, 0x05, 0xfc, 0x05, 0xfc, 0x05, 0xfc,
    0x04, 0xfc, 0xe5, 0xfb, 0x05, 0xfc, 0x05, 0xfc, 0xe5, 0xfb, 0xe5, 0xfb,
    0x05, 0xfc, 0x05, 0xfc, 0x04, 0xfc, 0x05, 0xfc, 0xe5, 0xfb, 0x04, 0xfc,
    0x05, 0xfc, 0x05, 0xfc, 0x05, 0xfc, 0x04, 0xfc, 0xe5, 0xfb, 0x05, 0xfc,
    0x04, 0xfc, 0x05, 0xfc, 0xe5, 0xfb, 0x05, 0xfc, 0x05, 0xfc, 0x05, 0xfc,
    0x05, 0xfc, 0x05, 0xfc, 0x04, 0xfc, 0x05, 0xfc, 0x05, 0xfc, 0x04, 0xfc,
    0xe5, 0xfb, 0x05, 0xfc, 0x05, 0xfc, 0x05, 0xfc, 0xe5, 0xfb, 0x05, 0xfc,
    0x05, 0xfc, 0x05, 0xfc, 0x05, 0xfc, 0x05, 0xfc, 0xe5, 0xfb, 0x05, 0xfc,
    0x05, 0xfc, 0x05, 0xfc, 0x05, 0xfc, 0x05, 0xfc, 0xe5, 0xfb, 0x05, 0xfc,
    0x05, 0xfc, 0xe5, 0xfb, 0x05, 0xfc, 0x05, 0xfc, 0xe5, 0xfb, 0x05, 0xfc,
    0x05, 0xfc, 0xe5, 0xfb, 0x05, 0xfc, 0x05, 0xfc, 0x05, 0xfc, 0x05, 0xfc,
    0x05, 0xfc, 0xe5, 0xfb, 0x05, 0xfc, 0x05, 0xfc, 0x05, 0xfc, 0x05, 0xfc,
    0x05, 0xfc, 0xe5, 0xfb, 0x05, 0xfc, 0x05, 0xfc, 0x05, 0xfc, 0x05, 0xfc,
    0x05, 0xfc, 0xe5, 0xfb, 0x05, 0xfc, 0x05, 0xfc, 0xe5, 0xfb, 0x05, 0xfc,
    0x05, 0xfc, 0x05, 0xfc, 0x05, 0xfc, 0x05, 0xfc, 0x05, 0xfc, 0xe5, 0xfb,
    0x05, 0xfc, 0xe5, 0xfb, 0x05, 0xfc, 0xe5, 0xfb, 0x05, 0xfc, 0x05, 0xfc,
    0xe5, 0xfb, 0x05, 0xfc, 0x05, 0xfc, 0x05, 0xfc, 0x05, 0xfc, 0x05, 0xfc,
    0x05, 0xfc, 0xe5, 0xfb, 0x05, 0xfc, 0x05, 0xfc, 0xe5, 0xfb, 0x05, 0xfc,
    0x05, 0xfc, 0x05, 0xfc, 0x05, 0xfc, 0x05, 0xfc, 0x05, 0xfc, 0xe5, 0xfb,
    0x05, 0xfc, 0xe5, 0xfb, 0x05, 0xfc, 0xe5, 0xfb, 0x05, 0xfc, 0x05, 0xfc,
    0xe5, 0xfb, 0x05, 0xfc, 0x05, 0xfc, 0x05, 0xfc, 0x05, 0xfc, 0x05, 0xfc,
    0x05, 0xfc, 0x05, 0xfc, 0xe5, 0xfb, 0x05, 0xfc, 0x05, 0xfc, 0xe5, 0xfb,
    0x05, 0xfc, 0x05, 0xfc, 0xe5, 0xfb, 0x05, 0xfc, 0x05, 0xfc, 0xe5, 0xfb,
    0x05, 0xfc, 0x05, 0xfc, 0x05, 0xfc, 0x05, 0xfc, 0x05, 0xfc, 0x05, 0xfc,
    0xe5, 0xfb, 0x05, 0xfc, 0x05, 0xfc, 0xe5, 0xfb, 0x05, 0xfc, 0xe5, 0xfb,
    0x05, 0xfc, 0x05, 0xfc, 0x05, 0xfc, 0x05, 0xfc, 0xe5, 0xfb, 0x05, 0xfc,
    0x05, 0xfc, 0x05, 0xfc, 0xe4, 0xfb, 0xe5, 0xfb, 0x05, 0xfc, 0x05, 0xfc,
    0x05, 0xfc, 0xe5, 0xfb, 0x05, 0xfc, 0x05, 0xfc, 0xe4, 0xfb, 0x05, 0xfc,
    0x05, 0xfc, 0x04, 0xfc, 0x05, 0xfc, 0xe5, 0xfb, 0x05, 0xfc, 0x05, 0xfc,
    0x05, 0xfc, 0x05, 0xfc, 0x04, 0xfc, 0xe5, 0xfb, 0x05, 0xfc, 0x05, 0xfc,
    0xe4, 0xfb, 0x05, 0xfc, 0x05, 0xfc, 0x04, 0xfc, 0xe5, 0xfb, 0x05, 0xfc,
    0x05, 0xfc, 0xe5, 0xfb, 0x05, 0xfc, 0x05, 0xfc, 0xe5, 0xfb, 0x04, 0xfc,
    0x05, 0xfc, 0xe5, 0xfb, 0x05, 0xfc, 0x04, 0xfc, 0x05, 0xfc, 0x05, 0xfc,
    0x04, 0xfc, 0x05, 0xfc, 0xe5, 0xfb, 0x05, 0xfc, 0x05, 0xfc, 0xe5, 0xfb,
    0x05, 0xfc, 0x05, 0xfc, 0x04, 0xfc, 0x05, 0xfc, 0xe5, 0xfb, 0x05, 0xfc,
    0x04, 0xfc, 0xe5, 0xfb, 0x05, 0xfc, 0x04, 0xfc, 0xe5, 0xfb, 0x05, 0xfc,
    0xe5, 0xfb, 0x05, 0xfc, 0x05, 0xfc, 0x05, 0xfc, 0x05, 0xfc, 0x04, 0xfc,
    0x05, 0xfc, 0x05, 0xfc, 0xe5, 0xfb, 0x04, 0xfc, 0x05, 0xfc, 0xe5, 0xfb,
    0x04, 0xfc, 0x05, 0xfc, 0x05, 0xfc, 0x05, 0xfc, 0xe5, 0xfb, 0x05, 0xfc,
    0x05, 0xfc, 0xe5, 0xfb, 0x04, 0xfc, 0x05, 0xfc, 0xe5, 0xfb, 0x05, 0xfc,
    0xe4, 0xfb, 0x05, 0xfc, 0x05, 0xfc, 0x04, 0xfc, 0x05, 0xfc, 0xe5, 0xfb,
    0x05, 0xfc, 0x05, 0xfc, 0x05, 0xfc, 0x05, 0xfc, 0xe5, 0xfb, 0x04, 0xfc,
    0x05, 0xfc, 0x05, 0xfc, 0x05, 0xfc, 0xe5, 0xfb, 0x05, 0xfc, 0xe4, 0xfb,
    0x05, 0xfc, 0x05, 0xfc, 0x05, 0xfc, 0x05, 0xfc, 0xe5, 0xfb, 0x05, 0xfc,
    0x05, 0xfc, 0xe5, 0xfb, 0x05, 0xfc, 0x05, 0xfc, 0xe4, 0xfb, 0x05, 0xfc,
    0x05, 0xfc, 0xe4, 0xfb, 0x05, 0xfc, 0x05, 0xfc, 0x05, 0xfc, 0x05, 0xfc,
    0x04, 0xfc, 0x05, 0xfc, 0x05, 0xfc, 0xe4, 0xfb, 0x05, 0xfc, 0x05, 0xfc,
    0xe5, 0xfb, 0x05, 0xfc, 0x05, 0xfc, 0xe5, 0xfb, 0x05, 0xfc, 0x05, 0xfc,
    0x04, 0xfc, 0xe5, 0xfb, 0x05, 0xfc, 0x05, 0xfc, 0xe5, 0xfb, 0x05, 0xfc,
    0x05, 0xfc, 0x05, 0xfc, 0xe5, 0xfb, 0x05, 0xfc, 0x05, 0xfc, 0x05, 0xfc,
    0xe5, 0xfb, 0x04, 0xfc, 0x05, 0xfc, 0xe5, 0xfb, 0x04, 0xfc, 0x05, 0xfc,
    0x05, 0xfc, 0xe5, 0xfb, 0x05, 0xfc, 0x05, 0xfc, 0xe5, 0xfb, 0x05, 0xfc,
    0xe5, 0xfb, 0x05, 0xfc, 0x05, 0xfc, 0xe5, 0xfb, 0x04, 0xfc, 0x05, 0xfc,
    0xe5, 0xfb, 0x04, 0xfc, 0x05, 0xfc, 0x05, 0xfc, 0xe5, 0xfb, 0x05, 0xfc,
    0x05, 0xfc, 0x05, 0xfc, 0x05, 0xfc, 0x05, 0xfc, 0x05, 0xfc, 0x05, 0xfc,
    0x05, 0xfc, 0xe4, 0xfb, 0x05, 0xfc, 0x05, 0xfc, 0xe4, 0xfb, 0x05, 0xfc,
    0xe5, 0xfb, 0x05, 0xfc, 0x05, 0xfc, 0xe5, 0xfb, 0x05, 0xfc, 0x05, 0xfc,
    0xe5, 0xfb, 0x05, 0xfc, 0x05, 0xfc, 0x05, 0xfc, 0xe4, 0xfb, 0x05, 0xfc,
    0x05, 0xfc, 0x04, 0xfc, 0x05, 0xfc, 0x05, 0xfc, 0x05, 0xfc, 0x05, 0xfc,
    0x05, 0xfc, 0xe5, 0xfb, 0x05, 0xfc, 0x05, 0xfc, 0xe5, 0xfb, 0x05, 0xfc,
    0x05, 0xfc, 0x04, 0xfc, 0xe5, 0xfb, 0x05, 0xfc, 0x04, 0xfc, 0x05, 0xfc,
    0x05, 0xfc, 0xe5, 0xfb, 0x05, 0xfc, 0x05, 0xfc, 0xe4, 0xfb, 0x05, 0xfc,
    0x05, 0xfc, 0x05, 0xfc, 0xe5, 0xfb, 0x05, 0xfc, 0x05, 0xfc, 0x05, 0xfc,
    0x04, 0xfc, 0x05, 0xfc, 0x05, 0xfc, 0x04, 0xfc, 0x05, 0xfc, 0xe5, 0xfb,
    0x05, 0xfc, 0x05, 0xfc, 0x05, 0xfc, 0x05, 0xfc, 0xe5, 0xfb, 0x05, 0xfc,
    0x05, 0xfc, 0xe5, 0xfb, 0x05, 0xfc, 0xe5, 0xfb, 0x05, 0xfc, 0x05, 0xfc,
    0x05, 0xfc, 0x05, 0xfc, 0x05, 0xfc, 0x05, 0xfc, 0xe5, 0xfb, 0x05, 0xfc,
    0x05, 0xfc, 0x05, 0xfc, 0xe5, 0xfb, 0x05, 0xfc, 0x05, 0xfc, 0xe4, 0xfb,
    0x05, 0xfc, 0x05, 0xfc, 0x05, 0xfc, 0x05, 0xfc, 0x05, 0xfc, 0xe5, 0xfb,
    0x05, 0xfc, 0x05, 0xfc, 0x05, 0xfc, 0x05, 0xfc, 0x05, 0xfc, 0x05, 0xfc,
    0xe5, 0xfb, 0x05, 0xfc, 0x05, 0xfc, 0x05, 0xfc, 0x05, 0xfc, 0x04, 0xfc,
    0x05, 0xfc, 0x05, 0xfc, 0xe5, 0xfb, 0x05, 0xfc, 0x05, 0xfc, 0x05, 0xfc,
    0x05, 0xfc, 0x05, 0xfc, 0x05, 0xfc, 0x05, 0xfc, 0xe5, 0xfb, 0x05, 0xfc,
    0x05, 0xfc, 0x05, 0xfc, 0x04, 0xfc, 0xe5, 0xfb, 0x05, 0xfc, 0xe5, 0xfb,
    0x05, 0xfc, 0x05, 0xfc, 0xe5, 0xfb, 0x05, 0xfc, 0x05, 0xfc, 0x05, 0xfc,
    0x05, 0xfc, 0xe5, 0xfb, 0x05, 0xfc, 0x05, 0xfc, 0xe5, 0xfb, 0x04, 0xfc,
    0x05, 0xfc, 0x05, 0xfc, 0x05, 0xfc, 0x05, 0xfc, 0xe5, 0xfb, 0x05, 0xfc,
    0x05, 0xfc, 0x05, 0xfc, 0x05, 0xfc, 0xe5, 0xfb, 0x05, 0xfc, 0xe5, 0xfb,
    0x05, 0xfc, 0x05, 0xfc, 0xe4, 0xfb, 0x05, 0xfc, 0x05, 0xfc, 0x05, 0xfc,
    0xe5, 0xfb, 0x05, 0xfc, 0x05, 0xfc, 0x05, 0xfc, 0x05, 0xfc, 0xe5, 0xfb,
    0x05, 0xfc, 0x05, 0xfc, 0xe5, 0xfb, 0x05, 0xfc, 0x05, 0xfc, 0xe5, 0xfb,
    0x05, 0xfc, 0x05, 0xfc, 0x05, 0xfc, 0x05, 0xfc, 0x05, 0xfc, 0xe5, 0xfb,
    0xe5, 0xfb, 0x05, 0xfc, 0xe5, 0xfb, 0x05, 0xfc, 0xe5, 0xfb, 0x05, 0xfc,
    0x05, 0xfc, 0x05, 0xfc, 0xe5, 0xfb, 0x05, 0xfc, 0x05, 0xfc, 0x05, 0xfc,
    0x04, 0xfc, 0x05, 0xfc, 0xe5, 0xfb, 0x05, 0xfc, 0x05, 0xfc, 0x05, 0xfc,
    0xe5, 0xfb, 0x05, 0xfc, 0x04, 0xfc, 0xe5, 0xfb, 0x05, 0xfc, 0x04, 0xfc,
    0x05, 0xfc, 0x05, 0xfc, 0xe4, 0xfb, 0x05, 0xfc, 0x05, 0xfc, 0x05, 0xfc,
    0x05, 0xfc, 0x05, 0xfc, 0x05, 0xfc, 0xe5, 0xfb, 0xe4, 0xfb, 0x05, 0xfc,
    0x05, 0xfc, 0x04, 0xfc, 0xe5, 0xfb, 0x05, 0xfc, 0xe4, 0xfb, 0x05, 0xfc,
    0x05, 0xfc, 0xe5, 0xfb, 0x05, 0xfc, 0x04, 0xfc, 0xe5, 0xfb, 0x05, 0xfc,
    0xe5, 0xfb, 0x05, 0xfc, 0x05, 0xfc, 0x05, 0xfc, 0x04, 0xfc, 0xe5, 0xfb,
    0x05, 0xfc, 0x04, 0xfc, 0xe5, 0xfb, 0xe5, 0xfb, 0x05, 0xfc, 0x05, 0xfc,
    0xe4, 0xfb, 0x05, 0xfc, 0x05, 0xfc, 0xe5, 0xfb, 0x05, 0xfc, 0x05, 0xfc,
    0xe5, 0xfb, 0x04, 0xfc, 0x05, 0xfc, 0xe5, 0xfb, 0x04, 0xfc, 0x05, 0xfc,
    0xe5, 0xfb, 0x05, 0xfc, 0x05, 0xfc, 0x04, 0xfc, 0x05, 0xfc, 0x05, 0xfc,
    0x05, 0xfc, 0x05, 0xfc, 0xe5, 0xfb, 0x05, 0xfc, 0x04, 0xfc, 0xe5, 0xfb,
    0x05, 0xfc, 0x04, 0xfc, 0xe5, 0xfb, 0x05, 0xfc, 0x05, 0xfc, 0xe5, 0xfb,
    0x04, 0xfc, 0x05, 0xfc, 0xe5, 0xfb, 0x05, 0xfc, 0x05, 0xfc, 0x05, 0xfc,
    0x05, 0xfc, 0xe4, 0xfb, 0x05, 0xfc, 0x05, 0xfc, 0xe4, 0xfb, 0x05, 0xfc,
    0x05, 0xfc, 0xe5, 0xfb, 0x05, 0xfc, 0x04, 0xfc, 0xe5, 0xfb, 0x05, 0xfc,
    0x04, 0xfc, 0x05, 0xfc, 0x05, 0xfc, 0xe5, 0xfb, 0xe4, 0xfb, 0x05, 0xfc,
    0x05, 0xfc, 0x05, 0xfc, 0x05, 0xfc, 0x05, 0xfc, 0x05, 0xfc, 0x05, 0xfc,
    0xe5, 0xfb, 0x05, 0xfc, 0x04, 0xfc, 0xe5, 0xfb, 0x05, 0xfc, 0x04, 0xfc,
    0xe5, 0xfb, 0xe5, 0xfb, 0x05, 0xfc, 0x05, 0xfc, 0x04, 0xfc, 0x05, 0xfc,
    0x05, 0xfc, 0x04, 0xfc, 0x05, 0xfc, 0xe5, 0xfb, 0x05, 0xfc, 0x05, 0xfc,
    0xe5, 0xfb, 0x05, 0xfc, 0x05, 0xfc, 0xe5, 0xfb, 0x05, 0xfc, 0x05, 0xfc,
    0xe4, 0xfb, 0x05, 0xfc, 0xe5, 0xfb, 0x05, 0xfc, 0x05, 0xfc, 0x05, 0xfc,
    0x05, 0xfc, 0xe5, 0xfb, 0x05, 0xfc, 0x05, 0xfc, 0x05, 0xfc, 0x05, 0xfc,
    0xe5, 0xfb, 0x05, 0xfc, 0x05, 0xfc, 0x05, 0xfc, 0x05, 0xfc, 0x05, 0xfc,
    0x05, 0xfc, 0xe5, 0xfb, 0x04, 0xfc, 0x05, 0xfc, 0xe5, 0xfb, 0x05, 0xfc,
    0x05, 0xfc, 0x05, 0xfc, 0xe5, 0xfb, 0x05, 0xfc, 0x05, 0xfc, 0x05, 0xfc,
    0x05, 0xfc, 0x05, 0xfc, 0x05, 0xfc, 0x05, 0xfc, 0xe5, 0xfb, 0x04, 0xfc,
    0x05, 0xfc, 0x05, 0xfc, 0x05, 0xfc, 0x05, 0xfc, 0x05, 0xfc, 0x05, 0xfc,
    0x05, 0xfc, 0x05, 0xfc, 0x05, 0xfc, 0xe5, 0xfb, 0x05, 0xfc, 0x05, 0xfc,
    0xe5, 0xfb, 0xe5, 0xfb, 0x04, 0xfc, 0x05, 0xfc, 0xe5, 0xfb, 0x05, 0xfc,
    0x05, 0xfc, 0x05, 0xfc, 0x05, 0xfc, 0x05, 0xfc, 0xe5, 0xfb, 0x05, 0xfc,
    0x05, 0xfc, 0x05, 0xfc, 0x05, 0xfc, 0x05, 0xfc, 0x05, 0xfc, 0xe4, 0xfb,
    0x05, 0xfc, 0x05, 0xfc, 0xe5, 0xfb, 0x05, 0xfc, 0x05, 0xfc, 0x05, 0xfc,
    0xe5, 0xfb, 0x05, 0xfc, 0x05, 0xfc, 0x05, 0xfc, 0x05, 0xfc, 0x05, 0xfc,
    0x05, 0xfc, 0x05, 0xfc, 0xe5, 0xfb, 0x05, 0xfc, 0x05, 0xfc, 0x05, 0xfc,
    0x05, 0xfc, 0xe5, 0xfb, 0x05, 0xfc, 0x05, 0xfc, 0x05, 0xfc, 0x05, 0xfc,
    0x04, 0xfc, 0xe5, 0xfb, 0x05, 0xfc, 0x05, 0xfc, 0x05, 0xfc, 0x05, 0xfc,
    0x05, 0xfc, 0x05, 0xfc, 0x05, 0xfc, 0x05, 0xfc, 0xe5, 0xfb, 0x05, 0xfc,
    0x05, 0xfc, 0xe5, 0xfb, 0xe5, 0xfb, 0x05, 0xfc, 0x05, 0xfc, 0x05, 0xfc,
    0x05, 0xfc, 0x05, 0xfc, 0xe5, 0xfb, 0x05, 0xfc, 0x05, 0xfc, 0xe4, 0xfb,
    0x05, 0xfc, 0x05, 0xfc, 0x05, 0xfc, 0x05, 0xfc, 0x05, 0xfc, 0xe4, 0xfb,
    0x05, 0xfc, 0x05, 0xfc, 0x05, 0xfc, 0x04, 0xfc, 0xe5, 0xfb, 0x05, 0xfc,
    0x05, 0xfc, 0x05, 0xfc, 0x05, 0xfc, 0xe5, 0xfb, 0x04, 0xfc, 0xe5, 0xfb,
    0x05, 0xfc, 0x05, 0xfc, 0x05, 0xfc, 0x05, 0xfc, 0x05, 0xfc, 0x05, 0xfc,
    0xe5, 0xfb, 0x05, 0xfc, 0x05, 0xfc, 0xe5, 0xfb, 0x05, 0xfc, 0x05, 0xfc,
    0x05, 0xfc, 0xe4, 0xfb, 0x05, 0xfc, 0xe5, 0xfb, 0x05, 0xfc, 0x05, 0xfc,
    0x05, 0xfc, 0x05, 0xfc, 0xe5, 0xfb, 0x05, 0xfc, 0x05, 0xfc, 0xe5, 0xfb,
    0x05, 0xfc, 0xe5, 0xfb, 0x05, 0xfc, 0x05, 0xfc, 0xe4, 0xfb, 0x05, 0xfc,
    0x05, 0xfc, 0x05, 0xfc, 0x05, 0xfc, 0x05, 0xfc, 0x05, 0xfc, 0x05, 0xfc,
    0x05, 0xfc, 0xe5, 0xfb, 0x05, 0xfc, 0xe5, 0xfb, 0x05, 0xfc, 0x05, 0xfc,
    0x05, 0xfc, 0xe4, 0xfb, 0x05, 0xfc, 0x05, 0xfc, 0xe5, 0xfb, 0x05, 0xfc,
    0x05, 0xfc, 0x05, 0xfc, 0xe5, 0xfb, 0x05, 0xfc, 0x05, 0xfc, 0x05, 0xfc,
    0x05, 0xfc, 0xe5, 0xfb, 0x05, 0xfc, 0x05, 0xfc, 0xe4, 0xfb, 0x05, 0xfc,
    0xe5, 0xfb, 0x05, 0xfc, 0x05, 0xfc, 0xe5, 0xfb, 0x05, 0xfc, 0x04, 0xfc,
    0xe5, 0xfb, 0x05, 0xfc, 0x05, 0xfc, 0x04, 0xfc, 0xe5, 0xfb, 0x05, 0xfc,
    0xe5, 0xfb, 0x05, 0xfc, 0x05, 0xfc, 0x05, 0xfc, 0x05, 0xfc, 0xe4, 0xfb,
    0x05, 0xfc, 0xe5, 0xfb, 0x05, 0xfc, 0xe5, 0xfb, 0x04, 0xfc, 0x05, 0xfc,
    0x05, 0xfc, 0xe5, 0xfb, 0x05, 0xfc, 0x05, 0xfc, 0x05, 0xfc, 0xe5, 0xfb,
    0x04, 0xfc, 0xe5, 0xfb, 0x05, 0xfc, 0x04, 0xfc, 0x05, 0xfc, 0x05, 0xfc,
    0x05, 0xfc, 0x05, 0xfc, 0x05, 0xfc, 0xe5, 0xfb, 0x05, 0xfc, 0x05, 0xfc,
    0x05, 0xfc, 0xe5, 0xfb, 0x05, 0xfc, 0x05, 0xfc, 0xe5, 0xfb, 0x05, 0xfc,
    0x05, 0xfc, 0xe4, 0xfb, 0x05, 0xfc, 0xe5, 0xfb, 0x04, 0xfc, 0x05, 0xfc,
    0x05, 0xfc, 0x05, 0xfc, 0xe4, 0xfb, 0xe5, 0xfb, 0x05, 0xfc, 0xe4, 0xfb,
    0x05, 0xfc, 0x05, 0xfc, 0x04, 0xfc, 0xe5, 0xfb, 0x05, 0xfc, 0x04, 0xfc,
    0x05, 0xfc, 0x05, 0xfc, 0xe5, 0xfb, 0x05, 0xfc, 0x05, 0xfc, 0x04, 0xfc,
    0xe5, 0xfb, 0x05, 0xfc, 0x04, 0xfc, 0xe5, 0xfb, 0x05, 0xfc, 0x04, 0xfc,
    0xe5, 0xfb, 0x05, 0xfc, 0x04, 0xfc, 0xe5, 0xfb, 0x05, 0xfc, 0x05, 0xfc,
    0x05, 0xfc, 0xe5, 0xfb, 0x03, 0xfc, 0x21, 0xda, 0x00, 0x68, 0x00, 0x00,
    0x00, 0x00, 0x00, 0x68, 0xc2, 0xfa, 0x04, 0xfc, 0x05, 0xfc, 0x05, 0xfc,
    0xe4, 0xfb, 0x05, 0xfc, 0x05, 0xfc, 0x05, 0xfc, 0xe5, 0xfb, 0x04, 0xfc,
    0x05, 0xfc, 0xe5, 0xfb, 0x04, 0xfc, 0x05, 0xfc, 0x05, 0xfc, 0x04, 0xfc,
    0xe5, 0xfb, 0x05, 0xfc, 0x04, 0xfc, 0x05, 0xfc, 0x05, 0xfc, 0x05, 0xfc,
    0x05, 0xfc, 0xe5, 0xfb, 0x04, 0xfc, 0x05, 0xfc, 0xe5, 0xfb, 0x04, 0xfc,
    0x05, 0xfc, 0x05, 0xfc, 0x05, 0xfc, 0xe5, 0xfb, 0x05, 0xfc, 0x05, 0xfc,
    0x05, 0xfc, 0x05, 0xfc, 0x05, 0xfc, 0xe5, 0xfb, 0x05, 0xfc, 0x05, 0xfc,
    0xe5, 0xfb, 0x05, 0xfc, 0x05, 0xfc, 0x05, 0xfc, 0x04, 0xfc, 0x05, 0xfc,
    0xe5, 0xfb, 0x05, 0xfc, 0x05, 0xfc, 0x04, 0xfc, 0x05, 0xfc, 0x05, 0xfc,
    0x04, 0xfc, 0x05, 0xfc, 0x05, 0xfc, 0xe5, 0xfb, 0x05, 0xfc, 0x05, 0xfc,
    0xe5, 0xfb, 0xe4, 0xfb, 0x05, 0xfc, 0x05, 0xfc, 0xe5, 0xfb, 0x05, 0xfc,
    0x04, 0xfc, 0xe5, 0xfb, 0x05, 0xfc, 0x05, 0xfc, 0x04, 0xfc, 0xe5, 0xfb,
    0x05, 0xfc, 0x05, 0xfc, 0x05, 0xfc, 0x05, 0xfc, 0x05, 0xfc, 0x05, 0xfc,
    0xe5, 0xfb, 0x05, 0xfc, 0x05, 0xfc, 0x05, 0xfc, 0x05, 0xfc, 0x05, 0xfc,
    0x05, 0xfc, 0x05, 0xfc, 0xe5, 0xfb, 0x05, 0xfc, 0x05, 0xfc, 0x05, 0xfc,
    0xe5, 0xfb, 0x05, 0xfc, 0x05, 0xfc, 0xe4, 0xfb, 0x05, 0xfc, 0x05, 0xfc,
    0x05, 0xfc, 0x05, 0xfc, 0xe5, 0xfb, 0x05, 0xfc, 0x05, 0xfc, 0xe5, 0xfb,
    0x05, 0xfc, 0x05, 0xfc, 0x05, 0xfc, 0x05, 0xfc, 0x05, 0xfc, 0x05, 0xfc,
    0xe4, 0xfb, 0x05, 0xfc, 0x04, 0xfc, 0xc2, 0xfa, 0x00, 0x68, 0x00, 0x00,
    0x00, 0x00, 0x00, 0x00, 0x00, 0x00, 0x00, 0x00, 0x00, 0x00, 0x63, 0xfb,
    0x05, 0xfc, 0x05, 0xfc, 0x05, 0xfc, 0xe5, 0xfb, 0x05, 0xfc, 0x05, 0xfc,
    0x05, 0xfc, 0x05, 0xfc, 0x05, 0xfc, 0xe5, 0xfb, 0x05, 0xfc, 0x05, 0xfc,
    0xe5, 0xfb, 0x05, 0xfc, 0x05, 0xfc, 0xe5, 0xfb, 0x05, 0xfc, 0x05, 0xfc,
    0xe4, 0xfb, 0x05, 0xfc, 0x05, 0xfc, 0x05, 0xfc, 0x05, 0xfc, 0x05, 0xfc,
    0x05, 0xfc, 0x05, 0xfc, 0xe5, 0xfb, 0x05, 0xfc, 0x05, 0xfc, 0x04, 0xfc,
    0xe5, 0xfb, 0x05, 0xfc, 0x05, 0xfc, 0xe5, 0xfb, 0x05, 0xfc, 0x05, 0xfc,
    0xe4, 0xfb, 0x05, 0xfc, 0x05, 0xfc, 0x05, 0xfc, 0xe5, 0xfb, 0x05, 0xfc,
    0x05, 0xfc, 0x05, 0xfc, 0x05, 0xfc, 0xe5, 0xfb, 0x05, 0xfc, 0x05, 0xfc,
    0xe5, 0xfb, 0xe5, 0xfb, 0x05, 0xfc, 0x05, 0xfc, 0x05, 0xfc, 0x05, 0xfc,
    0x05, 0xfc, 0x05, 0xfc, 0x05, 0xfc, 0x05, 0xfc, 0x05, 0xfc, 0xe5, 0xfb,
    0x05, 0xfc, 0x05, 0xfc, 0x05, 0xfc, 0xe5, 0xfb, 0x05, 0xfc, 0x05, 0xfc,
    0xe5, 0xfb, 0x05, 0xfc, 0x04, 0xfc, 0xe5, 0xfb, 0x05, 0xfc, 0x05, 0xfc,
    0xe5, 0xfb, 0x05, 0xfc, 0x05, 0xfc, 0xe5, 0xfb, 0x05, 0xfc, 0xe5, 0xfb,
    0x05, 0xfc, 0x05, 0xfc, 0x05, 0xfc, 0x05, 0xfc, 0xe5, 0xfb, 0x05, 0xfc,
    0x05, 0xfc, 0x05, 0xfc, 0x05, 0xfc, 0xe5, 0xfb, 0x05, 0xfc, 0x05, 0xfc,
    0x05, 0xfc, 0xe5, 0xfb, 0x05, 0xfc, 0x05, 0xfc, 0x05, 0xfc, 0x05, 0xfc,
    0x05, 0xfc, 0x05, 0xfc, 0x05, 0xfc, 0xe5, 0xfb, 0x05, 0xfc, 0xe5, 0xfb,
    0x05, 0xfc, 0x05, 0xfc, 0x05, 0xfc, 0x63, 0xfb, 0xe0, 0x90, 0x00, 0x00,
    0x00, 0x00, 0x00, 0x00, 0x00, 0x00, 0x00, 0x00, 0x00, 0x00, 0x00, 0x00,
    0x00, 0x00, 0xe0, 0x68, 0x05, 0xfc, 0xe5, 0xfb, 0x05, 0xfc, 0x04, 0xfc,
    0xe5, 0xfb, 0x05, 0xfc, 0x05, 0xfc, 0xe5, 0xfb, 0x05, 0xfc, 0x05, 0xfc,
    0x05, 0xfc, 0xe5, 0xfb, 0x05, 0xfc, 0x05, 0xfc, 0x05, 0xfc, 0x05, 0xfc,
    0xe5, 0xfb, 0x05, 0xfc, 0x05, 0xfc, 0xe5, 0xfb, 0x05, 0xfc, 0x05, 0xfc,
    0xe5, 0xfb, 0x05, 0xfc, 0x05, 0xfc, 0xe5, 0xfb, 0x05, 0xfc, 0x05, 0xfc,
    0xe5, 0xfb, 0x05, 0xfc, 0x05, 0xfc, 0x05, 0xfc, 0xe4, 0xfb, 0x05, 0xfc,
    0x05, 0xfc, 0x05, 0xfc, 0x05, 0xfc, 0xe5, 0xfb, 0x05, 0xfc, 0x04, 0xfc,
    0xe5, 0xfb, 0x05, 0xfc, 0xe5, 0xfb, 0x05, 0xfc, 0x04, 0xfc, 0xe5, 0xfb,
    0x05, 0xfc, 0x05, 0xfc, 0x05, 0xfc, 0x05, 0xfc, 0xe5, 0xfb, 0x05, 0xfc,
    0xe4, 0xfb, 0x05, 0xfc, 0xe5, 0xfb, 0xe4, 0xfb, 0x05, 0xfc, 0x05, 0xfc,
    0x05, 0xfc, 0x04, 0xfc, 0x05, 0xfc, 0x05, 0xfc, 0xe5, 0xfb, 0x04, 0xfc,
    0x05, 0xfc, 0x05, 0xfc, 0x05, 0xfc, 0x05, 0xfc, 0x05, 0xfc, 0xe5, 0xfb,
    0x05, 0xfc, 0x04, 0xfc, 0xe5, 0xfb, 0x05, 0xfc, 0x04, 0xfc, 0x05, 0xfc,
    0x05, 0xfc, 0x04, 0xfc, 0xe5, 0xfb, 0xe5, 0xfb, 0x04, 0xfc, 0x05, 0xfc,
    0x05, 0xfc, 0xe4, 0xfb, 0x05, 0xfc, 0x05, 0xfc, 0xe4, 0xfb, 0x05, 0xfc,
    0x05, 0xfc, 0x05, 0xfc, 0xe5, 0xfb, 0x04, 0xfc, 0x05, 0xfc, 0xe5, 0xfb,
    0x04, 0xfc, 0xe5, 0xfb, 0x05, 0xfc, 0x04, 0xfc, 0xe5, 0xfb, 0x05, 0xfc,
    0x04, 0xfc, 0x05, 0xfc, 0xe5, 0xfb, 0x03, 0xfc, 0x41, 0xda, 0x00, 0x38,
    0x00, 0x00, 0x00, 0x00, 0x00, 0x00, 0x00, 0x00, 0x00, 0x00, 0x00, 0x00,
    0x00, 0x00, 0x00, 0x00, 0x00, 0x00, 0x00, 0x00, 0x04, 0xfc, 0x05, 0xfc,
    0x05, 0xfc, 0x05, 0xfc, 0x05, 0xfc, 0xe4, 0xfb, 0x05, 0xfc, 0x05, 0xfc,
    0xe4, 0xfb, 0x05, 0xfc, 0x05, 0xfc, 0x04, 0xfc, 0x05, 0xfc, 0xe5, 0xfb,
    0x04, 0xfc, 0x05, 0xfc, 0x05, 0xfc, 0x04, 0xfc, 0x05, 0xfc, 0xe5, 0xfb,
    0x04, 0xfc, 0x05, 0xfc, 0xe5, 0xfb, 0x04, 0xfc, 0x05, 0xfc, 0xe5, 0xfb,
    0x04, 0xfc, 0x05, 0xfc, 0x05, 0xfc, 0xe5, 0xfb, 0x05, 0xfc, 0x05, 0xfc,
    0x05, 0xfc, 0x05, 0xfc, 0x05, 0xfc, 0xe5, 0xfb, 0x05, 0xfc, 0x05, 0xfc,
    0x05, 0xfc, 0x05, 0xfc, 0x05, 0xfc, 0x04, 0xfc, 0x05, 0xfc, 0xe5, 0xfb,
    0x05, 0xfc, 0x05, 0xfc, 0x05, 0xfc, 0xe4, 0xfb, 0x05, 0xfc, 0x05, 0xfc,
    0x04, 0xfc, 0x05, 0xfc, 0x05, 0xfc, 0x05, 0xfc, 0x05, 0xfc, 0x05, 0xfc,
    0xe5, 0xfb, 0x05, 0xfc, 0xe5, 0xfb, 0x05, 0xfc, 0x05, 0xfc, 0xe5, 0xfb,
    0x05, 0xfc, 0x05, 0xfc, 0xe5, 0xfb, 0x04, 0xfc, 0x05, 0xfc, 0xe5, 0xfb,
    0x05, 0xfc, 0x05, 0xfc, 0x05, 0xfc, 0x05, 0xfc, 0x05, 0xfc, 0x05, 0xfc,
    0xe5, 0xfb, 0x05, 0xfc, 0x05, 0xfc, 0x05, 0xfc, 0x05, 0xfc, 0x05, 0xfc,
    0xe5, 0xfb, 0x05, 0xfc, 0x05, 0xfc, 0xe5, 0xfb, 0x05, 0xfc, 0x05, 0xfc,
    0x05, 0xfc, 0x05, 0xfc, 0xe4, 0xfb, 0x05, 0xfc, 0x05, 0xfc, 0x05, 0xfc,
    0x05, 0xfc, 0xe5, 0xfb, 0x05, 0xfc, 0x05, 0xfc, 0xe5, 0xfb, 0x05, 0xfc,
    0x05, 0xfc, 0x05, 0xfc, 0x05, 0xfc, 0x05, 0xfc, 0xc2, 0xfa, 0x00, 0x68,
    0x00, 0x00, 0x00, 0x00, 0x00, 0x00, 0x00, 0x00, 0x00, 0x00, 0x00, 0x00,
    0x00, 0x00, 0x00, 0x00, 0x00, 0x00, 0x00, 0x00, 0x00, 0x00, 0x00, 0x00,
    0xe5, 0xfb, 0x05, 0xfc, 0xe5, 0xfb, 0x05, 0xfc, 0x05, 0xfc, 0x05, 0xfc,
    0x05, 0xfc, 0x05, 0xfc, 0x05, 0xfc, 0xe5, 0xfb, 0x05, 0xfc, 0x05, 0xfc,
    0xe5, 0xfb, 0x05, 0xfc, 0x05, 0xfc, 0xe5, 0xfb, 0x05, 0xfc, 0x05, 0xfc,
    0xe5, 0xfb, 0x05, 0xfc, 0x05, 0xfc, 0x05, 0xfc, 0x05, 0xfc, 0x05, 0xfc,
    0x05, 0xfc, 0x05, 0xfc, 0x05, 0xfc, 0x05, 0xfc, 0x04, 0xfc, 0x05, 0xfc,
    0xe5, 0xfb, 0x05, 0xfc, 0x05, 0xfc, 0xe5, 0xfb, 0x05, 0xfc, 0x05, 0xfc,
    0xe4, 0xfb, 0x05, 0xfc, 0x05, 0xfc, 0xe5, 0xfb, 0x05, 0xfc, 0x05, 0xfc,
    0x05, 0xfc, 0x05, 0xfc, 0xe5, 0xfb, 0x05, 0xfc, 0x05, 0xfc, 0xe5, 0xfb,
    0x05, 0xfc, 0x05, 0xfc, 0xe5, 0xfb, 0x05, 0xfc, 0x05, 0xfc, 0xe5, 0xfb,
    0x05, 0xfc, 0x05, 0xfc, 0x05, 0xfc, 0x04, 0xfc, 0xe5, 0xfb, 0x05, 0xfc,
    0x04, 0xfc, 0xe5, 0xfb, 0x05, 0xfc, 0x05, 0xfc, 0x05, 0xfc, 0xe5, 0xfb,
    0x05, 0xfc, 0x05, 0xfc, 0xe4, 0xfb, 0x05, 0xfc, 0x05, 0xfc, 0xe5, 0xfb,
    0x05, 0xfc, 0x04, 0xfc, 0xe5, 0xfb, 0x05, 0xfc, 0xe5, 0xfb, 0x05, 0xfc,
    0x04, 0xfc, 0x05, 0xfc, 0x05, 0xfc, 0x05, 0xfc, 0x05, 0xfc, 0x05, 0xfc,
    0xe4, 0xfb, 0x05, 0xfc, 0x05, 0xfc, 0xe5, 0xfb, 0x05, 0xfc, 0x05, 0xfc,
    0xe5, 0xfb, 0x05, 0xfc, 0x05, 0xfc, 0x04, 0xfc, 0x05, 0xfc, 0x05, 0xfc,
    0x05, 0xfc, 0xe5, 0xfb, 0x04, 0xfc, 0xe5, 0xfb, 0x63, 0xfb, 0xa0, 0xb9,
    0x00, 0x00, 0x00, 0x00, 0x00, 0x00, 0x00, 0x00, 0x00, 0x00, 0x00, 0x00,
    0x00, 0x00, 0x00, 0x00, 0x00, 0x00, 0x00, 0x00, 0x00, 0x00, 0x00, 0x00,
    0x00, 0x00, 0xa3, 0x39, 0x05, 0xfc, 0x05, 0xfc, 0x05, 0xfc, 0xe4, 0xfb,
    0x05, 0xfc, 0xe5, 0xfb, 0x05, 0xfc, 0x05, 0xfc, 0xe5, 0xfb, 0x04, 0xfc,
    0x05, 0xfc, 0xe5, 0xfb, 0x05, 0xfc, 0x05, 0xfc, 0x05, 0xfc, 0xe4, 0xfb,
    0x05, 0xfc, 0x05, 0xfc, 0xe5, 0xfb, 0x05, 0xfc, 0x05, 0xfc, 0xe5, 0xfb,
    0x05, 0xfc, 0xe5, 0xfb, 0xe4, 0xfb, 0x05, 0xfc, 0xe5, 0xfb, 0xe5, 0xfb,
    0x05, 0xfc, 0x05, 0xfc, 0x04, 0xfc, 0xe5, 0xfb, 0x05, 0xfc, 0x05, 0xfc,
    0x05, 0xfc, 0x05, 0xfc, 0x05, 0xfc, 0xe5, 0xfb, 0x05, 0xfc, 0x04, 0xfc,
    0xe5, 0xfb, 0xe5, 0xfb, 0x05, 0xfc, 0x04, 0xfc, 0x05, 0xfc, 0x05, 0xfc,
    0x04, 0xfc, 0x05, 0xfc, 0x05, 0xfc, 0xe5, 0xfb, 0x05, 0xfc, 0x05, 0xfc,
    0xe4, 0xfb, 0x05, 0xfc, 0x05, 0xfc, 0xe4, 0xfb, 0x05, 0xfc, 0x05, 0xfc,
    0x05, 0xfc, 0x05, 0xfc, 0x05, 0xfc, 0x05, 0xfc, 0x04, 0xfc, 0x05, 0xfc,
    0x05, 0xfc, 0x05, 0xfc, 0x05, 0xfc, 0x05, 0xfc, 0x05, 0xfc, 0xe5, 0xfb,
    0x04, 0xfc, 0x05, 0xfc, 0xe5, 0xfb, 0x05, 0xfc, 0x05, 0xfc, 0x05, 0xfc,
    0x04, 0xfc, 0xe5, 0xfb, 0x05, 0xfc, 0xe5, 0xfb, 0x05, 0xfc, 0xe4, 0xfb,
    0x05, 0xfc, 0x05, 0xfc, 0x05, 0xfc, 0xe5, 0xfb, 0x05, 0xfc, 0x05, 0xfc,
    0x05, 0xfc, 0x05, 0xfc, 0xe4, 0xfb, 0x05, 0xfc, 0x05, 0xfc, 0xe5, 0xfb,
    0x05, 0xfc, 0x05, 0xfc, 0xe4, 0xfb, 0x05, 0xfc, 0x04, 0xfc, 0x41, 0xda,
    0x00, 0x38, 0x00, 0x00, 0x00, 0x00, 0x00, 0x00, 0x00, 0x00, 0x00, 0x00,
    0x00, 0x00, 0x00, 0x00, 0x00, 0x00, 0x00, 0x00, 0x00, 0x00, 0x00, 0x00,
    0x00, 0x00, 0x00, 0x00, 0xe2, 0x00, 0x05, 0xdc, 0xe5, 0xfb, 0x05, 0xfc,
    0x05, 0xfc, 0x05, 0xfc, 0x05, 0xfc, 0xe5, 0xfb, 0x04, 0xfc, 0x05, 0xfc,
    0x05, 0xfc, 0x05, 0xfc, 0x05, 0xfc, 0x05, 0xfc, 0x04, 0xfc, 0x05, 0xfc,
    0xe5, 0xfb, 0x05, 0xfc, 0x05, 0xfc, 0x05, 0xfc, 0x04, 0xfc, 0x05, 0xfc,
    0xe5, 0xfb, 0x04, 0xfc, 0x05, 0xfc, 0x05, 0xfc, 0x05, 0xfc, 0x05, 0xfc,
    0x05, 0xfc, 0x05, 0xfc, 0xe5, 0xfb, 0x05, 0xfc, 0x05, 0xfc, 0x05, 0xfc,
    0x05, 0xfc, 0x05, 0xfc, 0xe5, 0xfb, 0x05, 0xfc, 0x05, 0xfc, 0x05, 0xfc,
    0x05, 0xfc, 0x05, 0xfc, 0x05, 0xfc, 0x05, 0xfc, 0xe5, 0xfb, 0x05, 0xfc,
    0x05, 0xfc, 0xe5, 0xfb, 0x05, 0xfc, 0x05, 0xfc, 0xe5, 0xfb, 0x04, 0xfc,
    0x05, 0xfc, 0x05, 0xfc, 0x05, 0xfc, 0x05, 0xfc, 0x05, 0xfc, 0xe5, 0xfb,
    0x05, 0xfc, 0x05, 0xfc, 0xe5, 0xfb, 0x05, 0xfc, 0xe5, 0xfb, 0x05, 0xfc,
    0xe5, 0xfb, 0xe5, 0xfb, 0x05, 0xfc, 0xe4, 0xfb, 0x05, 0xfc, 0x05, 0xfc,
    0xe5, 0xfb, 0x05, 0xfc, 0x05, 0xfc, 0x05, 0xfc, 0x05, 0xfc, 0x05, 0xfc,
    0x05, 0xfc, 0xe5, 0xfb, 0x05, 0xfc, 0x05, 0xfc, 0x05, 0xfc, 0x05, 0xfc,
    0xe5, 0xfb, 0x05, 0xfc, 0x05, 0xfc, 0xe5, 0xfb, 0x05, 0xfc, 0x05, 0xfc,
    0x04, 0xfc, 0xe5, 0xfb, 0x05, 0xfc, 0x05, 0xfc, 0x05, 0xfc, 0x05, 0xfc,
    0xe5, 0xfb, 0x05, 0xfc, 0x05, 0xfc, 0xe5, 0xfb, 0x05, 0xfc, 0xc2, 0xfa,
    0xe0, 0x90, 0x00, 0x00, 0x00, 0x00, 0x00, 0x00, 0x00, 0x00, 0x00, 0x00,
    0x00, 0x00, 0x00, 0x00, 0x00, 0x00, 0x00, 0x00, 0x00, 0x00, 0x00, 0x00,
    0x00, 0x00, 0x00, 0x00, 0x00, 0x00, 0xa3, 0x01, 0x05, 0xbc, 0xe5, 0xfb,
    0x05, 0xfc, 0x05, 0xfc, 0xe5, 0xfb, 0x05, 0xfc, 0x05, 0xfc, 0x05, 0xfc,
    0xe5, 0xfb, 0x05, 0xfc, 0xe5, 0xfb, 0x05, 0xfc, 0xe5, 0xfb, 0x05, 0xfc,
    0x05, 0xfc, 0xe5, 0xfb, 0x05, 0xfc, 0x05, 0xfc, 0xe5, 0xfb, 0x05, 0xfc,
    0x05, 0xfc, 0xe5, 0xfb, 0x05, 0xfc, 0x05, 0xfc, 0x05, 0xfc, 0x05, 0xfc,
    0x05, 0xfc, 0xe5, 0xfb, 0x04, 0xfc, 0x05, 0xfc, 0x05, 0xfc, 0xe5, 0xfb,
    0x05, 0xfc, 0x04, 0xfc, 0xe5, 0xfb, 0x05, 0xfc, 0x05, 0xfc, 0x05, 0xfc,
    0xe4, 0xfb, 0x05, 0xfc, 0xe5, 0xfb, 0x05, 0xfc, 0x05, 0xfc, 0x04, 0xfc,
    0x05, 0xfc, 0xe5, 0xfb, 0x05, 0xfc, 0x05, 0xfc, 0xe5, 0xfb, 0x05, 0xfc,
    0x05, 0xfc, 0x05, 0xfc, 0xe5, 0xfb, 0x05, 0xfc, 0xe5, 0xfb, 0x05, 0xfc,
    0x05, 0xfc, 0x05, 0xfc, 0x05, 0xfc, 0xe5, 0xfb, 0x04, 0xfc, 0x05, 0xfc,
    0x05, 0xfc, 0x05, 0xfc, 0x05, 0xfc, 0x05, 0xfc, 0x05, 0xfc, 0xe5, 0xfb,
    0x05, 0xfc, 0x04, 0xfc, 0x05, 0xfc, 0x05, 0xfc, 0xe5, 0xfb, 0x05, 0xfc,
    0xe4, 0xfb, 0x05, 0xfc, 0x05, 0xfc, 0xe4, 0xfb, 0x05, 0xfc, 0x05, 0xfc,
    0xe5, 0xfb, 0x04, 0xfc, 0x05, 0xfc, 0x05, 0xfc, 0x05, 0xfc, 0xe4, 0xfb,
    0x05, 0xfc, 0x05, 0xfc, 0xe5, 0xfb, 0x05, 0xfc, 0x05, 0xfc, 0xe4, 0xfb,
    0x05, 0xfc, 0x05, 0xfc, 0x04, 0xfc, 0x05, 0xfc, 0x05, 0xfc, 0x03, 0xfc,
    0xa0, 0xb9, 0x00, 0x00, 0x00, 0x00, 0x00, 0x00, 0x00, 0x00, 0x00, 0x00,
    0x00, 0x00, 0x00, 0x00, 0x00, 0x00, 0x00, 0x00, 0x00, 0x00, 0x00, 0x00,
    0x00, 0x00, 0x00, 0x00, 0x00, 0x00, 0xe3, 0x00, 0xc5, 0x6a, 0x05, 0xfc,
    0x05, 0xfc, 0x05, 0xfc, 0x04, 0xfc, 0x05, 0xfc, 0xe5, 0xfb, 0x04, 0xfc,
    0x05, 0xfc, 0x05, 0xfc, 0x05, 0xfc, 0x04, 0xfc, 0x05, 0xfc, 0xe5, 0xfb,
    0x04, 0xfc, 0x05, 0xfc, 0xe5, 0xfb, 0x05, 0xfc, 0x04, 0xfc, 0x05, 0xfc,
    0xe5, 0xfb, 0x04, 0xfc, 0x05, 0xfc, 0x05, 0xfc, 0x05, 0xfc, 0xe5, 0xfb,
    0xe4, 0xfb, 0x05, 0xfc, 0x05, 0xfc, 0xe5, 0xfb, 0x05, 0xfc, 0x05, 0xfc,
    0x04, 0xfc, 0x05, 0xfc, 0xe5, 0xfb, 0x05, 0xfc, 0x05, 0xfc, 0xe5, 0xfb,
    0x05, 0xfc, 0x05, 0xfc, 0x05, 0xfc, 0xe5, 0xfb, 0x05, 0xfc, 0x04, 0xfc,
    0xe5, 0xfb, 0x05, 0xfc, 0x05, 0xfc, 0x05, 0xfc, 0x04, 0xfc, 0x05, 0xfc,
    0xe5, 0xfb, 0x04, 0xfc, 0x05, 0xfc, 0xe5, 0xfb, 0x05, 0xfc, 0x04, 0xfc,
    0x05, 0xfc, 0xe5, 0xfb, 0x04, 0xfc, 0x05, 0xfc, 0xe5, 0xfb, 0x05, 0xfc,
    0x05, 0xfc, 0xe5, 0xfb, 0x05, 0xfc, 0x04, 0xfc, 0xe5, 0xfb, 0x05, 0xfc,
    0x04, 0xfc, 0x05, 0xfc, 0xe5, 0xfb, 0x05, 0xfc, 0x05, 0xfc, 0xe5, 0xfb,
    0x04, 0xfc, 0x63, 0xfb, 0x63, 0xfb, 0x04, 0xfc, 0x05, 0xfc, 0x05, 0xfc,
    0x05, 0xfc, 0x05, 0xfc, 0xe5, 0xfb, 0x05, 0xfc, 0x05, 0xfc, 0xe5, 0xfb,
    0x05, 0xfc, 0x05, 0xfc, 0x05, 0xfc, 0x05, 0xfc, 0x05, 0xfc, 0x05, 0xfc,
    0x05, 0xfc, 0xe5, 0xfb, 0x05, 0xfc, 0x05, 0xfc, 0xe5, 0xfb, 0xe4, 0xfb,
    0xc2, 0xfa, 0x00, 0x68, 0x00, 0x00, 0x00, 0x00, 0x00, 0x00, 0x00, 0x00,
    0x00, 0x00, 0x00, 0x00, 0x00, 0x00, 0x00, 0x00, 0x00, 0x00, 0x00, 0x00,
    0x00, 0x00, 0x00, 0x00, 0x00, 0x00, 0x02, 0x00, 0x44, 0x3a, 0x05, 0xdc,
    0x05, 0xfc, 0xe5, 0xfb, 0x05, 0xfc, 0x05, 0xfc, 0xe5, 0xfb, 0x05, 0xfc,
    0x05, 0xfc, 0xe5, 0xfb, 0x05, 0xfc, 0xe5, 0xfb, 0x05, 0xfc, 0x05, 0xfc,
    0x05, 0xfc, 0x05, 0xfc, 0x05, 0xfc, 0x05, 0xfc, 0x05, 0xfc, 0x05, 0xfc,
    0x05, 0xfc, 0x05, 0xfc, 0x05, 0xfc, 0xe5, 0xfb, 0x05, 0xfc, 0x05, 0xfc,
    0x05, 0xfc, 0x05, 0xfc, 0x05, 0xfc, 0x05, 0xfc, 0x05, 0xfc, 0x04, 0xfc,
    0xe5, 0xfb, 0x05, 0xfc, 0x05, 0xfc, 0x05, 0xfc, 0x05, 0xfc, 0x05, 0xfc,
    0x05, 0xfc, 0x05, 0xfc, 0xe5, 0xfb, 0x05, 0xfc, 0x05, 0xfc, 0x05, 0xfc,
    0x05, 0xfc, 0x05, 0xfc, 0xe5, 0xfb, 0x05, 0xfc, 0x05, 0xfc, 0xe5, 0xfb,
    0x05, 0xfc, 0x05, 0xfc, 0x05, 0xfc, 0x05, 0xfc, 0x05, 0xfc, 0x05, 0xfc,
    0x05, 0xfc, 0x05, 0xfc, 0x05, 0xfc, 0xe5, 0xfb, 0x05, 0xfc, 0x05, 0xfc,
    0x05, 0xfc, 0x04, 0xfc, 0x05, 0xfc, 0xe5, 0xfb, 0x05, 0xfc, 0x05, 0xfc,
    0xe5, 0xfb, 0x05, 0xfc, 0x05, 0xfc, 0x05, 0xfc, 0x05, 0xfc, 0xe5, 0xfb,
    0x05, 0xfc, 0x62, 0xfb, 0xe0, 0x90, 0x00, 0x38, 0x00, 0x38, 0xe0, 0x90,
    0xc2, 0xfa, 0x04, 0xfc, 0x05, 0xfc, 0xe5, 0xfb, 0x05, 0xfc, 0x05, 0xfc,
    0x05, 0xfc, 0x04, 0xfc, 0xe5, 0xfb, 0x05, 0xfc, 0x05, 0xfc, 0xe4, 0xfb,
    0x05, 0xfc, 0x05, 0xfc, 0xe4, 0xfb, 0x05, 0xfc, 0x05, 0xfc, 0x05, 0xfc,
    0x63, 0xfb, 0xe0, 0x90, 0x00, 0x00, 0x00, 0x00, 0x00, 0x00, 0x00, 0x00,
    0x00, 0x00, 0x00, 0x00, 0x00, 0x00, 0x00, 0x00, 0x00, 0x00, 0x00, 0x00,
    0x00, 0x00, 0x00, 0x00, 0x00, 0x00, 0x01, 0x00, 0xa3, 0x01, 0x05, 0xbc,
    0xe5, 0xfb, 0x05, 0xfc, 0x05, 0xfc, 0x04, 0xfc, 0xe5, 0xfb, 0x05, 0xfc,
    0x05, 0xfc, 0x05, 0xfc, 0x05, 0xfc, 0x05, 0xfc, 0x04, 0xfc, 0xe5, 0xfb,
    0x05, 0xfc, 0xe5, 0xfb, 0xe5, 0xfb, 0x05, 0xfc, 0xe5, 0xfb, 0x04, 0xfc,
    0xe5, 0xfb, 0xe5, 0xfb, 0x05, 0xfc, 0x05, 0xfc, 0xe5, 0xfb, 0x05, 0xfc,
    0x05, 0xfc, 0xe4, 0xfb, 0xe5, 0xfb, 0x05, 0xfc, 0x05, 0xfc, 0xe5, 0xfb,
    0x05, 0xfc, 0x05, 0xfc, 0x05, 0xfc, 0xe5, 0xfb, 0xe5, 0xfb, 0x05, 0xfc,
    0xe4, 0xfb, 0x05, 0xfc, 0xe5, 0xfb, 0x05, 0xfc, 0x05, 0xfc, 0x05, 0xfc,
    0xe4, 0xfb, 0x05, 0xfc, 0x05, 0xfc, 0xe5, 0xfb, 0x05, 0xfc, 0x05, 0xfc,
    0xe4, 0xfb, 0x05, 0xfc, 0xe5, 0xfb, 0x05, 0xfc, 0xe5, 0xfb, 0x05, 0xfc,
    0xe4, 0xfb, 0x05, 0xfc, 0xe5, 0xfb, 0x05, 0xfc, 0x05, 0xfc, 0x05, 0xfc,
    0xe5, 0xfb, 0x05, 0xfc, 0xe5, 0xfb, 0x05, 0xfc, 0x05, 0xfc, 0x05, 0xfc,
    0x04, 0xfc, 0x05, 0xfc, 0x05, 0xfc, 0xe5, 0xfb, 0x05, 0xfc, 0x05, 0xfc,
    0x04, 0xfc, 0x05, 0xfc, 0x63, 0xfb, 0x00, 0x38, 0x00, 0x00, 0x00, 0x00,
    0x00, 0x00, 0x00, 0x00, 0x00, 0x00, 0xe0, 0x90, 0xc2, 0xfa, 0x04, 0xfc,
    0x04, 0xfc, 0xe5, 0xfb, 0x05, 0xfc, 0x05, 0xfc, 0x05, 0xfc, 0xe5, 0xfb,
    0x05, 0xfc, 0x05, 0xfc, 0xe5, 0xfb, 0x05, 0xfc, 0x05, 0xfc, 0x05, 0xfc,
    0xe3, 0xfb, 0x41, 0xda, 0x00, 0x38, 0x00, 0x00, 0x00, 0x00, 0x00, 0x00,
    0x00, 0x00, 0x00, 0x00, 0x00, 0x00, 0x00, 0x00, 0x00, 0x00, 0x00, 0x00,
    0x00, 0x00, 0x00, 0x00, 0x00, 0x00, 0x00, 0x00, 0xe3, 0x00, 0x65, 0x93,
    0x05, 0xfc, 0x05, 0xfc, 0xe5, 0xfb, 0x05, 0xfc, 0x05, 0xfc, 0x05, 0xfc,
    0x05, 0xfc, 0xe5, 0xfb, 0x04, 0xfc, 0xe5, 0xfb, 0x05, 0xfc, 0x05, 0xfc,
    0x05, 0xfc, 0x05, 0xfc, 0x04, 0xfc, 0x05, 0xfc, 0x05, 0xfc, 0x04, 0xfc,
    0x05, 0xfc, 0x05, 0xfc, 0x05, 0xfc, 0x05, 0xfc, 0x04, 0xfc, 0xe5, 0xfb,
    0x05, 0xfc, 0x04, 0xfc, 0x05, 0xfc, 0x05, 0xfc, 0x05, 0xfc, 0x04, 0xfc,
    0xe5, 0xfb, 0x05, 0xfc, 0xe4, 0xfb, 0x05, 0xfc, 0x05, 0xfc, 0x05, 0xfc,
    0x05, 0xfc, 0x05, 0xfc, 0x05, 0xfc, 0xe5, 0xfb, 0x05, 0xfc, 0x05, 0xfc,
    0x05, 0xfc, 0x05, 0xfc, 0xe5, 0xfb, 0x05, 0xfc, 0x05, 0xfc, 0x04, 0xfc,
    0x05, 0xfc, 0x05, 0xfc, 0x05, 0xfc, 0x05, 0xfc, 0x05, 0xfc, 0x04, 0xfc,
    0x05, 0xfc, 0xe5, 0xfb, 0x05, 0xfc, 0x05, 0xfc, 0xe4, 0xfb, 0x05, 0xfc,
    0x05, 0xfc, 0xe4, 0xfb, 0x05, 0xfc, 0x05, 0xfc, 0x04, 0xfc, 0xe5, 0xfb,
    0x05, 0xfc, 0xe5, 0xfb, 0x05, 0xfc, 0x05, 0xfc, 0xe5, 0xfb, 0x04, 0xfc,
    0x05, 0xfc, 0xe5, 0xfb, 0x05, 0xfc, 0x05, 0xfc, 0xe1, 0x68, 0x00, 0x00,
    0x00, 0x00, 0x00, 0x00, 0x00, 0x00, 0x00, 0x00, 0x00, 0x00, 0x00, 0x00,
    0x00, 0x00, 0xe0, 0x90, 0xc2, 0xfa, 0x04, 0xfc, 0x05, 0xfc, 0x05, 0xfc,
    0xe5, 0xfb, 0x04, 0xfc, 0x05, 0xfc, 0x05, 0xfc, 0x05, 0xfc, 0xe5, 0xfb,
    0x05, 0xfc, 0xc2, 0xfa, 0x00, 0x68, 0x00, 0x00, 0x00, 0x00, 0x00, 0x00,
    0x00, 0x00, 0x00, 0x00, 0x00, 0x00, 0x00, 0x00, 0x00, 0x00, 0x00, 0x00,
    0x00, 0x00, 0x00, 0x00, 0x00, 0x00, 0x00, 0x00, 0xe3, 0x00, 0xc5, 0x6a,
    0x05, 0xdc, 0x05, 0xfc, 0xe5, 0xfb, 0x05, 0xfc, 0x05, 0xfc, 0xe4, 0xfb,
    0x05, 0xfc, 0x05, 0xfc, 0xe5, 0xfb, 0x05, 0xfc, 0x05, 0xfc, 0x05, 0xfc,
    0xe4, 0xfb, 0xe5, 0xfb, 0x05, 0xfc, 0x05, 0xfc, 0xe5, 0xfb, 0x05, 0xfc,
    0x05, 0xfc, 0xe5, 0xfb, 0x05, 0xfc, 0x05, 0xfc, 0xe5, 0xfb, 0x05, 0xfc,
    0x05, 0xfc, 0x05, 0xfc, 0x05, 0xfc, 0xe5, 0xfb, 0x05, 0xfc, 0x05, 0xfc,
    0x05, 0xfc, 0xe5, 0xfb, 0x05, 0xfc, 0x05, 0xfc, 0x05, 0xfc, 0xe5, 0xfb,
    0x05, 0xfc, 0x04, 0xfc, 0x05, 0xfc, 0x05, 0xfc, 0x05, 0xfc, 0x04, 0xfc,
    0x05, 0xfc, 0x05, 0xfc, 0x05, 0xfc, 0x05, 0xfc, 0x05, 0xfc, 0xe5, 0xfb,
    0x05, 0xfc, 0xe5, 0xfb, 0x05, 0xfc, 0xe5, 0xfb, 0x05, 0xfc, 0x05, 0xfc,
    0xe5, 0xfb, 0x05, 0xfc, 0x05, 0xfc, 0x05, 0xfc, 0x05, 0xfc, 0x05, 0xfc,
    0x05, 0xfc, 0x05, 0xfc, 0xe5, 0xfb, 0x05, 0xfc, 0x05, 0xfc, 0x05, 0xfc,
    0x05, 0xfc, 0x05, 0xfc, 0x05, 0xfc, 0xe5, 0xfb, 0x05, 0xfc, 0x05, 0xfc,
    0x05, 0xfc, 0x05, 0xfc, 0x05, 0xfc, 0xe5, 0xfb, 0x05, 0xfc, 0x05, 0xfc,
    0x00, 0x00, 0x00, 0x00, 0x00, 0x00, 0x00, 0x00, 0x00, 0x00, 0x00, 0x00,
    0x00, 0x00, 0x00, 0x00, 0x00, 0x00, 0x00, 0x00, 0x00, 0x00, 0xe0, 0x90,
    0xc2, 0xfa, 0x05, 0xfc, 0x05, 0xfc, 0x05, 0xfc, 0xe5, 0xfb, 0x05, 0xfc,
    0x04, 0xfc, 0x03, 0xfc, 0xa0, 0xb9, 0x00, 0x00, 0x00, 0x00, 0x00, 0x00,
    0x00, 0x00, 0x00, 0x00, 0x00, 0x00, 0x00, 0x00, 0x00, 0x00, 0x00, 0x00,
    0x00, 0x00, 0x00, 0x00, 0x00, 0x00, 0x00, 0x00, 0x02, 0x00, 0x44, 0x3a,
    0x05, 0xdc, 0x05, 0xfc, 0x05, 0xfc, 0x04, 0xfc, 0x05, 0xfc, 0x05, 0xfc,
    0x05, 0xfc, 0x05, 0xfc, 0xe5, 0xfb, 0x05, 0xfc, 0x04, 0xfc, 0x05, 0xfc,
    0x05, 0xfc, 0x05, 0xfc, 0x05, 0xfc, 0x05, 0xfc, 0x05, 0xfc, 0xe5, 0xfb,
    0x05, 0xfc, 0x05, 0xfc, 0x05, 0xfc, 0xe5, 0xfb, 0x05, 0xfc, 0x04, 0xfc,
    0xe5, 0xfb, 0x05, 0xfc, 0x05, 0xfc, 0xe5, 0xfb, 0x05, 0xfc, 0x05, 0xfc,
    0xe5, 0xfb, 0x05, 0xfc, 0x05, 0xfc, 0x05, 0xfc, 0x05, 0xfc, 0x05, 0xfc,
    0x05, 0xfc, 0x05, 0xfc, 0xe5, 0xfb, 0x05, 0xfc, 0xe5, 0xfb, 0xe5, 0xfb,
    0x05, 0xfc, 0x05, 0xfc, 0xe5, 0xfb, 0x05, 0xfc, 0xe5, 0xfb, 0x05, 0xfc,
    0x04, 0xfc, 0x05, 0xfc, 0x05, 0xfc, 0x05, 0xfc, 0xe5, 0xfb, 0x04, 0xfc,
    0x05, 0xfc, 0xe5, 0xfb, 0x04, 0xfc, 0x05, 0xfc, 0xe5, 0xfb, 0x04, 0xfc,
    0x05, 0xfc, 0xe5, 0xfb, 0x05, 0xfc, 0x05, 0xfc, 0x05, 0xfc, 0x05, 0xfc,
    0xe4, 0xfb, 0x05, 0xfc, 0xe5, 0xfb, 0x05, 0xfc, 0x04, 0xfc, 0x05, 0xfc,
    0xe5, 0xfb, 0x04, 0xfc, 0x05, 0xfc, 0xe5, 0xfb, 0x05, 0xfc, 0x05, 0xfc,
    0xe5, 0xfb, 0x05, 0xfc, 0x00, 0x00, 0x00, 0x00, 0x00, 0x00, 0x00, 0x00,
    0x00, 0x00, 0x00, 0x00, 0x00, 0x00, 0x00, 0x00, 0x00, 0x00, 0x00, 0x00,
    0x00, 0x00, 0x00, 0x00, 0x00, 0x00, 0xa0, 0xb9, 0x63, 0xfb, 0x05, 0xfc,
    0x05, 0xfc, 0xe5, 0xfb, 0xc2, 0xfa, 0x00, 0x68, 0x00, 0x00, 0x00, 0x00,
    0x00, 0x00, 0x00, 0x00, 0x00, 0x00, 0x00, 0x00, 0x00, 0x00, 0x00, 0x00,
    0x00, 0x00, 0x00, 0x00, 0x00, 0x00, 0x00, 0x00, 0x01, 0x00, 0xa3, 0x01,
    0x05, 0xbc, 0xe5, 0xfb, 0x05, 0xfc, 0x05, 0xfc, 0xe5, 0xfb, 0x05, 0xfc,
    0xe5, 0xfb, 0x05, 0xfc, 0x04, 0xfc, 0x05, 0xfc, 0x05, 0xfc, 0xe5, 0xfb,
    0x05, 0xfc, 0xe5, 0xfb, 0x05, 0xfc, 0xe5, 0xfb, 0x05, 0xfc, 0x04, 0xfc,
    0x05, 0xfc, 0x05, 0xfc, 0xe4, 0xfb, 0x05, 0xfc, 0x05, 0xfc, 0x04, 0xfc,
    0x05, 0xfc, 0x05, 0xfc, 0x05, 0xfc, 0x05, 0xfc, 0xe4, 0xfb, 0x05, 0xfc,
    0x05, 0xfc, 0x04, 0xfc, 0xe5, 0xfb, 0x05, 0xfc, 0x04, 0xfc, 0xe5, 0xfb,
    0xe5, 0xfb, 0x04, 0xfc, 0x05, 0xfc, 0x05, 0xfc, 0x04, 0xfc, 0x05, 0xfc,
    0x05, 0xfc, 0x04, 0xfc, 0xe5, 0xfb, 0x05, 0xfc, 0x05, 0xfc, 0xe5, 0xfb,
    0x05, 0xfc, 0xe5, 0xfb, 0x05, 0xfc, 0x05, 0xfc, 0xe5, 0xfb, 0x04, 0xfc,
    0x05, 0xfc, 0x05, 0xfc, 0x05, 0xfc, 0x05, 0xfc, 0x05, 0xfc, 0x05, 0xfc,
    0xe5, 0xfb, 0x05, 0xfc, 0x05, 0xfc, 0xe5, 0xfb, 0x04, 0xfc, 0x05, 0xfc,
    0xe5, 0xfb, 0x05, 0xfc, 0x05, 0xfc, 0x05, 0xfc, 0xe5, 0xfb, 0x05, 0xfc,
    0x05, 0xfc, 0x05, 0xfc, 0x05, 0xfc, 0xe5, 0xfb, 0x05, 0xfc, 0x05, 0xfc,
    0x04, 0xfc, 0x05, 0xfc, 0x05, 0xfc, 0xe5, 0xfb, 0xa3, 0x39, 0x00, 0x00,
    0x00, 0x00, 0x00, 0x00, 0x00, 0x00, 0x00, 0x00, 0x00, 0x00, 0x00, 0x00,
    0x00, 0x00, 0x00, 0x00, 0x00, 0x00, 0x00, 0x00, 0x00, 0x00, 0x00, 0x00,
    0x00, 0x38, 0xa0, 0xb9, 0x62, 0xfb, 0xa0, 0xb9, 0x00, 0x00, 0x00, 0x00,
    0x00, 0x00, 0x00, 0x00, 0x00, 0x00, 0x00, 0x00, 0x00, 0x00, 0x00, 0x00,
    0x00, 0x00, 0x00, 0x00, 0x00, 0x00, 0x00, 0x00, 0x00, 0x00, 0xa3, 0x01,
    0x65, 0x93, 0x05, 0xfc, 0x05, 0xfc, 0xe5, 0xfb, 0x05, 0xfc, 0x04, 0xfc,
    0xe5, 0xfb, 0x05, 0xfc, 0x05, 0xfc, 0xe5, 0xfb, 0xe5, 0xfb, 0x05, 0xfc,
    0x05, 0xfc, 0x05, 0xfc, 0x05, 0xfc, 0x04, 0xfc, 0x05, 0xfc, 0xe5, 0xfb,
    0x05, 0xfc, 0xe5, 0xfb, 0x05, 0xfc, 0x05, 0xfc, 0x05, 0xfc, 0xe5, 0xfb,
    0x05, 0xfc, 0x05, 0xfc, 0xe5, 0xfb, 0x05, 0xfc, 0x05, 0xfc, 0xe5, 0xfb,
    0x05, 0xfc, 0x05, 0xfc, 0x05, 0xfc, 0xe5, 0xfb, 0x05, 0xfc, 0x05, 0xfc,
    0x05, 0xfc, 0x05, 0xfc, 0x05, 0xfc, 0xe5, 0xfb, 0x05, 0xfc, 0xe5, 0xfb,
    0x05, 0xfc, 0x05, 0xfc, 0x05, 0xfc, 0x05, 0xfc, 0x05, 0xfc, 0x05, 0xfc,
    0x04, 0xfc, 0x05, 0xfc, 0x05, 0xfc, 0x05, 0xfc, 0x05, 0xfc, 0xe5, 0xfb,
    0x05, 0xfc, 0x05, 0xfc, 0x05, 0xfc, 0xe5, 0xfb, 0x05, 0xfc, 0xe5, 0xfb,
    0x05, 0xfc, 0x05, 0xfc, 0x05, 0xfc, 0x05, 0xfc, 0x05, 0xfc, 0x05, 0xfc,
    0xe5, 0xfb, 0x05, 0xfc, 0x04, 0xfc, 0xe5, 0xfb, 0x05, 0xfc, 0x05, 0xfc,
    0x04, 0xfc, 0xe5, 0xfb, 0x05, 0xfc, 0x05, 0xfc, 0xe5, 0xfb, 0x05, 0xfc,
    0x05, 0xfc, 0xe5, 0xfb, 0x05, 0xfc, 0x05, 0xfc, 0xe4, 0xfb, 0x05, 0xfc,
    0x65, 0xbb, 0x01, 0x00, 0x00, 0x00, 0x00, 0x00, 0x00, 0x00, 0x00, 0x00,
    0x00, 0x00, 0x00, 0x00, 0x00, 0x00, 0x00, 0x00, 0x00, 0x00, 0x00, 0x00,
    0x00, 0x00, 0x00, 0x00, 0x00, 0x00, 0x00, 0x00, 0x00, 0x38, 0x00, 0x00,
    0x00, 0x00, 0x00, 0x00, 0x00, 0x00, 0x00, 0x00, 0x00, 0x00, 0x00, 0x00,
    0x00, 0x00, 0x00, 0x00, 0x00, 0x00, 0x00, 0x00, 0x00, 0x00, 0x02, 0x00,
    0xc5, 0x6a, 0x05, 0xfc, 0x05, 0xfc, 0xe5, 0xfb, 0x05, 0xfc, 0x05, 0xfc,
    0x05, 0xfc, 0x05, 0xfc, 0x05, 0xfc, 0x05, 0xfc, 0x04, 0xfc, 0x05, 0xfc,
    0x05, 0xfc, 0xe5, 0xfb, 0x04, 0xfc, 0x05, 0xfc, 0xe5, 0xfb, 0x05, 0xfc,
    0x05, 0xfc, 0x05, 0xfc, 0x04, 0xfc, 0x05, 0xfc, 0xe5, 0xfb, 0x05, 0xfc,
    0x05, 0xfc, 0x05, 0xfc, 0xe5, 0xfb, 0x05, 0xfc, 0x05, 0xfc, 0xe4, 0xfb,
    0x05, 0xfc, 0x05, 0xfc, 0x05, 0xfc, 0x04, 0xfc, 0xe5, 0xfb, 0x05, 0xfc,
    0x05, 0xfc, 0xe4, 0xfb, 0x05, 0xfc, 0x05, 0xfc, 0x05, 0xfc, 0x05, 0xfc,
    0xe4, 0xfb, 0x05, 0xfc, 0xe5, 0xfb, 0xe5, 0xfb, 0x05, 0xfc, 0xe5, 0xfb,
    0x05, 0xfc, 0xe5, 0xfb, 0x05, 0xfc, 0x05, 0xfc, 0x05, 0xfc, 0x05, 0xfc,
    0xe4, 0xfb, 0x05, 0xfc, 0x05, 0xfc, 0x05, 0xfc, 0xe5, 0xfb, 0x04, 0xfc,
    0x05, 0xfc, 0x05, 0xfc, 0xe4, 0xfb, 0x05, 0xfc, 0xe5, 0xfb, 0x04, 0xfc,
    0x05, 0xfc, 0xe5, 0xfb, 0x05, 0xfc, 0x05, 0xfc, 0x05, 0xfc, 0x05, 0xfc,
    0xe5, 0xfb, 0x05, 0xfc, 0x05, 0xfc, 0x05, 0xfc, 0xe5, 0xfb, 0x04, 0xfc,
    0x05, 0xfc, 0x05, 0xfc, 0x04, 0xfc, 0xe5, 0xfb, 0x05, 0xfc, 0x05, 0xfc,
    0x05, 0xfc, 0x05, 0xfc, 0x05, 0xfc, 0x65, 0x93, 0x02, 0x00, 0x00, 0x00,
    0x00, 0x00, 0x00, 0x00, 0x00, 0x00, 0x00, 0x00, 0x00, 0x00, 0x00, 0x00,
    0x00, 0x00, 0x00, 0x00, 0x00, 0x00, 0x00, 0x00, 0x00, 0x00, 0x00, 0x00,
    0x00, 0x00, 0x00, 0x00, 0x00, 0x00, 0x00, 0x00, 0x00, 0x00, 0x00, 0x00,
    0x00, 0x00, 0x00, 0x00, 0x00, 0x00, 0x00, 0x00, 0x00, 0x00, 0x01, 0x00,
    0x44, 0x3a, 0x05, 0xbc, 0x05, 0xfc, 0x05, 0xfc, 0x05, 0xfc, 0x05, 0xfc,
    0xe5, 0xfb, 0x05, 0xfc, 0x05, 0xfc, 0xe5, 0xfb, 0x05, 0xfc, 0xe5, 0xfb,
    0x05, 0xfc, 0x05, 0xfc, 0x05, 0xfc, 0x05, 0xfc, 0xe5, 0xfb, 0x05, 0xfc,
    0x05, 0xfc, 0xe5, 0xfb, 0x05, 0xfc, 0x05, 0xfc, 0xe5, 0xfb, 0x05, 0xfc,
    0x05, 0xfc, 0xe4, 0xfb, 0x05, 0xfc, 0x05, 0xfc, 0x04, 0xfc, 0x05, 0xfc,
    0x05, 0xfc, 0xe5, 0xfb, 0x05, 0xfc, 0x05, 0xfc, 0xe5, 0xfb, 0x05, 0xfc,
    0x05, 0xfc, 0x05, 0xfc, 0x05, 0xfc, 0xe5, 0xfb, 0x05, 0xfc, 0xe5, 0xfb,
    0x04, 0xfc, 0x05, 0xfc, 0x05, 0xfc, 0x05, 0xfc, 0x05, 0xfc, 0x04, 0xfc,
    0x05, 0xfc, 0x05, 0xfc, 0xe4, 0xfb, 0x05, 0xfc, 0x05, 0xfc, 0xe5, 0xfb,
    0x05, 0xfc, 0xe5, 0xfb, 0x05, 0xfc, 0x05, 0xfc, 0x05, 0xfc, 0xe5, 0xfb,
    0x05, 0xfc, 0x05, 0xfc, 0x05, 0xfc, 0x05, 0xfc, 0x05, 0xfc, 0xe5, 0xfb,
    0x05, 0xfc, 0x05, 0xfc, 0xe5, 0xfb, 0x04, 0xfc, 0x05, 0xfc, 0xe5, 0xfb,
    0x05, 0xfc, 0x05, 0xfc, 0x04, 0xfc, 0xe5, 0xfb, 0x05, 0xfc, 0x05, 0xfc,
    0x05, 0xfc, 0xe5, 0xfb, 0x05, 0xfc, 0x05, 0xfc, 0xe5, 0xfb, 0x05, 0xfc,
    0x05, 0xfc, 0xe4, 0xfb, 0x05, 0xfc, 0x05, 0xfc, 0xe5, 0xfb, 0x05, 0xfc,
    0x05, 0xbc, 0x44, 0x3a, 0x02, 0x00, 0x00, 0x00, 0x00, 0x00, 0x00, 0x00,
    0x00, 0x00, 0x00, 0x00, 0x00, 0x00, 0x00, 0x00, 0x00, 0x00, 0x00, 0x00,
    0x00, 0x00, 0x00, 0x00, 0x00, 0x00, 0x00, 0x00, 0x00, 0x00, 0x00, 0x00,
    0x00, 0x00, 0x00, 0x00, 0x00, 0x00, 0x00, 0x00, 0x00, 0x00, 0x00, 0x00,
    0xe3, 0x00, 0x65, 0x93, 0x05, 0xfc, 0x05, 0xfc, 0xe5, 0xfb, 0x05, 0xfc,
    0x05, 0xfc, 0x05, 0xfc, 0x04, 0xfc, 0xe5, 0xfb, 0x05, 0xfc, 0x04, 0xfc,
    0xe5, 0xfb, 0x05, 0xfc, 0x05, 0xfc, 0xe5, 0xfb, 0x04, 0xfc, 0x05, 0xfc,
    0x05, 0xfc, 0x05, 0xfc, 0x04, 0xfc, 0xe5, 0xfb, 0x05, 0xfc, 0x04, 0xfc,
    0xe5, 0xfb, 0x05, 0xfc, 0x05, 0xfc, 0x05, 0xfc, 0xe5, 0xfb, 0x05, 0xfc,
    0xe5, 0xfb, 0x05, 0xfc, 0x05, 0xfc, 0x05, 0xfc, 0x05, 0xfc, 0xe4, 0xfb,
    0x05, 0xfc, 0x05, 0xfc, 0xe5, 0xfb, 0x04, 0xfc, 0x05, 0xfc, 0x05, 0xfc,
    0x05, 0xfc, 0x05, 0xfc, 0xe5, 0xfb, 0x05, 0xfc, 0x05, 0xfc, 0xe5, 0xfb,
    0x05, 0xfc, 0x05, 0xfc, 0x05, 0xfc, 0x05, 0xfc, 0x05, 0xfc, 0x05, 0xfc,
    0x05, 0xfc, 0x05, 0xfc, 0x05, 0xfc, 0x05, 0xfc, 0x05, 0xfc, 0x05, 0xfc,
    0xe4, 0xfb, 0x05, 0xfc, 0x05, 0xfc, 0xe5, 0xfb, 0xe5, 0xfb, 0x05, 0xfc,
    0x05, 0xfc, 0x05, 0xfc, 0x05, 0xfc, 0x05, 0xfc, 0x05, 0xfc, 0x05, 0xfc,
    0x05, 0xfc, 0xe5, 0xfb, 0x04, 0xfc, 0x05, 0xfc, 0x05, 0xfc, 0x05, 0xfc,
    0xe5, 0xfb, 0x04, 0xfc, 0x05, 0xfc, 0x05, 0xfc, 0xe5, 0xfb, 0x04, 0xfc,
    0x05, 0xfc, 0x05, 0xfc, 0x05, 0xfc, 0xe5, 0xfb, 0x05, 0xfc, 0x05, 0xfc,
    0x04, 0xfc, 0x05, 0xfc, 0xe5, 0xfb, 0x05, 0xfc, 0x05, 0xbc, 0x44, 0x3a,
    0x01, 0x00, 0x00, 0x00, 0x00, 0x00, 0x00, 0x00, 0x00, 0x00, 0x00, 0x00,
    0x00, 0x00, 0x00, 0x00, 0x00, 0x00, 0x00, 0x00, 0x00, 0x00, 0x00, 0x00,
    0x00, 0x00, 0x00, 0x00, 0x00, 0x00, 0x00, 0x00, 0x00, 0x00, 0x00, 0x00,
    0x00, 0x00, 0x43, 0x3a, 0x05, 0xdc, 0x05, 0xfc, 0x05, 0xfc, 0xe5, 0xfb,
    0x05, 0xfc, 0x04, 0xfc, 0xe5, 0xfb, 0x05, 0xfc, 0x05, 0xfc, 0x05, 0xfc,
    0x05, 0xfc, 0x05, 0xfc, 0x05, 0xfc, 0x04, 0xfc, 0x05, 0xfc, 0xe5, 0xfb,
    0x05, 0xfc, 0x05, 0xfc, 0xe5, 0xfb, 0x05, 0xfc, 0x05, 0xfc, 0x05, 0xfc,
    0x05, 0xfc, 0x05, 0xfc, 0x05, 0xfc, 0x05, 0xfc, 0x05, 0xfc, 0x05, 0xfc,
    0x04, 0xfc, 0x05, 0xfc, 0xe5, 0xfb, 0x05, 0xfc, 0x04, 0xfc, 0xe5, 0xfb,
    0x05, 0xfc, 0x05, 0xfc, 0x05, 0xfc, 0x05, 0xfc, 0xe5, 0xfb, 0x05, 0xfc,
    0x05, 0xfc, 0xe5, 0xfb, 0x04, 0xfc, 0x05, 0xfc, 0x05, 0xfc, 0xe5, 0xfb,
    0x05, 0xfc, 0x04, 0xfc, 0xe5, 0xfb, 0x05, 0xfc, 0xe5, 0xfb, 0xe5, 0xfb,
    0x05, 0xfc, 0xe5, 0xfb, 0x04, 0xfc, 0x05, 0xfc, 0x05, 0xfc, 0xe5, 0xfb,
    0x05, 0xfc, 0x05, 0xfc, 0xe5, 0xfb, 0x05, 0xfc, 0x04, 0xfc, 0x05, 0xfc,
    0x05, 0xfc, 0xe4, 0xfb, 0x05, 0xfc, 0x05, 0xfc, 0xe4, 0xfb, 0x05, 0xfc,
    0xe5, 0xfb, 0x05, 0xfc, 0x05, 0xfc, 0x05, 0xfc, 0xe5, 0xfb, 0x05, 0xfc,
    0x05, 0xfc, 0xe5, 0xfb, 0x05, 0xfc, 0x05, 0xfc, 0x05, 0xfc, 0x05, 0xfc,
    0x05, 0xfc, 0xe5, 0xfb, 0x05, 0xfc, 0x05, 0xfc, 0x05, 0xfc, 0x05, 0xfc,
    0xe5, 0xfb, 0x05, 0xfc, 0x05, 0xfc, 0xe5, 0xfb, 0x05, 0xfc, 0x05, 0xfc,
    0xe5, 0xfb, 0x05, 0xfc, 0x65, 0x93, 0xa3, 0x01, 0x01, 0x00, 0x00, 0x00,
    0x00, 0x00, 0x00, 0x00, 0x00, 0x00, 0x00, 0x00, 0x00, 0x00, 0x00, 0x00,
    0x00, 0x00, 0x00, 0x00, 0x00, 0x00, 0x00, 0x00, 0x00, 0x00, 0x00, 0x00,
    0x00, 0x00, 0x00, 0x00, 0x00, 0x00, 0xe0, 0x90, 0xc2, 0xfa, 0x03, 0xfc,
    0x05, 0xfc, 0x05, 0xfc, 0x05, 0xfc, 0xe5, 0xfb, 0x05, 0xfc, 0xe5, 0xfb,
    0x05, 0xfc, 0xe5, 0xfb, 0x04, 0xfc, 0xe5, 0xfb, 0x05, 0xfc, 0x05, 0xfc,
    0xe5, 0xfb, 0x05, 0xfc, 0x05, 0xfc, 0xe5, 0xfb, 0x04, 0xfc, 0x05, 0xfc,
    0xe5, 0xfb, 0x05, 0xfc, 0xe5, 0xfb, 0x05, 0xfc, 0x05, 0xfc, 0xe4, 0xfb,
    0xe5, 0xfb, 0x05, 0xfc, 0x05, 0xfc, 0x05, 0xfc, 0x05, 0xfc, 0x05, 0xfc,
    0xe5, 0xfb, 0x05, 0xfc, 0x05, 0xfc, 0xe5, 0xfb, 0x05, 0xfc, 0x04, 0xfc,
    0x05, 0xfc, 0x05, 0xfc, 0xe5, 0xfb, 0x05, 0xfc, 0x05, 0xfc, 0xe5, 0xfb,
    0x05, 0xfc, 0x05, 0xfc, 0x05, 0xfc, 0x05, 0xfc, 0x05, 0xfc, 0x05, 0xfc,
    0x04, 0xfc, 0x05, 0xfc, 0x05, 0xfc, 0x05, 0xfc, 0xe5, 0xfb, 0x05, 0xfc,
    0x05, 0xfc, 0xe5, 0xfb, 0x04, 0xfc, 0x05, 0xfc, 0x05, 0xfc, 0x05, 0xfc,
    0x05, 0xfc, 0x05, 0xfc, 0x05, 0xfc, 0x05, 0xfc, 0xe5, 0xfb, 0x05, 0xfc,
    0x05, 0xfc, 0xe5, 0xfb, 0x04, 0xfc, 0x05, 0xfc, 0xe5, 0xfb, 0x05, 0xfc,
    0x05, 0xfc, 0xe5, 0xfb, 0x04, 0xfc, 0x05, 0xfc, 0x05, 0xfc, 0xe5, 0xfb,
    0xe4, 0xfb, 0x05, 0xfc, 0x05, 0xfc, 0x05, 0xfc, 0xe5, 0xfb, 0x04, 0xfc,
    0x05, 0xfc, 0xe5, 0xfb, 0x04, 0xfc, 0x05, 0xfc, 0xe5, 0xfb, 0x05, 0xfc,
    0x04, 0xfc, 0x05, 0xfc, 0x05, 0xfc, 0xe5, 0xfb, 0x05, 0xfc, 0x05, 0xfc,
    0x65, 0x93, 0xa3, 0x01, 0x01, 0x00, 0x00, 0x00, 0x00, 0x00, 0x00, 0x00,
    0x00, 0x00, 0x00, 0x00, 0x00, 0x00, 0x00, 0x00, 0x00, 0x00, 0x00, 0x00,
    0x00, 0x00, 0x00, 0x00, 0x00, 0x00, 0x00, 0x00, 0x00, 0x00, 0x00, 0x00,
    0x00, 0x00, 0x00, 0x68, 0x21, 0xda, 0x03, 0xfc, 0x05, 0xfc, 0x05, 0xfc,
    0x05, 0xfc, 0x04, 0xfc, 0x05, 0xfc, 0x05, 0xfc, 0xe5, 0xfb, 0x05, 0xfc,
    0x05, 0xfc, 0xe5, 0xfb, 0x05, 0xfc, 0x04, 0xfc, 0x05, 0xfc, 0x05, 0xfc,
    0x05, 0xfc, 0xe5, 0xfb, 0x05, 0xfc, 0x04, 0xfc, 0xe5, 0xfb, 0x05, 0xfc,
    0x05, 0xfc, 0x05, 0xfc, 0x05, 0xfc, 0xe5, 0xfb, 0x05, 0xfc, 0xe5, 0xfb,
    0x04, 0xfc, 0x05, 0xfc, 0x05, 0xfc, 0x05, 0xfc, 0x04, 0xfc, 0xe5, 0xfb,
    0x05, 0xfc, 0x05, 0xfc, 0xe5, 0xfb, 0x05, 0xfc, 0x04, 0xfc, 0x05, 0xfc,
    0x05, 0xfc, 0xe5, 0xfb, 0x04, 0xfc, 0x05, 0xfc, 0xe5, 0xfb, 0x05, 0xfc,
    0x05, 0xfc, 0xe5, 0xfb, 0x05, 0xfc, 0x05, 0xfc, 0x04, 0xfc, 0x05, 0xfc,
    0x05, 0xfc, 0xe5, 0xfb, 0x05, 0xfc, 0x05, 0xfc, 0x05, 0xfc, 0xe5, 0xfb,
    0x05, 0xfc, 0xe5, 0xfb, 0xe5, 0xfb, 0x05, 0xfc, 0x05, 0xfc, 0x05, 0xfc,
    0x04, 0xfc, 0x05, 0xfc, 0x05, 0xfc, 0x05, 0xfc, 0x05, 0xfc, 0x05, 0xfc,
    0x04, 0xfc, 0x05, 0xfc, 0x05, 0xfc, 0x05, 0xfc, 0xe5, 0xfb, 0x05, 0xfc,
    0x05, 0xfc, 0x05, 0xfc, 0x05, 0xfc, 0xe5, 0xfb, 0x04, 0xfc, 0x05, 0xfc,
    0x05, 0xfc, 0xe5, 0xfb, 0x05, 0xfc, 0x05, 0xfc, 0x05, 0xfc, 0x05, 0xfc,
    0x05, 0xfc, 0x05, 0xfc, 0xe5, 0xfb, 0x05, 0xfc, 0x04, 0xfc, 0x05, 0xfc,
    0x05, 0xfc, 0xe5, 0xfb, 0x05, 0xfc, 0x05, 0xfc, 0x65, 0x93, 0xa3, 0x01,
    0x00, 0x00, 0x00, 0x00, 0x00, 0x00, 0x00, 0x00, 0x00, 0x00, 0x00, 0x00,
    0x00, 0x00, 0x00, 0x00, 0x00, 0x00, 0x00, 0x00, 0x00, 0x00, 0x00, 0x00,
    0x00, 0x00, 0x00, 0x00, 0x00, 0x00, 0x00, 0x00, 0x00, 0x00, 0x00, 0x68,
    0x21, 0xda, 0x03, 0xfc, 0x05, 0xfc, 0xe5, 0xfb, 0x05, 0xfc, 0x05, 0xfc,
    0x05, 0xfc, 0x05, 0xfc, 0x04, 0xfc, 0x05, 0xfc, 0x05, 0xfc, 0xe5, 0xfb,
    0x05, 0xfc, 0x05, 0xfc, 0xe5, 0xfb, 0x05, 0xfc, 0x05, 0xfc, 0x05, 0xfc,
    0x05, 0xfc, 0xe4, 0xfb, 0x05, 0xfc, 0x05, 0xfc, 0x05, 0xfc, 0x04, 0xfc,
    0xe5, 0xfb, 0x05, 0xfc, 0x05, 0xfc, 0xe5, 0xfb, 0x05, 0xfc, 0x05, 0xfc,
    0xe5, 0xfb, 0x05, 0xfc, 0x05, 0xfc, 0x05, 0xfc, 0xe5, 0xfb, 0x05, 0xfc,
    0x05, 0xfc, 0xe5, 0xfb, 0x05, 0xfc, 0x05, 0xfc, 0x05, 0xfc, 0x05, 0xfc,
    0xe4, 0xfb, 0x05, 0xfc, 0x05, 0xfc, 0xe4, 0xfb, 0x05, 0xfc, 0xe5, 0xfb,
    0xe5, 0xfb, 0x05, 0xfc, 0x05, 0xfc, 0x05, 0xfc, 0x05, 0xfc, 0x05, 0xfc,
    0xe5, 0xfb, 0x05, 0xfc, 0x04, 0xfc, 0x05, 0xfc, 0x05, 0xfc, 0xe4, 0xfb,
    0x05, 0xfc, 0xe5, 0xfb, 0x05, 0xfc, 0xe5, 0xfb, 0x05, 0xfc, 0xe5, 0xfb,
    0x05, 0xfc, 0xe5, 0xfb, 0x05, 0xfc, 0xe5, 0xfb, 0x05, 0xfc, 0x04, 0xfc,
    0x05, 0xfc, 0xe5, 0xfb, 0x05, 0xfc, 0x04, 0xfc, 0x05, 0xfc, 0x05, 0xfc,
    0xe5, 0xfb, 0x05, 0xfc, 0x05, 0xfc, 0x05, 0xfc, 0xe5, 0xfb, 0x05, 0xfc,
    0x05, 0xfc, 0xe4, 0xfb, 0x05, 0xfc, 0x05, 0xfc, 0xe5, 0xfb, 0x05, 0xfc,
    0x05, 0xfc, 0xe5, 0xfb, 0x05, 0xfc, 0x05, 0xfc, 0x05, 0xfc, 0xe5, 0xfb,
    0x05, 0xfc, 0x05, 0xfc, 0xc5, 0x6a, 0xe3, 0x00, 0x00, 0x00, 0x00, 0x00,
    0x00, 0x00, 0x00, 0x00, 0x00, 0x00, 0x00, 0x00, 0x00, 0x00, 0x00, 0x00,
    0x00, 0x00, 0x00, 0x00, 0x00, 0x00, 0x00, 0x00, 0x00, 0x00, 0x00, 0x00,
    0x00, 0x00, 0x00, 0x00, 0x00, 0x00, 0x00, 0x68, 0xa0, 0xb9, 0x63, 0xfb,
    0xe5, 0xfb, 0x05, 0xfc, 0x05, 0xfc, 0xe5, 0xfb, 0x05, 0xfc, 0x05, 0xfc,
    0xe5, 0xfb, 0x05, 0xfc, 0x05, 0xfc, 0xe4, 0xfb, 0x05, 0xfc, 0x05, 0xfc,
    0x04, 0xfc, 0xe5, 0xfb, 0x05, 0xfc, 0x05, 0xfc, 0xe5, 0xfb, 0x05, 0xfc,
    0x05, 0xfc, 0x05, 0xfc, 0x05, 0xfc, 0x05, 0xfc, 0x05, 0xfc, 0xe5, 0xfb,
    0x04, 0xfc, 0x05, 0xfc, 0xe5, 0xfb, 0x05, 0xfc, 0x04, 0xfc, 0x05, 0xfc,
    0x05, 0xfc, 0x04, 0xfc, 0xe5, 0xfb, 0x05, 0xfc, 0x04, 0xfc, 0xe5, 0xfb,
    0x05, 0xfc, 0x05, 0xfc, 0x05, 0xfc, 0x05, 0xfc, 0x05, 0xfc, 0x05, 0xfc,
    0x05, 0xfc, 0x05, 0xfc, 0x05, 0xfc, 0xe5, 0xfb, 0x05, 0xfc, 0x05, 0xfc,
    0x05, 0xfc, 0xe5, 0xfb, 0x05, 0xfc, 0x05, 0xfc, 0x05, 0xfc, 0x05, 0xfc,
    0x05, 0xfc, 0x05, 0xfc, 0xe5, 0xfb, 0x05, 0xfc, 0x05, 0xfc, 0x05, 0xfc,
    0xe4, 0xfb, 0x05, 0xfc, 0x05, 0xfc, 0x05, 0xfc, 0xe5, 0xfb, 0x05, 0xfc,
    0x05, 0xfc, 0xe5, 0xfb, 0x05, 0xfc, 0x05, 0xfc, 0xe5, 0xfb, 0x05, 0xfc,
    0x05, 0xfc, 0x05, 0xfc, 0x05, 0xfc, 0xe5, 0xfb, 0x04, 0xfc, 0x05, 0xfc,
    0x05, 0xfc, 0xe4, 0xfb, 0x05, 0xfc, 0x05, 0xfc, 0xe5, 0xfb, 0x05, 0xfc,
    0x04, 0xfc, 0x05, 0xfc, 0xe5, 0xfb, 0x05, 0xfc, 0x04, 0xfc, 0x05, 0xfc,
    0xe5, 0xfb, 0x05, 0xfc, 0x05, 0xfc, 0x05, 0xfc, 0x05, 0xfc, 0x05, 0xdc,
    0xc5, 0x6a, 0xa3, 0x01, 0x01, 0x00, 0x00, 0x00, 0x00, 0x00, 0x00, 0x00,
    0x00, 0x00, 0x00, 0x00, 0x00, 0x00, 0x00, 0x00, 0x00, 0x00, 0x00, 0x00,
    0x00, 0x00, 0x00, 0x00, 0x00, 0x00, 0x00, 0x00, 0x00, 0x00, 0x00, 0x00,
    0x00, 0x00, 0x00, 0x38, 0xa0, 0xb9, 0xc2, 0xfa, 0x04, 0xfc, 0x05, 0xfc,
    0xe5, 0xfb, 0x05, 0xfc, 0x04, 0xfc, 0x05, 0xfc, 0x05, 0xfc, 0x05, 0xfc,
    0x05, 0xfc, 0x05, 0xfc, 0xe5, 0xfb, 0x05, 0xfc, 0x05, 0xfc, 0x05, 0xfc,
    0x05, 0xfc, 0xe4, 0xfb, 0xe5, 0xfb, 0x05, 0xfc, 0xe5, 0xfb, 0x04, 0xfc,
    0x05, 0xfc, 0x05, 0xfc, 0x05, 0xfc, 0x05, 0xfc, 0x05, 0xfc, 0xe5, 0xfb,
    0x05, 0xfc, 0xe5, 0xfb, 0x05, 0xfc, 0x05, 0xfc, 0x05, 0xfc, 0x05, 0xfc,
    0x05, 0xfc, 0xe5, 0xfb, 0x05, 0xfc, 0x05, 0xfc, 0xe5, 0xfb, 0xe5, 0xfb,
    0x05, 0xfc, 0x05, 0xfc, 0xe5, 0xfb, 0x04, 0xfc, 0x05, 0xfc, 0x05, 0xfc,
    0xe4, 0xfb, 0x05, 0xfc, 0x05, 0xfc, 0x05, 0xfc, 0x04, 0xfc, 0xe5, 0xfb,
    0xe5, 0xfb, 0x05, 0xfc, 0x05, 0xfc, 0x05, 0xfc, 0x04, 0xfc, 0x05, 0xfc,
    0x05, 0xfc, 0x05, 0xfc, 0x05, 0xfc, 0x05, 0xfc, 0x04, 0xfc, 0x05, 0xfc,
    0x05, 0xfc, 0x04, 0xfc, 0x05, 0xfc, 0x05, 0xfc, 0x05, 0xfc, 0x04, 0xfc,
    0x05, 0xfc, 0xe5, 0xfb, 0x05, 0xfc, 0xe5, 0xfb, 0x05, 0xfc, 0x05, 0xfc,
    0xe5, 0xfb, 0x05, 0xfc, 0x05, 0xfc, 0x05, 0xfc, 0x05, 0xfc, 0x05, 0xfc,
    0x05, 0xfc, 0xe5, 0xfb, 0x05, 0xfc, 0x05, 0xfc, 0x05, 0xfc, 0x05, 0xfc,
    0xe5, 0xfb, 0x05, 0xfc, 0x05, 0xfc, 0x05, 0xfc, 0xe5, 0xfb, 0x05, 0xfc,
    0x05, 0xfc, 0xe5, 0xfb, 0x05, 0xfc, 0x05, 0xfc, 0x65, 0x93, 0xa3, 0x01,
    0x01, 0x00, 0x00, 0x00, 0x00, 0x00, 0x00, 0x00, 0x00, 0x00, 0x00, 0x00,
    0x00, 0x00, 0x00, 0x00, 0x00, 0x00, 0x00, 0x00, 0x00, 0x00, 0x00, 0x00,
    0x00, 0x00, 0x00, 0x00, 0x00, 0x00, 0x00, 0x00, 0x00, 0x00, 0x00, 0x00,
    0xe0, 0x90, 0xc2, 0xfa, 0x03, 0xfc, 0x05, 0xfc, 0xe5, 0xfb, 0x05, 0xfc,
    0xe5, 0xfb, 0x05, 0xfc, 0x05, 0xfc, 0xe5, 0xfb, 0x05, 0xfc, 0x05, 0xfc,
    0xe4, 0xfb, 0x05, 0xfc, 0x05, 0xfc, 0x05, 0xfc, 0x05, 0xfc, 0x05, 0xfc,
    0x05, 0xfc, 0xe5, 0xfb, 0x05, 0xfc, 0xe5, 0xfb, 0xe5, 0xfb, 0x05, 0xfc,
    0x04, 0xfc, 0x05, 0xfc, 0x05, 0xfc, 0xe5, 0xfb, 0x05, 0xfc, 0x05, 0xfc,
    0xe5, 0xfb, 0x05, 0xfc, 0x05, 0xfc, 0x05, 0xfc, 0x04, 0xfc, 0x05, 0xfc,
    0x05, 0xfc, 0x04, 0xfc, 0xe5, 0xfb, 0x05, 0xfc, 0x05, 0xfc, 0xe5, 0xfb,
    0x05, 0xfc, 0x05, 0xfc, 0x05, 0xfc, 0x05, 0xfc, 0x05, 0xfc, 0x05, 0xfc,
    0x05, 0xfc, 0x05, 0xfc, 0x05, 0xfc, 0xe4, 0xfb, 0x05, 0xfc, 0xe5, 0xfb,
    0x05, 0xfc, 0xe5, 0xfb, 0xe5, 0xfb, 0x04, 0xfc, 0x05, 0xfc, 0xe5, 0xfb,
    0xe5, 0xfb, 0x05, 0xfc, 0x05, 0xfc, 0xe5, 0xfb, 0x05, 0xfc, 0xe5, 0xfb,
    0x05, 0xfc, 0x05, 0xfc, 0xe5, 0xfb, 0x05, 0xfc, 0x04, 0xfc, 0x05, 0xfc,
    0x05, 0xfc, 0x04, 0xfc, 0x05, 0xfc, 0xe5, 0xfb, 0x05, 0xfc, 0x05, 0xfc,
    0xe5, 0xfb, 0x04, 0xfc, 0x05, 0xfc, 0x05, 0xfc, 0xe5, 0xfb, 0x05, 0xfc,
    0x04, 0xfc, 0xe5, 0xfb, 0x05, 0xfc, 0x05, 0xfc, 0x04, 0xfc, 0xe5, 0xfb,
    0x05, 0xfc, 0x04, 0xfc, 0xe5, 0xfb, 0x05, 0xfc, 0x05, 0xfc, 0x05, 0xfc,
    0xe5, 0xfb, 0x05, 0xfc, 0x65, 0x93, 0xa3, 0x01, 0x02, 0x00, 0x00, 0x00,
    0x00, 0x00, 0x00, 0x00, 0x00, 0x00, 0x00, 0x00, 0x00, 0x00, 0x00, 0x00,
    0x00, 0x00, 0x00, 0x00, 0x00, 0x00, 0x00, 0x00, 0x00, 0x00, 0x00, 0x00,
    0x00, 0x00, 0x00, 0x00, 0x00, 0x00, 0x00, 0x00, 0x00, 0x68, 0x41, 0xda,
    0x03, 0xfc, 0x05, 0xfc, 0xe5, 0xfb, 0x04, 0xfc, 0x05, 0xfc, 0xe5, 0xfb,
    0x04, 0xfc, 0x05, 0xfc, 0x05, 0xfc, 0xe5, 0xfb, 0x05, 0xfc, 0x05, 0xfc,
    0x05, 0xfc, 0xe4, 0xfb, 0x05, 0xfc, 0x05, 0xfc, 0x05, 0xfc, 0x04, 0xfc,
    0x05, 0xfc, 0xe5, 0xfb, 0x05, 0xfc, 0x05, 0xfc, 0x05, 0xfc, 0x04, 0xfc,
    0x05, 0xfc, 0xe5, 0xfb, 0x04, 0xfc, 0x05, 0xfc, 0xe5, 0xfb, 0x05, 0xfc,
    0xe5, 0xfb, 0x05, 0xfc, 0x05, 0xfc, 0x05, 0xfc, 0x05, 0xfc, 0x04, 0xfc,
    0x05, 0xfc, 0x05, 0xfc, 0xe5, 0xfb, 0x05, 0xfc, 0x05, 0xfc, 0xe5, 0xfb,
    0xe5, 0xfb, 0x05, 0xfc, 0xe5, 0xfb, 0x05, 0xfc, 0x05, 0xfc, 0x05, 0xfc,
    0x05, 0xfc, 0x05, 0xfc, 0x05, 0xfc, 0x05, 0xfc, 0x05, 0xfc, 0x05, 0xfc,
    0xe5, 0xfb, 0x05, 0xfc, 0x05, 0xfc, 0x05, 0xfc, 0xe5, 0xfb, 0x05, 0xfc,
    0x04, 0xfc, 0xe5, 0xfb, 0x05, 0xfc, 0x05, 0xfc, 0x05, 0xfc, 0x05, 0xfc,
    0xe5, 0xfb, 0x05, 0xfc, 0xe5, 0xfb, 0x05, 0xfc, 0x05, 0xfc, 0x05, 0xfc,
    0xe4, 0xfb, 0x05, 0xfc, 0x05, 0xfc, 0xe5, 0xfb, 0x05, 0xfc, 0x05, 0xfc,
    0x04, 0xfc, 0xe5, 0xfb, 0x05, 0xfc, 0x05, 0xfc, 0x05, 0xfc, 0xe5, 0xfb,
    0x05, 0xfc, 0x05, 0xfc, 0x05, 0xfc, 0x05, 0xfc, 0x05, 0xfc, 0x04, 0xfc,
    0x05, 0xfc, 0xe5, 0xfb, 0x05, 0xfc, 0x05, 0xfc, 0x05, 0xfc, 0xe5, 0xfb,
    0x05, 0xbc, 0x44, 0x3a, 0x02, 0x00, 0x00, 0x00, 0x00, 0x00, 0x00, 0x00,
    0x00, 0x00, 0x00, 0x00, 0x00, 0x00, 0x00, 0x00, 0x00, 0x00, 0x00, 0x00,
    0x00, 0x00, 0x00, 0x00, 0x00, 0x00, 0x00, 0x00, 0x00, 0x00, 0x00, 0x00,
    0x00, 0x00, 0x00, 0x00, 0x00, 0x68, 0xa0, 0xb9, 0x63, 0xfb, 0x04, 0xfc,
    0x05, 0xfc, 0x05, 0xfc, 0x05, 0xfc, 0x05, 0xfc, 0x05, 0xfc, 0x05, 0xfc,
    0xe5, 0xfb, 0x05, 0xfc, 0x05, 0xfc, 0xe5, 0xfb, 0x05, 0xfc, 0x05, 0xfc,
    0xe5, 0xfb, 0x05, 0xfc, 0x05, 0xfc, 0x05, 0xfc, 0xe5, 0xfb, 0x05, 0xfc,
    0xe5, 0xfb, 0x05, 0xfc, 0x05, 0xfc, 0x05, 0xfc, 0x05, 0xfc, 0xe5, 0xfb,
    0x05, 0xfc, 0x04, 0xfc, 0xe5, 0xfb, 0x05, 0xfc, 0xe5, 0xfb, 0xe5, 0xfb,
    0x05, 0xfc, 0xe5, 0xfb, 0x05, 0xfc, 0x05, 0xfc, 0x04, 0xfc, 0xe5, 0xfb,
    0x05, 0xfc, 0x05, 0xfc, 0x05, 0xfc, 0x05, 0xfc, 0x04, 0xfc, 0xe5, 0xfb,
    0x05, 0xfc, 0x05, 0xfc, 0xe4, 0xfb, 0x05, 0xfc, 0x05, 0xfc, 0xe4, 0xfb,
    0x05, 0xfc, 0x05, 0xfc, 0x05, 0xfc, 0x04, 0xfc, 0x05, 0xfc, 0x05, 0xfc,
    0x04, 0xfc, 0x05, 0xfc, 0x05, 0xfc, 0x05, 0xfc, 0xe5, 0xfb, 0x04, 0xfc,
    0x05, 0xfc, 0xe5, 0xfb, 0x05, 0xfc, 0x05, 0xfc, 0x05, 0xfc, 0xe5, 0xfb,
    0x05, 0xfc, 0x05, 0xfc, 0x05, 0xfc, 0x05, 0xfc, 0x05, 0xfc, 0xe5, 0xfb,
    0x05, 0xfc, 0x05, 0xfc, 0x05, 0xfc, 0x05, 0xfc, 0xe5, 0xfb, 0x05, 0xfc,
    0x05, 0xfc, 0x04, 0xfc, 0xe5, 0xfb, 0x05, 0xfc, 0xe5, 0xfb, 0x05, 0xfc,
    0xe5, 0xfb, 0x05, 0xfc, 0x05, 0xfc, 0x05, 0xfc, 0x05, 0xfc, 0x05, 0xfc,
    0x05, 0xfc, 0x05, 0xfc, 0xe5, 0xfb, 0x05, 0xfc, 0x05, 0xbc, 0xc5, 0x6a,
    0xe3, 0x00, 0x01, 0x00, 0x00, 0x00, 0x00, 0x00, 0x00, 0x00, 0x00, 0x00,
    0x00, 0x00, 0x00, 0x00, 0x00, 0x00, 0x00, 0x00, 0x00, 0x00, 0x00, 0x00,
    0x00, 0x00, 0x00, 0x00, 0x00, 0x00, 0x00, 0x00, 0x00, 0x00, 0x00, 0x00,
    0x00, 0x38, 0xe0, 0x90, 0x21, 0xda, 0x03, 0xfc, 0xe5, 0xfb, 0xe5, 0xfb,
    0x05, 0xfc, 0x04, 0xfc, 0x05, 0xfc, 0xe5, 0xfb, 0x04, 0xfc, 0x05, 0xfc,
    0x05, 0xfc, 0x04, 0xfc, 0xe5, 0xfb, 0x05, 0xfc, 0x05, 0xfc, 0x04, 0xfc,
    0x05, 0xfc, 0x05, 0xfc, 0xe4, 0xfb, 0x05, 0xfc, 0x05, 0xfc, 0xe5, 0xfb,
    0x05, 0xfc, 0x05, 0xfc, 0x05, 0xfc, 0x05, 0xfc, 0x05, 0xfc, 0x05, 0xfc,
    0x04, 0xfc, 0x05, 0xfc, 0x05, 0xfc, 0x05, 0xfc, 0xe5, 0xfb, 0x05, 0xfc,
    0x05, 0xfc, 0x05, 0xfc, 0x05, 0xfc, 0x05, 0xfc, 0x05, 0xfc, 0x05, 0xfc,
    0x05, 0xfc, 0xe5, 0xfb, 0x05, 0xfc, 0x05, 0xfc, 0xe5, 0xfb, 0x05, 0xfc,
    0x05, 0xfc, 0xe5, 0xfb, 0x05, 0xfc, 0x05, 0xfc, 0xe5, 0xfb, 0x05, 0xfc,
    0xe5, 0xfb, 0xe5, 0xfb, 0x05, 0xfc, 0xe5, 0xfb, 0x05, 0xfc, 0x05, 0xfc,
    0x05, 0xfc, 0xe5, 0xfb, 0x05, 0xfc, 0x04, 0xfc, 0x05, 0xfc, 0x05, 0xfc,
    0x04, 0xfc, 0xe5, 0xfb, 0x05, 0xfc, 0x04, 0xfc, 0xe5, 0xfb, 0x05, 0xfc,
    0x04, 0xfc, 0x05, 0xfc, 0xe5, 0xfb, 0x05, 0xfc, 0x05, 0xfc, 0xe5, 0xfb,
    0x04, 0xfc, 0x05, 0xfc, 0x05, 0xfc, 0x05, 0xfc, 0x05, 0xfc, 0x05, 0xfc,
    0x04, 0xfc, 0xe5, 0xfb, 0x05, 0xfc, 0x05, 0xfc, 0xe5, 0xfb, 0x04, 0xfc,
    0xe5, 0xfb, 0xe5, 0xfb, 0x05, 0xfc, 0x05, 0xfc, 0x05, 0xfc, 0x05, 0xfc,
    0x05, 0xfc, 0x05, 0xfc, 0x05, 0xdc, 0x65, 0x93, 0xa3, 0x01, 0x02, 0x00,
    0x00, 0x00, 0x00, 0x00, 0x00, 0x00, 0x00, 0x00, 0x00, 0x00, 0x00, 0x00,
    0x00, 0x00, 0x00, 0x00, 0x00, 0x00, 0x00, 0x00, 0x00, 0x00, 0x00, 0x00,
    0x00, 0x00, 0x00, 0x00, 0x00, 0x00, 0x00, 0x00, 0x00, 0x00, 0x00, 0x68,
    0xc2, 0xfa, 0x05, 0xfc, 0x05, 0xfc, 0x05, 0xfc, 0xe5, 0xfb, 0x05, 0xfc,
    0x05, 0xfc, 0xe5, 0xfb, 0x05, 0xfc, 0x05, 0xfc, 0x05, 0xfc, 0xe5, 0xfb,
    0x05, 0xfc, 0xe5, 0xfb, 0x05, 0xfc, 0x05, 0xfc, 0x05, 0xfc, 0x05, 0xfc,
    0xe5, 0xfb, 0x04, 0xfc, 0x05, 0xfc, 0xe5, 0xfb, 0x04, 0xfc, 0x05, 0xfc,
    0xe5, 0xfb, 0x05, 0xfc, 0x05, 0xfc, 0x05, 0xfc, 0x04, 0xfc, 0x05, 0xfc,
    0xe5, 0xfb, 0x04, 0xfc, 0x05, 0xfc, 0xe5, 0xfb, 0x04, 0xfc, 0xe5, 0xfb,
    0xe5, 0xfb, 0x05, 0xfc, 0x05, 0xfc, 0x05, 0xfc, 0x04, 0xfc, 0x05, 0xfc,
    0x05, 0xfc, 0x05, 0xfc, 0x05, 0xfc, 0x05, 0xfc, 0x04, 0xfc, 0xe5, 0xfb,
    0x05, 0xfc, 0x05, 0xfc, 0x05, 0xfc, 0x05, 0xfc, 0x05, 0xfc, 0x05, 0xfc,
    0xe4, 0xfb, 0x05, 0xfc, 0x05, 0xfc, 0x05, 0xfc, 0xe5, 0xfb, 0x05, 0xfc,
    0xe5, 0xfb, 0x05, 0xfc, 0x05, 0xfc, 0x05, 0xfc, 0x05, 0xfc, 0xe5, 0xfb,
    0x05, 0xfc, 0xe5, 0xfb, 0x05, 0xfc, 0x05, 0xfc, 0xe4, 0xfb, 0x05, 0xfc,
    0x05, 0xfc, 0x05, 0xfc, 0x05, 0xfc, 0xe5, 0xfb, 0xe5, 0xfb, 0x05, 0xfc,
    0x05, 0xfc, 0xe5, 0xfb, 0x05, 0xfc, 0x05, 0xfc, 0x04, 0xfc, 0x05, 0xfc,
    0x05, 0xfc, 0x05, 0xfc, 0x05, 0xfc, 0x04, 0xfc, 0xe5, 0xfb, 0x05, 0xfc,
    0x04, 0xfc, 0xe5, 0xfb, 0xe5, 0xfb, 0x05, 0xfc, 0x05, 0xfc, 0x05, 0xfc,
    0x05, 0xfc, 0x05, 0xbc, 0x44, 0x3a, 0x02, 0x00, 0x00, 0x00, 0x00, 0x00,
    0x00, 0x00, 0x00, 0x00, 0x00, 0x00, 0x00, 0x00, 0x00, 0x00, 0x00, 0x00,
    0x00, 0x00, 0x00, 0x00, 0x00, 0x00, 0x00, 0x00, 0x00, 0x00, 0x00, 0x00,
    0x00, 0x00, 0x00, 0x00, 0x00, 0x00, 0xc2, 0xda, 0x05, 0xfc, 0x05, 0xfc,
    0x05, 0xfc, 0x05, 0xfc, 0x05, 0xfc, 0xe5, 0xfb, 0x05, 0xfc, 0x05, 0xfc,
    0x05, 0xfc, 0x04, 0xfc, 0x05, 0xfc, 0x05, 0xfc, 0xe5, 0xfb, 0x05, 0xfc,
    0x05, 0xfc, 0xe5, 0xfb, 0x05, 0xfc, 0x05, 0xfc, 0x05, 0xfc, 0xe5, 0xfb,
    0x05, 0xfc, 0x05, 0xfc, 0xe5, 0xfb, 0x04, 0xfc, 0xe5, 0xfb, 0xe5, 0xfb,
    0x05, 0xfc, 0x05, 0xfc, 0x05, 0xfc, 0x05, 0xfc, 0xe5, 0xfb, 0x05, 0xfc,
    0x05, 0xfc, 0x05, 0xfc, 0x05, 0xfc, 0xe5, 0xfb, 0x05, 0xfc, 0xe5, 0xfb,
    0x05, 0xfc, 0xe5, 0xfb, 0x04, 0xfc, 0xe5, 0xfb, 0xe5, 0xfb, 0x05, 0xfc,
    0x05, 0xfc, 0x05, 0xfc, 0x05, 0xfc, 0x04, 0xfc, 0xe5, 0xfb, 0x05, 0xfc,
    0x04, 0xfc, 0x05, 0xfc, 0x05, 0xfc, 0xe5, 0xfb, 0x05, 0xfc, 0x04, 0xfc,
    0x05, 0xfc, 0x05, 0xfc, 0x05, 0xfc, 0xe5, 0xfb, 0x05, 0xfc, 0x04, 0xfc,
    0xe5, 0xfb, 0x05, 0xfc, 0x05, 0xfc, 0x05, 0xfc, 0x05, 0xfc, 0x05, 0xfc,
    0x05, 0xfc, 0xe5, 0xfb, 0x05, 0xfc, 0x04, 0xfc, 0x05, 0xfc, 0x05, 0xfc,
    0x04, 0xfc, 0xe5, 0xfb, 0x05, 0xfc, 0x04, 0xfc, 0xe5, 0xfb, 0x05, 0xfc,
    0x05, 0xfc, 0xe5, 0xfb, 0x05, 0xfc, 0x05, 0xfc, 0x05, 0xfc, 0x05, 0xfc,
    0x05, 0xfc, 0xe5, 0xfb, 0x05, 0xfc, 0x05, 0xfc, 0x05, 0xfc, 0xe4, 0xfb,
    0x05, 0xfc, 0xe5, 0xfb, 0xe5, 0xfb, 0x05, 0xfc, 0x05, 0xfc, 0xe5, 0xbb,
    0xc5, 0x6a, 0xe3, 0x00, 0x01, 0x00, 0x00, 0x00, 0x00, 0x00, 0x00, 0x00,
    0x00, 0x00, 0x00, 0x00, 0x00, 0x00, 0x00, 0x00, 0x00, 0x00, 0x00, 0x00,
    0x00, 0x00, 0x00, 0x00, 0x00, 0x00, 0x00, 0x00, 0x00, 0x00, 0xe0, 0x38,
    0x05, 0xfc, 0xe4, 0xfb, 0x05, 0xfc, 0x05, 0xfc, 0xe4, 0xfb, 0x05, 0xfc,
    0x05, 0xfc, 0xe4, 0xfb, 0x05, 0xfc, 0x05, 0xfc, 0xe5, 0xfb, 0x05, 0xfc,
    0x04, 0xfc, 0xe5, 0xfb, 0x05, 0xfc, 0x04, 0xfc, 0x05, 0xfc, 0x05, 0xfc,
    0xe5, 0xfb, 0x05, 0xfc, 0x05, 0xfc, 0x05, 0xfc, 0x05, 0xfc, 0x05, 0xfc,
    0x05, 0xfc, 0x05, 0xfc, 0xe5, 0xfb, 0x05, 0xfc, 0x05, 0xfc, 0xe5, 0xfb,
    0x05, 0xfc, 0x05, 0xfc, 0x05, 0xfc, 0x05, 0xfc, 0x05, 0xfc, 0x05, 0xfc,
    0x04, 0xfc, 0x05, 0xfc, 0xe5, 0xfb, 0x05, 0xfc, 0x05, 0xfc, 0x05, 0xfc,
    0x05, 0xfc, 0xe4, 0xfb, 0x05, 0xfc, 0xe5, 0xfb, 0x05, 0xfc, 0x05, 0xfc,
    0xe5, 0xfb, 0x05, 0xfc, 0xe5, 0xfb, 0x05, 0xfc, 0x05, 0xfc, 0x05, 0xfc,
    0xe5, 0xfb, 0x05, 0xfc, 0x05, 0xfc, 0xe5, 0xfb, 0x04, 0xfc, 0x05, 0xfc,
    0xe5, 0xfb, 0x05, 0xfc, 0x05, 0xfc, 0x05, 0xfc, 0x04, 0xfc, 0xe5, 0xfb,
    0x05, 0xfc, 0x05, 0xfc, 0xe5, 0xfb, 0x05, 0xfc, 0x05, 0xfc, 0xe5, 0xfb,
    0xe5, 0xfb, 0x05, 0xfc, 0x05, 0xfc, 0x05, 0xfc, 0x05, 0xfc, 0x05, 0xfc,
    0x05, 0xfc, 0x05, 0xfc, 0xe5, 0xfb, 0x05, 0xfc, 0xe4, 0xfb, 0xe5, 0xfb,
    0x05, 0xfc, 0x05, 0xfc, 0xe5, 0xfb, 0x05, 0xfc, 0x05, 0xfc, 0x05, 0xfc,
    0x05, 0xfc, 0x05, 0xfc, 0x05, 0xfc, 0x05, 0xfc, 0x05, 0xfc, 0x05, 0xfc,
    0x05, 0xfc, 0x05, 0xfc, 0x05, 0xfc, 0x05, 0xdc, 0x65, 0x93, 0xa3, 0x01,
    0x01, 0x00, 0x00, 0x00, 0x00, 0x00, 0x00, 0x00, 0x00, 0x00, 0x00, 0x00,
    0x00, 0x00, 0x00, 0x00, 0x00, 0x00, 0x00, 0x00, 0x00, 0x00, 0x00, 0x00,
    0x00, 0x00, 0x00, 0x00, 0x05, 0xfc, 0x05, 0xfc, 0xe5, 0xfb, 0x05, 0xfc,
    0x05, 0xfc, 0x05, 0xfc, 0x05, 0xfc, 0xe5, 0xfb, 0x05, 0xfc, 0x05, 0xfc,
    0xe5, 0xfb, 0x05, 0xfc, 0x05, 0xfc, 0x05, 0xfc, 0x05, 0xfc, 0xe5, 0xfb,
    0x05, 0xfc, 0x04, 0xfc, 0x05, 0xfc, 0x05, 0xfc, 0xe4, 0xfb, 0x05, 0xfc,
    0x05, 0xfc, 0xe5, 0xfb, 0x05, 0xfc, 0x05, 0xfc, 0x04, 0xfc, 0xe5, 0xfb,
    0x05, 0xfc, 0x04, 0xfc, 0x05, 0xfc, 0xe5, 0xfb, 0xe4, 0xfb, 0x05, 0xfc,
    0x05, 0xfc, 0x05, 0xfc, 0xe5, 0xfb, 0x05, 0xfc, 0x05, 0xfc, 0x05, 0xfc,
    0x05, 0xfc, 0x05, 0xfc, 0x05, 0xfc, 0x05, 0xfc, 0x05, 0xfc, 0xe5, 0xfb,
    0x04, 0xfc, 0x05, 0xfc, 0x05, 0xfc, 0x05, 0xfc, 0x05, 0xfc, 0xe5, 0xfb,
    0x05, 0xfc, 0x04, 0xfc, 0x05, 0xfc, 0xe5, 0xfb, 0x05, 0xfc, 0x05, 0xfc,
    0x05, 0xfc, 0x05, 0xfc, 0x05, 0xfc, 0xe5, 0xfb, 0x05, 0xfc, 0x05, 0xfc,
    0xe5, 0xfb, 0x05, 0xfc, 0x05, 0xfc, 0xe4, 0xfb, 0x05, 0xfc, 0x05, 0xfc,
    0x04, 0xfc, 0x05, 0xfc, 0x05, 0xfc, 0x05, 0xfc, 0xe5, 0xfb, 0x05, 0xfc,
    0xe5, 0xfb, 0x05, 0xfc, 0x05, 0xfc, 0xe5, 0xfb, 0x05, 0xfc, 0x05, 0xfc,
    0x05, 0xfc, 0x05, 0xfc, 0x05, 0xfc, 0xe4, 0xfb, 0x05, 0xfc, 0x05, 0xfc,
    0xe4, 0xfb, 0x05, 0xfc, 0xe5, 0xfb, 0x05, 0xfc, 0x05, 0xfc, 0xe4, 0xfb,
    0x05, 0xfc, 0xe5, 0xfb, 0x05, 0xfc, 0x05, 0xfc, 0x05, 0xfc, 0x05, 0xfc,
    0x05, 0xfc, 0x05, 0xfc, 0x65, 0x93, 0x44, 0x3a, 0x02, 0x00, 0x00, 0x00,
    0x00, 0x00, 0x00, 0x00, 0x00, 0x00, 0x00, 0x00, 0x00, 0x00, 0x00, 0x00,
    0x00, 0x00, 0x00, 0x00, 0x00, 0x00, 0x00, 0x00, 0x05, 0xfc, 0x05, 0xfc,
    0x05, 0xfc, 0x05, 0xfc, 0xe5, 0xfb, 0x04, 0xfc, 0x05, 0xfc, 0x05, 0xfc,
    0x05, 0xfc, 0x05, 0xfc, 0x04, 0xfc, 0x05, 0xfc, 0xe5, 0xfb, 0x05, 0xfc,
    0x05, 0xfc, 0xe5, 0xfb, 0x05, 0xfc, 0x05, 0xfc, 0xe5, 0xfb, 0x05, 0xfc,
    0x05, 0xfc, 0xe5, 0xfb, 0x04, 0xfc, 0x05, 0xfc, 0xe5, 0xfb, 0x05, 0xfc,
    0x05, 0xfc, 0x05, 0xfc, 0xe5, 0xfb, 0x05, 0xfc, 0x05, 0xfc, 0x05, 0xfc,
    0x05, 0xfc, 0x05, 0xfc, 0x05, 0xfc, 0xe5, 0xfb, 0x05, 0xfc, 0x05, 0xfc,
    0x04, 0xfc, 0xe5, 0xfb, 0xe5, 0xfb, 0x04, 0xfc, 0xe5, 0xfb, 0x05, 0xfc,
    0x05, 0xfc, 0x05, 0xfc, 0x05, 0xfc, 0xe5, 0xfb, 0x05, 0xfc, 0x04, 0xfc,
    0x05, 0xfc, 0xe5, 0xfb, 0x05, 0xfc, 0x05, 0xfc, 0x05, 0xfc, 0x05, 0xfc,
    0xe4, 0xfb, 0x05, 0xfc, 0xe5, 0xfb, 0x05, 0xfc, 0x04, 0xfc, 0x05, 0xfc,
    0xe5, 0xfb, 0x04, 0xfc, 0x05, 0xfc, 0x05, 0xfc, 0x05, 0xfc, 0x05, 0xfc,
    0x05, 0xfc, 0xe5, 0xfb, 0x05, 0xfc, 0x05, 0xfc, 0x05, 0xfc, 0xe4, 0xfb,
    0x05, 0xfc, 0x05, 0xfc, 0x04, 0xfc, 0xe5, 0xfb, 0x05, 0xfc, 0x04, 0xfc,
    0x05, 0xfc, 0x05, 0xfc, 0x05, 0xfc, 0x05, 0xfc, 0xe5, 0xfb, 0x05, 0xfc,
    0x05, 0xfc, 0x05, 0xfc, 0x05, 0xfc, 0x05, 0xfc, 0xe4, 0xfb, 0x05, 0xfc,
    0x05, 0xfc, 0x05, 0xfc, 0xe5, 0xfb, 0x04, 0xfc, 0x05, 0xfc, 0xe5, 0xfb,
    0xe4, 0xfb, 0x05, 0xfc, 0xe5, 0xfb, 0x05, 0xfc, 0x05, 0xfc, 0xe5, 0xfb,
    0x05, 0xbc, 0x44, 0x3a, 0xe3, 0x00, 0x00, 0x00, 0x00, 0x00, 0x00, 0x00,
    0x00, 0x00, 0x00, 0x00, 0x00, 0x00, 0x00, 0x00, 0x00, 0x00, 0xa3, 0x39,
    0x05, 0xfc, 0xe4, 0xfb, 0x05, 0xfc, 0x05, 0xfc, 0xe5, 0xfb, 0x05, 0xfc,
    0x05, 0xfc, 0xe5, 0xfb, 0xe5, 0xfb, 0x05, 0xfc, 0x05, 0xfc, 0xe5, 0xfb,
    0x05, 0xfc, 0x04, 0xfc, 0x05, 0xfc, 0x05, 0xfc, 0x04, 0xfc, 0xe5, 0xfb,
    0x05, 0xfc, 0x05, 0xfc, 0x05, 0xfc, 0x05, 0xfc, 0x05, 0xfc, 0x05, 0xfc,
    0x05, 0xfc, 0xe4, 0xfb, 0x05, 0xfc, 0x05, 0xfc, 0x05, 0xfc, 0xe5, 0xfb,
    0x05, 0xfc, 0x05, 0xfc, 0x05, 0xfc, 0xe5, 0xfb, 0x05, 0xfc, 0x05, 0xfc,
    0x05, 0xfc, 0xe5, 0xfb, 0x05, 0xfc, 0x05, 0xfc, 0x05, 0xfc, 0x05, 0xfc,
    0x05, 0xfc, 0xe5, 0xfb, 0x04, 0xfc, 0x05, 0xfc, 0xe5, 0xfb, 0x05, 0xfc,
    0x05, 0xfc, 0xe5, 0xfb, 0x05, 0xfc, 0x05, 0xfc, 0xe4, 0xfb, 0x05, 0xfc,
    0x05, 0xfc, 0xe5, 0xfb, 0x05, 0xfc, 0x05, 0xfc, 0x05, 0xfc, 0xe5, 0xfb,
    0x05, 0xfc, 0x05, 0xfc, 0x05, 0xfc, 0xe5, 0xfb, 0x05, 0xfc, 0xe5, 0xfb,
    0x04, 0xfc, 0x05, 0xfc, 0xe5, 0xfb, 0x05, 0xfc, 0x05, 0xfc, 0xe5, 0xfb,
    0x05, 0xfc, 0x05, 0xfc, 0x05, 0xfc, 0x05, 0xfc, 0x05, 0xfc, 0x05, 0xfc,
    0xe5, 0xfb, 0x05, 0xfc, 0x05, 0xfc, 0xe4, 0xfb, 0xe5, 0xfb, 0x05, 0xfc,
    0x04, 0xfc, 0x05, 0xfc, 0xe5, 0xfb, 0x05, 0xfc, 0x05, 0xfc, 0x05, 0xfc,
    0x05, 0xfc, 0xe5, 0xfb, 0x05, 0xfc, 0x05, 0xfc, 0x05, 0xfc, 0x05, 0xfc,
    0x05, 0xfc, 0x05, 0xfc, 0x05, 0xfc, 0x05, 0xfc, 0x05, 0xfc, 0xe5, 0xfb,
    0x05, 0xfc, 0x05, 0xfc, 0x05, 0xfc, 0xe5, 0xfb, 0x05, 0xdc, 0xc5, 0x6a,
    0xe3, 0x00, 0x01, 0x00, 0x00, 0x00, 0x00, 0x00, 0x00, 0x00, 0x00, 0x00,
    0x02, 0x00, 0x05, 0xdc, 0xe5, 0xfb, 0x05, 0xfc, 0x05, 0xfc, 0x05, 0xfc,
    0x04, 0xfc, 0x05, 0xfc, 0x05, 0xfc, 0x04, 0xfc, 0x05, 0xfc, 0x05, 0xfc,
    0xe5, 0xfb, 0x05, 0xfc, 0x05, 0xfc, 0xe5, 0xfb, 0x05, 0xfc, 0x05, 0xfc,
    0xe5, 0xfb, 0x05, 0xfc, 0x05, 0xfc, 0xe4, 0xfb, 0x05, 0xfc, 0xe5, 0xfb,
    0x05, 0xfc, 0x05, 0xfc, 0xe5, 0xfb, 0x05, 0xfc, 0x05, 0xfc, 0x05, 0xfc,
    0x04, 0xfc, 0x05, 0xfc, 0xe5, 0xfb, 0x04, 0xfc, 0x05, 0xfc, 0x05, 0xfc,
    0x05, 0xfc, 0x05, 0xfc, 0xe4, 0xfb, 0x05, 0xfc, 0x05, 0xfc, 0x05, 0xfc,
    0xe5, 0xfb, 0x05, 0xfc, 0x05, 0xfc, 0x05, 0xfc, 0xe5, 0xfb, 0x05, 0xfc,
    0x05, 0xfc, 0x04, 0xfc, 0x05, 0xfc, 0xe5, 0xfb, 0x05, 0xfc, 0x05, 0xfc,
    0x05, 0xfc, 0xe5, 0xfb, 0x05, 0xfc, 0x05, 0xfc, 0x05, 0xfc, 0x04, 0xfc,
    0x05, 0xfc, 0x05, 0xfc, 0xe5, 0xfb, 0x05, 0xfc, 0x05, 0xfc, 0x05, 0xfc,
    0x05, 0xfc, 0x05, 0xfc, 0xe5, 0xfb, 0x05, 0xfc, 0x05, 0xfc, 0x04, 0xfc,
    0x05, 0xfc, 0xe5, 0xfb, 0x04, 0xfc, 0x05, 0xfc, 0xe5, 0xfb, 0xe5, 0xfb,
    0x05, 0xfc, 0x05, 0xfc, 0x05, 0xfc, 0xe5, 0xfb, 0x05, 0xfc, 0x05, 0xfc,
    0x05, 0xfc, 0x05, 0xfc, 0x05, 0xfc, 0xe5, 0xfb, 0x05, 0xfc, 0x04, 0xfc,
    0xe5, 0xfb, 0x05, 0xfc, 0x05, 0xfc, 0x05, 0xfc, 0xe4, 0xfb, 0x05, 0xfc,
    0x05, 0xfc, 0xe5, 0xfb, 0x05, 0xfc, 0x05, 0xfc, 0xe5, 0xfb, 0x04, 0xfc,
    0x05, 0xfc, 0x05, 0xfc, 0x04, 0xfc, 0x05, 0xfc, 0xe5, 0xfb, 0x05, 0xfc,
    0x05, 0xfc, 0x05, 0xfc, 0x05, 0xdc, 0x65, 0x93, 0xa3, 0x01, 0xe3, 0x00,
    0x02, 0x00, 0xa3, 0x01, 0x05, 0xbc, 0x05, 0xfc, 0x05, 0xfc, 0xe5, 0xfb,
    0x05, 0xfc, 0xe5, 0xfb, 0x05, 0xfc, 0xe5, 0xfb, 0x05, 0xfc, 0x05, 0xfc,
    0xe5, 0xfb, 0x04, 0xfc, 0x05, 0xfc, 0x05, 0xfc, 0x04, 0xfc, 0xe5, 0xfb,
    0x05, 0xfc, 0x05, 0xfc, 0x05, 0xfc, 0x05, 0xfc, 0x05, 0xfc, 0x05, 0xfc,
    0xe5, 0xfb, 0x05, 0xfc, 0x04, 0xfc, 0xe5, 0xfb, 0x05, 0xfc, 0x05, 0xfc,
    0xe5, 0xfb, 0xe5, 0xfb, 0x05, 0xfc, 0x05, 0xfc, 0x05, 0xfc, 0xe5, 0xfb,
    0x05, 0xfc, 0x05, 0xfc, 0x05, 0xfc, 0xe5, 0xfb, 0x05, 0xfc, 0x05, 0xfc,
    0x05, 0xfc, 0xe4, 0xfb, 0x05, 0xfc, 0x05, 0xfc, 0xe4, 0xfb, 0x05, 0xfc,
    0x05, 0xfc, 0x05, 0xfc, 0xe5, 0xfb, 0x05, 0xfc, 0x05, 0xfc, 0x05, 0xfc,
    0x04, 0xfc, 0x05, 0xfc, 0x05, 0xfc, 0x05, 0xfc, 0xe4, 0xfb, 0x05, 0xfc,
    0xe5, 0xfb, 0x05, 0xfc, 0x05, 0xfc, 0xe5, 0xfb, 0x04, 0xfc, 0x05, 0xfc,
    0xe5, 0xfb, 0x04, 0xfc, 0x05, 0xfc, 0x05, 0xfc, 0xe5, 0xfb, 0x05, 0xfc,
    0x05, 0xfc, 0xe5, 0xfb, 0x05, 0xfc, 0x05, 0xfc, 0x05, 0xfc, 0x05, 0xfc,
    0x05, 0xfc, 0x04, 0xfc, 0xe5, 0xfb, 0x05, 0xfc, 0x04, 0xfc, 0x05, 0xfc,
    0x05, 0xfc, 0x05, 0xfc, 0xe5, 0xfb, 0x05, 0xfc, 0x05, 0xfc, 0x05, 0xfc,
    0x05, 0xfc, 0x05, 0xfc, 0xe5, 0xfb, 0x05, 0xfc, 0x04, 0xfc, 0xe5, 0xfb,
    0x05, 0xfc, 0x05, 0xfc, 0xe5, 0xfb, 0x04, 0xfc, 0x05, 0xfc, 0xe5, 0xfb,
    0x05, 0xfc, 0x05, 0xfc, 0xe5, 0xfb, 0x05, 0xfc, 0x05, 0xfc, 0xe5, 0xfb,
    0x05, 0xfc, 0x04, 0xfc, 0x05, 0xfc, 0x05, 0xfc, 0xe5, 0xfb, 0x05, 0xfc,
    0x05, 0xfc, 0x05, 0xdc, 0xe5, 0xbb, 0x05, 0xfc, 0x05, 0xfc, 0xe5, 0xfb,
    0x04, 0xfc, 0x05, 0xfc, 0x05, 0xfc, 0x04, 0xfc, 0xe5, 0xfb, 0x05, 0xfc,
    0x05, 0xfc, 0xe5, 0xfb, 0x05, 0xfc, 0x05, 0xfc, 0xe5, 0xfb, 0x05, 0xfc,
    0x05, 0xfc, 0x05, 0xfc, 0xe5, 0xfb, 0x04, 0xfc, 0xe5, 0xfb, 0x05, 0xfc,
    0x04, 0xfc, 0x05, 0xfc, 0x05, 0xfc, 0x05, 0xfc, 0x05, 0xfc, 0x05, 0xfc,
    0x04, 0xfc, 0x05, 0xfc, 0x05, 0xfc, 0x04, 0xfc, 0xe5, 0xfb, 0x05, 0xfc,
    0x05, 0xfc, 0xe5, 0xfb, 0x05, 0xfc, 0x05, 0xfc, 0x05, 0xfc, 0x05, 0xfc,
    0x05, 0xfc, 0xe5, 0xfb, 0x05, 0xfc, 0x05, 0xfc, 0x05, 0xfc, 0x05, 0xfc,
    0x05, 0xfc, 0xe5, 0xfb, 0x05, 0xfc, 0x04, 0xfc, 0xe5, 0xfb, 0x05, 0xfc,
    0x05, 0xfc, 0xe5, 0xfb, 0xe5, 0xfb, 0x05, 0xfc, 0x05, 0xfc, 0xe5, 0xfb,
    0x05, 0xfc, 0x05, 0xfc, 0x05, 0xfc, 0xe5, 0xfb, 0x05, 0xfc, 0x05, 0xfc,
    0x05, 0xfc, 0x05, 0xfc, 0xe5, 0xfb, 0x05, 0xfc, 0x05, 0xfc, 0xe4, 0xfb,
    0x05, 0xfc, 0x05, 0xfc, 0x04, 0xfc, 0xe5, 0xfb, 0x05, 0xfc, 0x05, 0xfc,
    0xe5, 0xfb, 0x05, 0xfc, 0x05, 0xfc, 0x05, 0xfc, 0x05, 0xfc, 0xe5, 0xfb,
    0x05, 0xfc, 0xe5, 0xfb, 0x04, 0xfc, 0x05, 0xfc, 0xe5, 0xfb, 0x04, 0xfc,
    0x05, 0xfc, 0xe5, 0xfb, 0x04, 0xfc, 0x05, 0xfc, 0x05, 0xfc, 0xe5, 0xfb,
    0x05, 0xfc, 0x05, 0xfc, 0x05, 0xfc, 0x05, 0xfc, 0x05, 0xfc, 0x05, 0xfc,
    0x05, 0xfc, 0xe5, 0xfb, 0x04, 0xfc, 0x05, 0xfc, 0xe5, 0xfb, 0x05, 0xfc,
    0x05, 0xfc, 0x05, 0xfc, 0x05, 0xfc, 0xe5, 0xfb, 0x05, 0xfc, 0x04, 0xfc,
    0xe5, 0xfb, 0x05, 0xfc, 0x05, 0xfc, 0xe5, 0xfb, 0x05, 0xfc, 0x05, 0xfc,
    0xe5, 0xfb, 0x05, 0xfc, 0x05, 0xfc, 0x05, 0xfc, 0xe5, 0xfb, 0x05, 0xfc,
    0x05, 0xfc, 0x05, 0xfc, 0x04, 0xfc, 0x05, 0xfc, 0x05, 0xfc, 0x05, 0xfc,
    0xe5, 0xfb, 0x05, 0xfc, 0x05, 0xfc, 0x05, 0xfc, 0x05, 0xfc, 0x05, 0xfc,
    0xe5, 0xfb, 0x05, 0xfc, 0xe5, 0xfb, 0xe5, 0xfb, 0x05, 0xfc, 0xe4, 0xfb,
    0x05, 0xfc, 0x05, 0xfc, 0xe5, 0xfb, 0x05, 0xfc, 0x05, 0xfc, 0x05, 0xfc,
    0x05, 0xfc, 0x05, 0xfc, 0x04, 0xfc, 0x05, 0xfc, 0xe5, 0xfb, 0x05, 0xfc,
    0x05, 0xfc, 0x05, 0xfc, 0xe4, 0xfb, 0x05, 0xfc, 0x05, 0xfc, 0xe5, 0xfb,
    0x04, 0xfc, 0x05, 0xfc, 0xe5, 0xfb, 0x05, 0xfc, 0x05, 0xfc, 0x05, 0xfc,
    0x05, 0xfc, 0x05, 0xfc, 0x04, 0xfc, 0x05, 0xfc, 0x05, 0xfc, 0xe5, 0xfb,
    0x04, 0xfc, 0x05, 0xfc, 0x05, 0xfc, 0x05, 0xfc, 0x04, 0xfc, 0x05, 0xfc,
    0xe5, 0xfb, 0x04, 0xfc, 0x05, 0xfc, 0xe5, 0xfb, 0x05, 0xfc, 0x05, 0xfc,
    0x05, 0xfc, 0x05, 0xfc, 0x05, 0xfc, 0x05, 0xfc, 0xe5, 0xfb, 0x05, 0xfc,
    0x05, 0xfc, 0xe4, 0xfb, 0x05, 0xfc, 0xe5, 0xfb, 0xe4, 0xfb, 0x05, 0xfc,
    0x05, 0xfc, 0x05, 0xfc, 0x03, 0xfc, 0xc2, 0xfa, 0x41, 0xda, 0x41, 0xda,
    0xa0, 0xb9, 0x80, 0xb9, 0xa0, 0xb9, 0xa0, 0xb9, 0x21, 0xda, 0xc2, 0xfa,
    0x63, 0xfb, 0x04, 0xfc, 0x05, 0xfc, 0x05, 0xfc, 0xe5, 0xfb, 0x04, 0xfc,
    0xe5, 0xfb, 0x05, 0xfc, 0x05, 0xfc, 0x05, 0xfc, 0x05, 0xfc, 0x05, 0xfc,
    0x05, 0xfc, 0xe4, 0xfb, 0x05, 0xfc, 0x05, 0xfc, 0xe4, 0xfb, 0x05, 0xfc,
    0x05, 0xfc, 0x05, 0xfc, 0x05, 0xfc, 0x05, 0xfc, 0x04, 0xfc, 0x05, 0xfc,
    0x05, 0xfc, 0x05, 0xfc, 0x04, 0xfc, 0x05, 0xfc, 0xe5, 0xfb, 0x05, 0xfc,
    0x05, 0xfc, 0x05, 0xfc, 0xe5, 0xfb, 0x05, 0xfc, 0xe5, 0xfb, 0x05, 0xfc,
    0x05, 0xfc, 0xe4, 0xfb, 0x05, 0xfc, 0x05, 0xfc, 0xe4, 0xfb, 0xe5, 0xfb,
    0x05, 0xfc, 0x05, 0xfc, 0x05, 0xfc, 0x05, 0xfc, 0x05, 0xfc, 0x05, 0xfc,
    0x05, 0xfc, 0x05, 0xfc, 0xe5, 0xfb, 0x05, 0xfc, 0x05, 0xfc, 0xe5, 0xfb,
    0x05, 0xfc, 0xe5, 0xfb, 0x05, 0xfc, 0xe5, 0xfb, 0x05, 0xfc, 0x05, 0xfc,
    0x05, 0xfc, 0x05, 0xfc, 0x05, 0xfc, 0xe5, 0xfb, 0x05, 0xfc, 0x05, 0xfc,
    0x05, 0xfc, 0xe5, 0xfb, 0x05, 0xfc, 0x05, 0xfc, 0x05, 0xfc, 0x04, 0xfc,
    0xe5, 0xfb, 0x05, 0xfc, 0xe5, 0xfb, 0x05, 0xfc, 0xe5, 0xfb, 0x05, 0xfc,
    0x05, 0xfc, 0x05, 0xfc, 0xe5, 0xfb, 0x05, 0xfc, 0x05, 0xfc, 0xe5, 0xfb,
    0x05, 0xfc, 0x05, 0xfc, 0x05, 0xfc, 0xe5, 0xfb, 0x05, 0xfc, 0x05, 0xfc,
    0x04, 0xfc, 0xe5, 0xfb, 0x05, 0xfc, 0xe5, 0xfb, 0x05, 0xfc, 0x05, 0xfc,
    0x05, 0xfc, 0x05, 0xfc, 0x05, 0xfc, 0x05, 0xfc, 0x05, 0xfc, 0x05, 0xfc,
    0x05, 0xfc, 0x04, 0xfc, 0xc2, 0xfa, 0xa0, 0xb9, 0x00, 0x68, 0x00, 0x00,
    0x00, 0x00, 0x00, 0x00, 0x00, 0x00, 0x00, 0x00, 0x00, 0x00, 0x00, 0x00,
    0x00, 0x00, 0x00, 0x00, 0x00, 0x38, 0xe0, 0x90, 0x41, 0xda, 0xe3, 0xfb,
    0x05, 0xfc, 0x05, 0xfc, 0xe5, 0xfb, 0x05, 0xfc, 0x04, 0xfc, 0xe5, 0xfb,
    0x05, 0xfc, 0x05, 0xfc, 0xe5, 0xfb, 0x05, 0xfc, 0x05, 0xfc, 0xe5, 0xfb,
    0x05, 0xfc, 0x05, 0xfc, 0xe5, 0xfb, 0x05, 0xfc, 0xe5, 0xfb, 0x05, 0xfc,
    0xe5, 0xfb, 0x05, 0xfc, 0xe5, 0xfb, 0x05, 0xfc, 0x05, 0xfc, 0xe5, 0xfb,
    0x05, 0xfc, 0x04, 0xfc, 0x05, 0xfc, 0xe5, 0xfb, 0x04, 0xfc, 0x05, 0xfc,
    0x05, 0xfc, 0xe5, 0xfb, 0x05, 0xfc, 0x05, 0xfc, 0x05, 0xfc, 0x05, 0xfc,
    0x05, 0xfc, 0x05, 0xfc, 0x04, 0xfc, 0xe5, 0xfb, 0x05, 0xfc, 0x04, 0xfc,
    0x05, 0xfc, 0xe5, 0xfb, 0x04, 0xfc, 0x05, 0xfc, 0x05, 0xfc, 0x05, 0xfc,
    0x04, 0xfc, 0x05, 0xfc, 0xe5, 0xfb, 0x04, 0xfc, 0x05, 0xfc, 0x05, 0xfc,
    0xe5, 0xfb, 0x04, 0xfc, 0x05, 0xfc, 0xe5, 0xfb, 0x05, 0xfc, 0x05, 0xfc,
    0x05, 0xfc, 0x05, 0xfc, 0xe4, 0xfb, 0x05, 0xfc, 0x05, 0xfc, 0xe5, 0xfb,
    0x05, 0xfc, 0x05, 0xfc, 0x05, 0xfc, 0xe5, 0xfb, 0x04, 0xfc, 0x05, 0xfc,
    0x05, 0xfc, 0xe5, 0xfb, 0x04, 0xfc, 0x05, 0xfc, 0x05, 0xfc, 0xe5, 0xfb,
    0x04, 0xfc, 0x05, 0xfc, 0xe5, 0xfb, 0x05, 0xfc, 0x05, 0xfc, 0x05, 0xfc,
    0xe5, 0xfb, 0x05, 0xfc, 0x05, 0xfc, 0x05, 0xfc, 0xe4, 0xfb, 0x05, 0xfc,
    0x05, 0xfc, 0xe4, 0xfb, 0x05, 0xfc, 0xe5, 0xfb, 0x04, 0xfc, 0x05, 0xfc,
    0xe5, 0xfb, 0x05, 0xfc, 0xc2, 0xfa, 0xe0, 0x90, 0x00, 0x00, 0x00, 0x00,
    0x00, 0x00, 0x00, 0x00, 0x00, 0x00, 0x00, 0x00, 0x00, 0x00, 0x00, 0x00,
    0x00, 0x00, 0x00, 0x00, 0x00, 0x00, 0x00, 0x00, 0x00, 0x00, 0x00, 0x00,
    0x00, 0x00, 0x00, 0x68, 0x41, 0xda, 0x03, 0xfc, 0x05, 0xfc, 0x05, 0xfc,
    0xe5, 0xfb, 0x05, 0xfc, 0x05, 0xfc, 0xe4, 0xfb, 0x05, 0xfc, 0x05, 0xfc,
    0x05, 0xfc, 0x05, 0xfc, 0x05, 0xfc, 0x05, 0xfc, 0x04, 0xfc, 0xe5, 0xfb,
    0x05, 0xfc, 0x04, 0xfc, 0x05, 0xfc, 0xe5, 0xfb, 0x04, 0xfc, 0x05, 0xfc,
    0xe5, 0xfb, 0x05, 0xfc, 0x05, 0xfc, 0xe5, 0xfb, 0x05, 0xfc, 0x05, 0xfc,
    0x05, 0xfc, 0x05, 0xfc, 0x05, 0xfc, 0x04, 0xfc, 0xe5, 0xfb, 0x05, 0xfc,
    0x05, 0xfc, 0xe5, 0xfb, 0x05, 0xfc, 0x05, 0xfc, 0x05, 0xfc, 0xe5, 0xfb,
    0x05, 0xfc, 0x05, 0xfc, 0xe5, 0xfb, 0x05, 0xfc, 0x05, 0xfc, 0xe5, 0xfb,
    0x05, 0xfc, 0xe5, 0xfb, 0x05, 0xfc, 0x05, 0xfc, 0x05, 0xfc, 0x05, 0xfc,
    0x05, 0xfc, 0x05, 0xfc, 0xe5, 0xfb, 0x05, 0xfc, 0x05, 0xfc, 0x05, 0xfc,
    0x05, 0xfc, 0xe5, 0xfb, 0x05, 0xfc, 0x05, 0xfc, 0x05, 0xfc, 0x05, 0xfc,
    0x05, 0xfc, 0xe4, 0xfb, 0x05, 0xfc, 0x05, 0xfc, 0x05, 0xfc, 0x05, 0xfc,
    0x05, 0xfc, 0x05, 0xfc, 0x05, 0xfc, 0x05, 0xfc, 0xe5, 0xfb, 0x05, 0xfc,
    0x05, 0xfc, 0x05, 0xfc, 0x05, 0xfc, 0x05, 0xfc, 0xe5, 0xfb, 0x04, 0xfc,
    0x05, 0xfc, 0x05, 0xfc, 0x04, 0xfc, 0xe5, 0xfb, 0x05, 0xfc, 0x05, 0xfc,
    0x05, 0xfc, 0x05, 0xfc, 0x05, 0xfc, 0xe5, 0xfb, 0x05, 0xfc, 0x05, 0xfc,
    0xe5, 0xfb, 0x05, 0xfc, 0x04, 0xfc, 0xa0, 0xb9, 0x00, 0x00, 0x00, 0x00,
    0x00, 0x00, 0x00, 0x00, 0x00, 0x00, 0x00, 0x00, 0x00, 0x00, 0x00, 0x00,
    0x00, 0x00, 0x00, 0x00, 0x00, 0x00, 0x00, 0x00, 0x00, 0x00, 0x00, 0x00,
    0x00, 0x00, 0x00, 0x00, 0x00, 0x00, 0x00, 0x00, 0x00, 0x00, 0x00, 0x68,
    0xc2, 0xfa, 0x05, 0xfc, 0x05, 0xfc, 0x05, 0xfc, 0x05, 0xfc, 0x05, 0xfc,
    0x05, 0xfc, 0xe5, 0xfb, 0x04, 0xfc, 0x05, 0xfc, 0xe5, 0xfb, 0x05, 0xfc,
    0x05, 0xfc, 0x05, 0xfc, 0x05, 0xfc, 0x05, 0xfc, 0x05, 0xfc, 0x05, 0xfc,
    0x05, 0xfc, 0x05, 0xfc, 0x05, 0xfc, 0x04, 0xfc, 0x05, 0xfc, 0xe5, 0xfb,
    0x05, 0xfc, 0x05, 0xfc, 0xe5, 0xfb, 0xe5, 0xfb, 0x05, 0xfc, 0x05, 0xfc,
    0x05, 0xfc, 0xe5, 0xfb, 0x04, 0xfc, 0x05, 0xfc, 0xe5, 0xfb, 0x04, 0xfc,
    0x05, 0xfc, 0x05, 0xfc, 0x05, 0xfc, 0xe5, 0xfb, 0x05, 0xfc, 0x05, 0xfc,
    0x05, 0xfc, 0x05, 0xfc, 0xe4, 0xfb, 0x05, 0xfc, 0x05, 0xfc, 0xe5, 0xfb,
    0x05, 0xfc, 0xe5, 0xfb, 0x04, 0xfc, 0x05, 0xfc, 0x05, 0xfc, 0xe5, 0xfb,
    0x05, 0xfc, 0x05, 0xfc, 0x05, 0xfc, 0xe5, 0xfb, 0x04, 0xfc, 0x05, 0xfc,
    0xe5, 0xfb, 0x05, 0xfc, 0x05, 0xfc, 0x05, 0xfc, 0xe5, 0xfb, 0x05, 0xfc,
    0xe4, 0xfb, 0x05, 0xfc, 0xe5, 0xfb, 0xe5, 0xfb, 0x04, 0xfc, 0x05, 0xfc,
    0x05, 0xfc, 0xe5, 0xfb, 0x04, 0xfc, 0x05, 0xfc, 0xe5, 0xfb, 0x05, 0xfc,
    0x05, 0xfc, 0xe5, 0xfb, 0x05, 0xfc, 0x05, 0xfc, 0xe5, 0xfb, 0x05, 0xfc,
    0x05, 0xfc, 0xe5, 0xfb, 0x05, 0xfc, 0x05, 0xfc, 0xe5, 0xfb, 0x05, 0xfc,
    0x05, 0xfc, 0x05, 0xfc, 0x05, 0xfc, 0xe4, 0xfb, 0xe0, 0x90, 0x00, 0x00,
    0x00, 0x00, 0x00, 0x00, 0x00, 0x00, 0x00, 0x00, 0x00, 0x00, 0x00, 0x00,
    0x00, 0x00, 0x00, 0x00, 0x00, 0x00, 0x00, 0x00, 0x00, 0x00, 0x00, 0x00,
    0x00, 0x00, 0x00, 0x00, 0x00, 0x00, 0x00, 0x00, 0x00, 0x00, 0x00, 0x00,
    0x00, 0x00, 0x00, 0x00, 0x00, 0x00, 0xa0, 0xb9, 0xe4, 0xfb, 0x05, 0xfc,
    0xe5, 0xfb, 0x05, 0xfc, 0x05, 0xfc, 0xe5, 0xfb, 0x05, 0xfc, 0x05, 0xfc,
    0xe5, 0xfb, 0x04, 0xfc, 0x05, 0xfc, 0xe5, 0xfb, 0xe5, 0xfb, 0x05, 0xfc,
    0xe5, 0xfb, 0x05, 0xfc, 0xe5, 0xfb, 0x05, 0xfc, 0xe5, 0xfb, 0x05, 0xfc,
    0x05, 0xfc, 0x05, 0xfc, 0x04, 0xfc, 0x05, 0xfc, 0x05, 0xfc, 0x04, 0xfc,
    0xe5, 0xfb, 0x05, 0xfc, 0x05, 0xfc, 0x05, 0xfc, 0x05, 0xfc, 0x05, 0xfc,
    0xe5, 0xfb, 0x05, 0xfc, 0x05, 0xfc, 0xe5, 0xfb, 0x04, 0xfc, 0x05, 0xfc,
    0x05, 0xfc, 0xe4, 0xfb, 0x05, 0xfc, 0x05, 0xfc, 0x05, 0xfc, 0x05, 0xfc,
    0x05, 0xfc, 0x04, 0xfc, 0xe5, 0xfb, 0x05, 0xfc, 0x05, 0xfc, 0xe5, 0xfb,
    0x04, 0xfc, 0x05, 0xfc, 0xe5, 0xfb, 0x05, 0xfc, 0x05, 0xfc, 0x05, 0xfc,
    0x05, 0xfc, 0xe5, 0xfb, 0x05, 0xfc, 0x04, 0xfc, 0xe5, 0xfb, 0x05, 0xfc,
    0x05, 0xfc, 0x05, 0xfc, 0x05, 0xfc, 0x05, 0xfc, 0x05, 0xfc, 0x05, 0xfc,
    0xe5, 0xfb, 0x05, 0xfc, 0x05, 0xfc, 0x05, 0xfc, 0xe5, 0xfb, 0x05, 0xfc,
    0x05, 0xfc, 0x04, 0xfc, 0x05, 0xfc, 0xe5, 0xfb, 0x05, 0xfc, 0x05, 0xfc,
    0x05, 0xfc, 0x04, 0xfc, 0x05, 0xfc, 0xe5, 0xfb, 0x04, 0xfc, 0x05, 0xfc,
    0x05, 0xfc, 0x04, 0xfc, 0xe5, 0xfb, 0x05, 0xfc, 0x04, 0xfc, 0xe0, 0x90,
    0x00, 0x00, 0x00, 0x00, 0x00, 0x00, 0x00, 0x00, 0x00, 0x00, 0x00, 0x00,
    0x00, 0x00, 0x00, 0x00, 0x00, 0x00, 0x00, 0x00, 0x00, 0x00, 0x00, 0x00,
    0x00, 0x00, 0x00, 0x00, 0x00, 0x00, 0x00, 0x00, 0x00, 0x00, 0x00, 0x00,
    0x00, 0x00, 0x00, 0x00, 0x00, 0x00, 0x00, 0x00, 0x00, 0x00, 0x00, 0x00,
    0xa0, 0xb9, 0x04, 0xfc, 0xe4, 0xfb, 0x05, 0xfc, 0x05, 0xfc, 0x04, 0xfc,
    0x05, 0xfc, 0x05, 0xfc, 0x05, 0xfc, 0xe5, 0xfb, 0x05, 0xfc, 0x05, 0xfc,
    0x04, 0xfc, 0x05, 0xfc, 0x05, 0xfc, 0x04, 0xfc, 0x05, 0xfc, 0xe5, 0xfb,
    0x04, 0xfc, 0x05, 0xfc, 0xe5, 0xfb, 0x05, 0xfc, 0xe5, 0xfb, 0x05, 0xfc,
    0x05, 0xfc, 0x05, 0xfc, 0x05, 0xfc, 0xe5, 0xfb, 0x04, 0xfc, 0x05, 0xfc,
    0xe5, 0xfb, 0x05, 0xfc, 0x05, 0xfc, 0x05, 0xfc, 0xe5, 0xfb, 0x05, 0xfc,
    0x05, 0xfc, 0x05, 0xfc, 0xe5, 0xfb, 0x05, 0xfc, 0x05, 0xfc, 0xe5, 0xfb,
    0x05, 0xfc, 0xe5, 0xfb, 0x05, 0xfc, 0x05, 0xfc, 0x05, 0xfc, 0x05, 0xfc,
    0x05, 0xfc, 0xe5, 0xfb, 0x05, 0xfc, 0x05, 0xfc, 0x05, 0xfc, 0x05, 0xfc,
    0x05, 0xfc, 0x05, 0xfc, 0xe5, 0xfb, 0x05, 0xfc, 0x05, 0xfc, 0x05, 0xfc,
    0xe5, 0xfb, 0x05, 0xfc, 0x04, 0xfc, 0xe5, 0xfb, 0x05, 0xfc, 0x05, 0xfc,
    0x04, 0xfc, 0x05, 0xfc, 0x05, 0xfc, 0xe5, 0xfb, 0x04, 0xfc, 0x05, 0xfc,
    0x05, 0xfc, 0xe5, 0xfb, 0x05, 0xfc, 0x05, 0xfc, 0xe5, 0xfb, 0x04, 0xfc,
    0x05, 0xfc, 0xe5, 0xfb, 0x05, 0xfc, 0x05, 0xfc, 0xe5, 0xfb, 0x05, 0xfc,
    0x05, 0xfc, 0xe5, 0xfb, 0x05, 0xfc, 0x05, 0xfc, 0xe5, 0xfb, 0x04, 0xfc,
    0x41, 0xba, 0x00, 0x00, 0x00, 0x00, 0x00, 0x00, 0x00, 0x00, 0x00, 0x00,
    0x00, 0x00, 0x00, 0x00, 0x00, 0x00, 0x00, 0x00, 0x00, 0x00, 0x00, 0x00,
    0x00, 0x00, 0x00, 0x00, 0x00, 0x00, 0x00, 0x00, 0x00, 0x00, 0x00, 0x00,
    0x00, 0x00, 0x00, 0x00, 0x00, 0x00, 0x00, 0x00, 0x00, 0x00, 0x00, 0x00,
    0x00, 0x00, 0x00, 0x00, 0x00, 0x00, 0xa1, 0xb9, 0x05, 0xfc, 0xe5, 0xfb,
    0x05, 0xfc, 0x05, 0xfc, 0xe5, 0xfb, 0x05, 0xfc, 0x05, 0xfc, 0x05, 0xfc,
    0x05, 0xfc, 0x05, 0xfc, 0xe5, 0xfb, 0x05, 0xfc, 0x05, 0xfc, 0xe5, 0xfb,
    0x05, 0xfc, 0x05, 0xfc, 0x05, 0xfc, 0x05, 0xfc, 0x05, 0xfc, 0xe5, 0xfb,
    0x05, 0xfc, 0x04, 0xfc, 0xe5, 0xfb, 0x05, 0xfc, 0x05, 0xfc, 0x05, 0xfc,
    0xe5, 0xfb, 0x05, 0xfc, 0x04, 0xfc, 0xe5, 0xfb, 0x05, 0xfc, 0x04, 0xfc,
    0x05, 0xfc, 0xe5, 0xfb, 0x05, 0xfc, 0x04, 0xfc, 0x05, 0xfc, 0x05, 0xfc,
    0x05, 0xfc, 0x04, 0xfc, 0xe5, 0xfb, 0x05, 0xfc, 0x04, 0xfc, 0xe5, 0xfb,
    0x05, 0xfc, 0x04, 0xfc, 0xe5, 0xfb, 0x05, 0xfc, 0x05, 0xfc, 0x04, 0xfc,
    0xe5, 0xfb, 0x05, 0xfc, 0x05, 0xfc, 0xe5, 0xfb, 0x04, 0xfc, 0x05, 0xfc,
    0x05, 0xfc, 0xe5, 0xfb, 0x05, 0xfc, 0x05, 0xfc, 0x05, 0xfc, 0xe5, 0xfb,
    0x05, 0xfc, 0xe5, 0xfb, 0xe5, 0xfb, 0x05, 0xfc, 0x05, 0xfc, 0x05, 0xfc,
    0xe5, 0xfb, 0x05, 0xfc, 0x05, 0xfc, 0x04, 0xfc, 0xe5, 0xfb, 0x05, 0xfc,
    0x05, 0xfc, 0x05, 0xfc, 0x05, 0xfc, 0xe5, 0xfb, 0x04, 0xfc, 0x05, 0xfc,
    0x05, 0xfc, 0x05, 0xfc, 0x05, 0xfc, 0xe4, 0xfb, 0x05, 0xfc, 0x05, 0xfc,
    0x05, 0xfc, 0x63, 0xfb, 0x00, 0x00, 0x00, 0x00, 0x00, 0x00, 0x00, 0x00,
    0x00, 0x00, 0x00, 0x00, 0x00, 0x00, 0x00, 0x00, 0x00, 0x00, 0x00, 0x00,
    0x00, 0x00, 0x00, 0x00, 0x00, 0x00, 0x00, 0x00, 0x00, 0x00, 0x00, 0x00,
    0x00, 0x00, 0x00, 0x00, 0x00, 0x00, 0x00, 0x00, 0x00, 0x00, 0x00, 0x00,
    0x00, 0x00, 0x00, 0x00, 0x00, 0x00, 0x00, 0x00, 0x00, 0x00, 0x00, 0x00,
    0xc2, 0xda, 0x05, 0xfc, 0x05, 0xfc, 0xe5, 0xfb, 0x05, 0xfc, 0xe4, 0xfb,
    0x05, 0xfc, 0xe5, 0xfb, 0x04, 0xfc, 0x05, 0xfc, 0xe5, 0xfb, 0x05, 0xfc,
    0x05, 0xfc, 0xe5, 0xfb, 0x05, 0xfc, 0x05, 0xfc, 0xe5, 0xfb, 0x05, 0xfc,
    0x04, 0xfc, 0x05, 0xfc, 0x05, 0xfc, 0x05, 0xfc, 0xe5, 0xfb, 0x05, 0xfc,
    0x04, 0xfc, 0xe5, 0xfb, 0x05, 0xfc, 0x05, 0xfc, 0x05, 0xfc, 0x05, 0xfc,
    0xe5, 0xfb, 0x05, 0xfc, 0x05, 0xfc, 0x05, 0xfc, 0xe5, 0xfb, 0x05, 0xfc,
    0xe5, 0xfb, 0x05, 0xfc, 0x05, 0xfc, 0xe5, 0xfb, 0x05, 0xfc, 0x05, 0xfc,
    0x05, 0xfc, 0xe5, 0xfb, 0x05, 0xfc, 0x05, 0xfc, 0x05, 0xfc, 0x05, 0xfc,
    0x05, 0xfc, 0xe5, 0xfb, 0x05, 0xfc, 0x05, 0xfc, 0x05, 0xfc, 0x05, 0xfc,
    0x05, 0xfc, 0xe5, 0xfb, 0x05, 0xfc, 0x04, 0xfc, 0x05, 0xfc, 0x05, 0xfc,
    0xe5, 0xfb, 0x04, 0xfc, 0x05, 0xfc, 0x05, 0xfc, 0x05, 0xfc, 0xe5, 0xfb,
    0x04, 0xfc, 0x05, 0xfc, 0x05, 0xfc, 0xe5, 0xfb, 0x05, 0xfc, 0x05, 0xfc,
    0x05, 0xfc, 0xe5, 0xfb, 0x05, 0xfc, 0x05, 0xfc, 0x05, 0xfc, 0x05, 0xfc,
    0xe5, 0xfb, 0x05, 0xfc, 0x05, 0xfc, 0xe4, 0xfb, 0x05, 0xfc, 0x05, 0xfc,
    0x05, 0xfc, 0x05, 0xfc, 0xe5, 0xfb, 0xe0, 0x68, 0x00, 0x00, 0x00, 0x00,
    0x00, 0x00, 0x00, 0x00, 0x00, 0x00, 0x00, 0x00, 0x00, 0x00, 0x00, 0x00,
    0x00, 0x00, 0x02, 0x00, 0xa3, 0x01, 0x44, 0x3a, 0xc5, 0x6a, 0xc5, 0x6a,
    0x44, 0x3a, 0xa3, 0x01, 0xe3, 0x00, 0x01, 0x00, 0x00, 0x00, 0x00, 0x00,
    0x00, 0x00, 0x00, 0x00, 0x00, 0x00, 0x00, 0x00, 0x00, 0x00, 0x00, 0x00,
    0x00, 0x00, 0x00, 0x00, 0x00, 0x38, 0x04, 0xfc, 0x05, 0xfc, 0x05, 0xfc,
    0x05, 0xfc, 0x05, 0xfc, 0x05, 0xfc, 0xe5, 0xfb, 0x05, 0xfc, 0x05, 0xfc,
    0x05, 0xfc, 0x04, 0xfc, 0x05, 0xfc, 0x05, 0xfc, 0x04, 0xfc, 0x05, 0xfc,
    0xe5, 0xfb, 0x05, 0xfc, 0x05, 0xfc, 0xe5, 0xfb, 0x05, 0xfc, 0x05, 0xfc,
    0x05, 0xfc, 0xe5, 0xfb, 0x05, 0xfc, 0x05, 0xfc, 0x05, 0xfc, 0xe5, 0xfb,
    0x05, 0xfc, 0x05, 0xfc, 0x05, 0xfc, 0xe5, 0xfb, 0x04, 0xfc, 0x05, 0xfc,
    0x05, 0xfc, 0x05, 0xfc, 0xe4, 0xfb, 0x05, 0xfc, 0x05, 0xfc, 0x05, 0xfc,
    0x05, 0xfc, 0x05, 0xfc, 0xe5, 0xfb, 0x05, 0xfc, 0x05, 0xfc, 0xe5, 0xfb,
    0x05, 0xfc, 0x04, 0xfc, 0xe5, 0xfb, 0x05, 0xfc, 0x05, 0xfc, 0x05, 0xfc,
    0x05, 0xfc, 0x05, 0xfc, 0xe5, 0xfb, 0x05, 0xfc, 0x05, 0xfc, 0xe5, 0xfb,
    0x05, 0xfc, 0x05, 0xfc, 0x05, 0xfc, 0x05, 0xfc, 0x05, 0xfc, 0x04, 0xfc,
    0x05, 0xfc, 0x05, 0xfc, 0xe5, 0xfb, 0x05, 0xfc, 0x05, 0xfc, 0x04, 0xfc,
    0xe5, 0xfb, 0x05, 0xfc, 0x05, 0xfc, 0x04, 0xfc, 0xe5, 0xfb, 0x05, 0xfc,
    0x04, 0xfc, 0xe5, 0xfb, 0x05, 0xfc, 0x05, 0xfc, 0xe5, 0xfb, 0x05, 0xfc,
    0x05, 0xfc, 0xe5, 0xfb, 0x05, 0xfc, 0x05, 0xfc, 0x64, 0xfb, 0x00, 0x00,
    0x00, 0x00, 0x00, 0x00, 0x00, 0x00, 0x00, 0x00, 0x00, 0x00, 0x00, 0x00,
    0x00, 0x00, 0x00, 0x00, 0xa3, 0x01, 0xe5, 0xbb, 0x05, 0xfc, 0x05, 0xfc,
    0x05, 0xfc, 0x05, 0xfc, 0x05, 0xfc, 0x05, 0xfc, 0xe5, 0xdb, 0x65, 0x93,
    0x44, 0x3a, 0x01, 0x00, 0x00, 0x00, 0x00, 0x00, 0x00, 0x00, 0x00, 0x00,
    0x00, 0x00, 0x00, 0x00, 0x00, 0x00, 0x00, 0x00, 0x00, 0x00, 0xa1, 0xb9,
    0xe5, 0xfb, 0x05, 0xfc, 0x04, 0xfc, 0x05, 0xfc, 0x05, 0xfc, 0x05, 0xfc,
    0xe5, 0xfb, 0x05, 0xfc, 0x05, 0xfc, 0xe5, 0xfb, 0xe5, 0xfb, 0x05, 0xfc,
    0x05, 0xfc, 0xe5, 0xfb, 0x04, 0xfc, 0x05, 0xfc, 0xe5, 0xfb, 0x05, 0xfc,
    0x04, 0xfc, 0xe5, 0xfb, 0x05, 0xfc, 0x04, 0xfc, 0x05, 0xfc, 0x05, 0xfc,
    0xe4, 0xfb, 0x05, 0xfc, 0x05, 0xfc, 0xe4, 0xfb, 0x05, 0xfc, 0x05, 0xfc,
    0xe5, 0xfb, 0x05, 0xfc, 0x05, 0xfc, 0x05, 0xfc, 0x05, 0xfc, 0xe5, 0xfb,
    0x04, 0xfc, 0xe5, 0xfb, 0x05, 0xfc, 0x04, 0xfc, 0x05, 0xfc, 0x05, 0xfc,
    0x04, 0xfc, 0xe5, 0xfb, 0x05, 0xfc, 0x05, 0xfc, 0xe5, 0xfb, 0x05, 0xfc,
    0x04, 0xfc, 0xe5, 0xfb, 0x05, 0xfc, 0xe5, 0xfb, 0x04, 0xfc, 0x05, 0xfc,
    0x05, 0xfc, 0xe5, 0xfb, 0x04, 0xfc, 0x05, 0xfc, 0xe5, 0xfb, 0x05, 0xfc,
    0xe5, 0xfb, 0xe5, 0xfb, 0x05, 0xfc, 0x05, 0xfc, 0x05, 0xfc, 0xe5, 0xfb,
    0x05, 0xfc, 0x05, 0xfc, 0x05, 0xfc, 0xe5, 0xfb, 0x05, 0xfc, 0x05, 0xfc,
    0x05, 0xfc, 0xe5, 0xfb, 0x05, 0xfc, 0x05, 0xfc, 0x05, 0xfc, 0x04, 0xfc,
    0x05, 0xfc, 0x05, 0xfc, 0x05, 0xfc, 0xe5, 0xfb, 0x04, 0xfc, 0x05, 0xfc,
    0x42, 0xba, 0x00, 0x00, 0x00, 0x00, 0x00, 0x00, 0x00, 0x00, 0x00, 0x00,
    0x00, 0x00, 0x00, 0x00, 0x00, 0x00, 0x44, 0x3a, 0x05, 0xfc, 0x05, 0xfc,
    0xe5, 0xfb, 0x05, 0xfc, 0x05, 0xfc, 0xe5, 0xfb, 0x05, 0xfc, 0x05, 0xfc,
    0x05, 0xfc, 0x05, 0xfc, 0x05, 0xfc, 0x65, 0x93, 0xe3, 0x00, 0x00, 0x00,
    0x00, 0x00, 0x00, 0x00, 0x00, 0x00, 0x00, 0x00, 0x00, 0x00, 0x00, 0x00,
    0x00, 0x00, 0x00, 0x38, 0x05, 0xfc, 0xe5, 0xfb, 0xe5, 0xfb, 0x05, 0xfc,
    0x04, 0xfc, 0xe5, 0xfb, 0x05, 0xfc, 0x04, 0xfc, 0x05, 0xfc, 0x05, 0xfc,
    0x05, 0xfc, 0x04, 0xfc, 0xe5, 0xfb, 0x05, 0xfc, 0x05, 0xfc, 0x05, 0xfc,
    0x05, 0xfc, 0x05, 0xfc, 0x05, 0xfc, 0xe5, 0xfb, 0x05, 0xfc, 0x05, 0xfc,
    0xe5, 0xfb, 0x05, 0xfc, 0x05, 0xfc, 0x05, 0xfc, 0x05, 0xfc, 0x05, 0xfc,
    0x05, 0xfc, 0x05, 0xfc, 0x05, 0xfc, 0xe4, 0xfb, 0x05, 0xfc, 0x05, 0xfc,
    0xe5, 0xfb, 0x05, 0xfc, 0x05, 0xfc, 0x05, 0xfc, 0xe5, 0xfb, 0x05, 0xfc,
    0xe5, 0xfb, 0x05, 0xfc, 0x05, 0xfc, 0x05, 0xfc, 0x05, 0xfc, 0x05, 0xfc,
    0x05, 0xfc, 0x05, 0xfc, 0x05, 0xfc, 0x05, 0xfc, 0x05, 0xfc, 0x05, 0xfc,
    0x05, 0xfc, 0x05, 0xfc, 0x05, 0xfc, 0x05, 0xfc, 0x05, 0xfc, 0xe5, 0xfb,
    0x04, 0xfc, 0x05, 0xfc, 0x05, 0xfc, 0x05, 0xfc, 0x05, 0xfc, 0xe4, 0xfb,
    0x05, 0xfc, 0x05, 0xfc, 0xe4, 0xfb, 0x05, 0xfc, 0x05, 0xfc, 0x04, 0xfc,
    0xe5, 0xfb, 0x05, 0xfc, 0x05, 0xfc, 0x05, 0xfc, 0xe5, 0xfb, 0x05, 0xfc,
    0x05, 0xfc, 0xe5, 0xfb, 0x05, 0xfc, 0x05, 0xfc, 0xe5, 0xfb, 0x05, 0xfc,
    0x05, 0xfc, 0xe5, 0xfb, 0xe1, 0x68, 0x00, 0x00, 0x00, 0x00, 0x00, 0x00,
    0x00, 0x00, 0x00, 0x00, 0x00, 0x00, 0x00, 0x00, 0xe2, 0x38, 0xe5, 0xfb,
    0x05, 0xfc, 0x05, 0xfc, 0xe5, 0xfb, 0x05, 0xfc, 0x05, 0xfc, 0xe5, 0xfb,
    0x05, 0xfc, 0x05, 0xfc, 0xe5, 0xfb, 0x05, 0xfc, 0x05, 0xfc, 0x05, 0xfc,
    0x05, 0xdc, 0xe3, 0x00, 0x00, 0x00, 0x00, 0x00, 0x00, 0x00, 0x00, 0x00,
    0x00, 0x00, 0x00, 0x00, 0x00, 0x00, 0x00, 0x00, 0x63, 0xdb, 0x05, 0xfc,
    0x05, 0xfc, 0x05, 0xfc, 0xe5, 0xfb, 0x05, 0xfc, 0x05, 0xfc, 0xe5, 0xfb,
    0x05, 0xfc, 0x05, 0xfc, 0xe5, 0xfb, 0x05, 0xfc, 0x05, 0xfc, 0x05, 0xfc,
    0xe5, 0xfb, 0x05, 0xfc, 0x04, 0xfc, 0xe5, 0xfb, 0x05, 0xfc, 0x05, 0xfc,
    0x05, 0xfc, 0xe5, 0xfb, 0x05, 0xfc, 0x05, 0xfc, 0xe5, 0xfb, 0x05, 0xfc,
    0xe5, 0xfb, 0x05, 0xfc, 0xe4, 0xfb, 0x05, 0xfc, 0x05, 0xfc, 0xe5, 0xfb,
    0x05, 0xfc, 0x05, 0xfc, 0x04, 0xfc, 0x05, 0xfc, 0x05, 0xfc, 0x05, 0xfc,
    0x05, 0xfc, 0x05, 0xfc, 0xe4, 0xfb, 0x05, 0xfc, 0x05, 0xfc, 0xe5, 0xfb,
    0xe4, 0xfb, 0x05, 0xfc, 0xe5, 0xfb, 0x05, 0xfc, 0xe5, 0xfb, 0x05, 0xfc,
    0x05, 0xfc, 0xe5, 0xfb, 0xe5, 0xfb, 0x05, 0xfc, 0xe4, 0xfb, 0x05, 0xfc,
    0x05, 0xfc, 0x05, 0xfc, 0x05, 0xfc, 0xe5, 0xfb, 0x05, 0xfc, 0x05, 0xfc,
    0x05, 0xfc, 0x05, 0xfc, 0x05, 0xfc, 0x05, 0xfc, 0x05, 0xfc, 0xe5, 0xfb,
    0x05, 0xfc, 0x05, 0xfc, 0x05, 0xfc, 0xe5, 0xfb, 0x04, 0xfc, 0x05, 0xfc,
    0x05, 0xfc, 0xe4, 0xfb, 0x05, 0xfc, 0x05, 0xfc, 0xe5, 0xfb, 0x04, 0xfc,
    0x05, 0xfc, 0x05, 0xfc, 0x05, 0xfc, 0x05, 0xfc, 0x00, 0x38, 0x00, 0x00,
    0x00, 0x00, 0x00, 0x00, 0x00, 0x00, 0x00, 0x00, 0x00, 0x00, 0x00, 0x00,
    0x64, 0xbb, 0x05, 0xfc, 0x05, 0xfc, 0x05, 0xfc, 0x05, 0xfc, 0x04, 0xfc,
    0x05, 0xfc, 0x05, 0xfc, 0x04, 0xfc, 0xe5, 0xfb, 0x05, 0xfc, 0x04, 0xfc,
    0xe5, 0xfb, 0x05, 0xfc, 0x05, 0xfc, 0xe5, 0xdb, 0x01, 0x00, 0x00, 0x00,
    0x00, 0x00, 0x00, 0x00, 0x00, 0x00, 0x00, 0x00, 0x00, 0x00, 0x00, 0x00,
    0xa2, 0x91, 0x05, 0xfc, 0x05, 0xfc, 0x05, 0xfc, 0x05, 0xfc, 0x05, 0xfc,
    0x05, 0xfc, 0xe5, 0xfb, 0x04, 0xfc, 0x05, 0xfc, 0xe5, 0xfb, 0x05, 0xfc,
    0x05, 0xfc, 0x04, 0xfc, 0xe5, 0xfb, 0x05, 0xfc, 0x05, 0xfc, 0xe5, 0xfb,
    0x05, 0xfc, 0x04, 0xfc, 0x05, 0xfc, 0x05, 0xfc, 0x04, 0xfc, 0x05, 0xfc,
    0x05, 0xfc, 0xe4, 0xfb, 0x05, 0xfc, 0x05, 0xfc, 0x05, 0xfc, 0xe5, 0xfb,
    0x05, 0xfc, 0x05, 0xfc, 0x05, 0xfc, 0xe5, 0xfb, 0x05, 0xfc, 0xe5, 0xfb,
    0xe5, 0xfb, 0x04, 0xfc, 0x05, 0xfc, 0x05, 0xfc, 0x05, 0xfc, 0x05, 0xfc,
    0x05, 0xfc, 0x05, 0xfc, 0x05, 0xfc, 0x05, 0xfc, 0x04, 0xfc, 0xe5, 0xfb,
    0x05, 0xfc, 0x05, 0xfc, 0x05, 0xfc, 0x05, 0xfc, 0x05, 0xfc, 0x05, 0xfc,
    0xe5, 0xfb, 0x05, 0xfc, 0x05, 0xfc, 0xe5, 0xfb, 0x05, 0xfc, 0x04, 0xfc,
    0xe5, 0xfb, 0x05, 0xfc, 0xe4, 0xfb, 0x05, 0xfc, 0xe5, 0xfb, 0x05, 0xfc,
    0x05, 0xfc, 0x05, 0xfc, 0xe5, 0xfb, 0x05, 0xfc, 0x05, 0xfc, 0x05, 0xfc,
    0xe5, 0xfb, 0x05, 0xfc, 0x05, 0xfc, 0x05, 0xfc, 0x05, 0xfc, 0x05, 0xfc,
    0xe5, 0xfb, 0x05, 0xfc, 0x05, 0xfc, 0xe4, 0xfb, 0x05, 0xfc, 0x05, 0xfc,
    0x00, 0x00, 0x00, 0x00, 0x00, 0x00, 0x00, 0x00, 0x00, 0x00, 0x00, 0x00,
    0x00, 0x00, 0x00, 0x00, 0x05, 0xfc, 0x05, 0xfc, 0xe5, 0xfb, 0x05, 0xfc,
    0xe5, 0xfb, 0x05, 0xfc, 0xe5, 0xfb, 0x05, 0xfc, 0x05, 0xfc, 0x05, 0xfc,
    0x05, 0xfc, 0x05, 0xfc, 0xe5, 0xfb, 0x05, 0xfc, 0x05, 0xfc, 0x05, 0xfc,
    0x43, 0x6a, 0x00, 0x00, 0x00, 0x00, 0x00, 0x00, 0x00, 0x00, 0x00, 0x00,
    0x00, 0x00, 0x00, 0x00, 0xe1, 0x38, 0xe5, 0xfb, 0x05, 0xfc, 0xe4, 0xfb,
    0x05, 0xfc, 0x05, 0xfc, 0xe4, 0xfb, 0x05, 0xfc, 0x05, 0xfc, 0x05, 0xfc,
    0x05, 0xfc, 0xe4, 0xfb, 0x05, 0xfc, 0x05, 0xfc, 0x05, 0xfc, 0x05, 0xfc,
    0x05, 0xfc, 0x05, 0xfc, 0xe5, 0xfb, 0x05, 0xfc, 0xe5, 0xfb, 0x05, 0xfc,
    0xe5, 0xfb, 0x05, 0xfc, 0x05, 0xfc, 0x05, 0xfc, 0x05, 0xfc, 0x05, 0xfc,
    0x05, 0xfc, 0x05, 0xfc, 0xe4, 0xfb, 0x05, 0xfc, 0x05, 0xfc, 0x04, 0xfc,
    0x05, 0xfc, 0x05, 0xfc, 0x05, 0xfc, 0xe5, 0xfb, 0xe5, 0xfb, 0x05, 0xfc,
    0xe5, 0xfb, 0xe5, 0xfb, 0x04, 0xfc, 0x05, 0xfc, 0xe5, 0xfb, 0x05, 0xfc,
    0x05, 0xfc, 0x05, 0xfc, 0x05, 0xfc, 0x05, 0xfc, 0x05, 0xfc, 0x05, 0xfc,
    0x04, 0xfc, 0x05, 0xfc, 0x05, 0xfc, 0x05, 0xfc, 0xe4, 0xfb, 0x05, 0xfc,
    0x05, 0xfc, 0x05, 0xfc, 0x05, 0xfc, 0x05, 0xfc, 0x05, 0xfc, 0xe5, 0xfb,
    0x05, 0xfc, 0x04, 0xfc, 0xe5, 0xfb, 0x05, 0xfc, 0x04, 0xfc, 0xe5, 0xfb,
    0x05, 0xfc, 0x04, 0xfc, 0x05, 0xfc, 0xe5, 0xfb, 0x05, 0xfc, 0xe5, 0xfb,
    0x04, 0xfc, 0x05, 0xfc, 0x05, 0xfc, 0x05, 0xfc, 0xe5, 0xfb, 0x05, 0xfc,
    0x05, 0xfc, 0xe5, 0xfb, 0x00, 0x00, 0x00, 0x00, 0x00, 0x00, 0x00, 0x00,
    0x00, 0x00, 0x00, 0x00, 0x00, 0x00, 0x00, 0x00, 0x05, 0xfc, 0xe5, 0xfb,
    0x04, 0xfc, 0x05, 0xfc, 0x05, 0xfc, 0xe5, 0xfb, 0x05, 0xfc, 0x05, 0xfc,
    0xe5, 0xfb, 0x05, 0xfc, 0x05, 0xfc, 0xe5, 0xfb, 0x05, 0xfc, 0x04, 0xfc,
    0xe5, 0xfb, 0x05, 0xfc, 0x65, 0xdb, 0x00, 0x00, 0x00, 0x00, 0x00, 0x00,
    0x00, 0x00, 0x00, 0x00, 0x00, 0x00, 0x00, 0x00, 0x00, 0x38, 0x05, 0xfc,
    0x05, 0xfc, 0xe5, 0xfb, 0x05, 0xfc, 0x05, 0xfc, 0x05, 0xfc, 0x05, 0xfc,
    0xe5, 0xfb, 0x05, 0xfc, 0x05, 0xfc, 0x05, 0xfc, 0xe5, 0xfb, 0x05, 0xfc,
    0x05, 0xfc, 0xe5, 0xfb, 0x04, 0xfc, 0x05, 0xfc, 0x05, 0xfc, 0x05, 0xfc,
    0x05, 0xfc, 0xe5, 0xfb, 0x05, 0xfc, 0x05, 0xfc, 0xe4, 0xfb, 0x05, 0xfc,
    0xe5, 0xfb, 0xe4, 0xfb, 0x05, 0xfc, 0x05, 0xfc, 0x05, 0xfc, 0xe5, 0xfb,
    0x05, 0xfc, 0x05, 0xfc, 0xe5, 0xfb, 0x05, 0xfc, 0x05, 0xfc, 0x05, 0xfc,
    0x04, 0xfc, 0x05, 0xfc, 0x05, 0xfc, 0x05, 0xfc, 0x05, 0xfc, 0xe5, 0xfb,
    0x05, 0xfc, 0x05, 0xfc, 0xe5, 0xfb, 0x04, 0xfc, 0x05, 0xfc, 0xe5, 0xfb,
    0xe5, 0xfb, 0x05, 0xfc, 0xe5, 0xfb, 0xe5, 0xfb, 0x05, 0xfc, 0x05, 0xfc,
    0x05, 0xfc, 0xe5, 0xfb, 0x05, 0xfc, 0xe5, 0xfb, 0x05, 0xfc, 0x05, 0xfc,
    0x05, 0xfc, 0x05, 0xfc, 0x05, 0xfc, 0x05, 0xfc, 0xe5, 0xfb, 0x05, 0xfc,
    0x05, 0xfc, 0x05, 0xfc, 0xe5, 0xfb, 0x05, 0xfc, 0x05, 0xfc, 0x05, 0xfc,
    0x04, 0xfc, 0x05, 0xfc, 0xe5, 0xfb, 0x05, 0xfc, 0x05, 0xfc, 0xe4, 0xfb,
    0x05, 0xfc, 0x05, 0xfc, 0x05, 0xfc, 0x05, 0xfc, 0x00, 0x00, 0x00, 0x00,
    0x00, 0x00, 0x00, 0x00, 0x00, 0x00, 0x00, 0x00, 0x00, 0x00, 0x00, 0x00,
    0x04, 0xfc, 0x05, 0xfc, 0x05, 0xfc, 0x05, 0xfc, 0x04, 0xfc, 0x05, 0xfc,
    0x05, 0xfc, 0x04, 0xfc, 0xe5, 0xfb, 0x05, 0xfc, 0x04, 0xfc, 0xe5, 0xfb,
    0x05, 0xfc, 0x05, 0xfc, 0x05, 0xfc, 0xe5, 0xfb, 0x05, 0xfc, 0x00, 0x00,
    0x00, 0x00, 0x00, 0x00, 0x00, 0x00, 0x00, 0x00, 0x00, 0x00, 0x00, 0x00,
    0x00, 0x00, 0x05, 0xfc, 0x05, 0xfc, 0x05, 0xfc, 0xe5, 0xfb, 0x05, 0xfc,
    0x05, 0xfc, 0xe5, 0xfb, 0x04, 0xfc, 0x05, 0xfc, 0xe5, 0xfb, 0x05, 0xfc,
    0x05, 0xfc, 0xe5, 0xfb, 0x05, 0xfc, 0x05, 0xfc, 0xe5, 0xfb, 0x05, 0xfc,
    0xe4, 0xfb, 0x05, 0xfc, 0x05, 0xfc, 0x04, 0xfc, 0x05, 0xfc, 0x05, 0xfc,
    0x05, 0xfc, 0x05, 0xfc, 0x05, 0xfc, 0x05, 0xfc, 0xe5, 0xfb, 0x05, 0xfc,
    0x05, 0xfc, 0x05, 0xfc, 0xe5, 0xfb, 0x05, 0xfc, 0x05, 0xfc, 0xe4, 0xfb,
    0x05, 0xfc, 0x05, 0xfc, 0x05, 0xfc, 0xe5, 0xfb, 0x05, 0xfc, 0x04, 0xfc,
    0x05, 0xfc, 0x05, 0xfc, 0x04, 0xfc, 0x05, 0xfc, 0xe5, 0xfb, 0x05, 0xfc,
    0x05, 0xfc, 0x05, 0xfc, 0x05, 0xfc, 0x05, 0xfc, 0x05, 0xfc, 0x05, 0xfc,
    0xe4, 0xfb, 0x05, 0xfc, 0x05, 0xfc, 0x05, 0xfc, 0x04, 0xfc, 0x05, 0xfc,
    0xe5, 0xfb, 0xe4, 0xfb, 0x05, 0xfc, 0x05, 0xfc, 0xe4, 0xfb, 0x05, 0xfc,
    0x05, 0xfc, 0x05, 0xfc, 0x05, 0xfc, 0x05, 0xfc, 0x05, 0xfc, 0xe5, 0xfb,
    0x05, 0xfc, 0x05, 0xfc, 0xe5, 0xfb, 0x05, 0xfc, 0x05, 0xfc, 0xe5, 0xfb,
    0x05, 0xfc, 0x05, 0xfc, 0x05, 0xfc, 0xe5, 0xfb, 0x04, 0xfc, 0x05, 0xfc,
    0xe1, 0x00, 0x00, 0x00, 0x00, 0x00, 0x00, 0x00, 0x00, 0x00, 0x00, 0x00,
    0x00, 0x00, 0x00, 0x00, 0xc3, 0xda, 0x05, 0xfc, 0xe5, 0xfb, 0xe5, 0xfb,
    0x05, 0xfc, 0x05, 0xfc, 0xe5, 0xfb, 0x05, 0xfc, 0x05, 0xfc, 0x05, 0xfc,
    0x05, 0xfc, 0x05, 0xfc, 0x05, 0xfc, 0x05, 0xfc, 0x05, 0xfc, 0x04, 0xfc,
    0x05, 0xfc, 0x00, 0x00, 0x00, 0x00, 0x00, 0x00, 0x00, 0x00, 0x00, 0x00,
    0x00, 0x00, 0x00, 0x00, 0x00, 0x00, 0xe5, 0xfb, 0x05, 0xfc, 0x04, 0xfc,
    0x05, 0xfc, 0xe5, 0xfb, 0x04, 0xfc, 0x05, 0xfc, 0x05, 0xfc, 0x05, 0xfc,
    0xe5, 0xfb, 0x04, 0xfc, 0x05, 0xfc, 0x05, 0xfc, 0x04, 0xfc, 0x05, 0xfc,
    0x05, 0xfc, 0xe5, 0xfb, 0x05, 0xfc, 0x05, 0xfc, 0xe5, 0xfb, 0x05, 0xfc,
    0xe5, 0xfb, 0x05, 0xfc, 0xe5, 0xfb, 0x05, 0xfc, 0x05, 0xfc, 0x05, 0xfc,
    0x05, 0xfc, 0xe4, 0xfb, 0x05, 0xfc, 0x05, 0xfc, 0x04, 0xfc, 0x05, 0xfc,
    0x05, 0xfc, 0x05, 0xfc, 0xe5, 0xfb, 0x05, 0xfc, 0x05, 0xfc, 0xe5, 0xfb,
    0x05, 0xfc, 0xe5, 0xfb, 0x05, 0xfc, 0xe5, 0xfb, 0x05, 0xfc, 0x05, 0xfc,
    0x05, 0xfc, 0xe5, 0xfb, 0x05, 0xfc, 0x05, 0xfc, 0x05, 0xfc, 0x05, 0xfc,
    0x05, 0xfc, 0x05, 0xfc, 0x05, 0xfc, 0xe5, 0xfb, 0x05, 0xfc, 0x05, 0xfc,
    0xe5, 0xfb, 0x05, 0xfc, 0x05, 0xfc, 0x05, 0xfc, 0x05, 0xfc, 0xe5, 0xfb,
    0x05, 0xfc, 0x05, 0xfc, 0xe5, 0xfb, 0x04, 0xfc, 0xe5, 0xfb, 0x05, 0xfc,
    0x04, 0xfc, 0x05, 0xfc, 0xe5, 0xfb, 0x04, 0xfc, 0x05, 0xfc, 0x05, 0xfc,
    0x05, 0xfc, 0x04, 0xfc, 0xe5, 0xfb, 0x05, 0xfc, 0x05, 0xfc, 0xe5, 0xfb,
    0x05, 0xfc, 0xe5, 0xfb, 0xa2, 0x39, 0x00, 0x00, 0x00, 0x00, 0x00, 0x00,
    0x00, 0x00, 0x00, 0x00, 0x00, 0x00, 0x00, 0x00, 0xe0, 0x68, 0x05, 0xfc,
    0x04, 0xfc, 0x05, 0xfc, 0x05, 0xfc, 0xe5, 0xfb, 0x05, 0xfc, 0x05, 0xfc,
    0xe4, 0xfb, 0x05, 0xfc, 0xe5, 0xfb, 0x05, 0xfc, 0xe4, 0xfb, 0xe5, 0xfb,
    0x05, 0xfc, 0x05, 0xfc, 0x63, 0xfb, 0x00, 0x00, 0x00, 0x00, 0x00, 0x00,
    0x00, 0x00, 0x00, 0x00, 0x00, 0x00, 0x00, 0x00, 0x00, 0x00, 0x05, 0xfc,
    0xe5, 0xfb, 0x05, 0xfc, 0x05, 0xfc, 0x05, 0xfc, 0xe5, 0xfb, 0x05, 0xfc,
    0x05, 0xfc, 0xe5, 0xfb, 0x05, 0xfc, 0x05, 0xfc, 0x05, 0xfc, 0xe5, 0xfb,
    0x05, 0xfc, 0x05, 0xfc, 0xe5, 0xfb, 0x05, 0xfc, 0x05, 0xfc, 0x05, 0xfc,
    0x04, 0xfc, 0xe5, 0xfb, 0x05, 0xfc, 0x04, 0xfc, 0x05, 0xfc, 0xe5, 0xfb,
    0x04, 0xfc, 0x05, 0xfc, 0x05, 0xfc, 0x05, 0xfc, 0xe5, 0xfb, 0x05, 0xfc,
    0x05, 0xfc, 0xe5, 0xfb, 0x05, 0xfc, 0x05, 0xfc, 0xe5, 0xfb, 0x04, 0xfc,
    0x05, 0xfc, 0x05, 0xfc, 0x04, 0xfc, 0x05, 0xfc, 0x05, 0xfc, 0xe5, 0xfb,
    0x05, 0xfc, 0x05, 0xfc, 0xe4, 0xfb, 0x05, 0xfc, 0x05, 0xfc, 0xe5, 0xfb,
    0xe5, 0xfb, 0x05, 0xfc, 0xe4, 0xfb, 0x05, 0xfc, 0x05, 0xfc, 0x05, 0xfc,
    0xe4, 0xfb, 0x05, 0xfc, 0x05, 0xfc, 0x05, 0xfc, 0x05, 0xfc, 0x05, 0xfc,
    0xe5, 0xfb, 0x05, 0xfc, 0x05, 0xfc, 0x05, 0xfc, 0x05, 0xfc, 0x05, 0xfc,
    0xe5, 0xfb, 0x05, 0xfc, 0x05, 0xfc, 0xe5, 0xfb, 0x05, 0xfc, 0x05, 0xfc,
    0xe5, 0xfb, 0x05, 0xfc, 0x05, 0xfc, 0x05, 0xfc, 0x05, 0xfc, 0x05, 0xfc,
    0x04, 0xfc, 0x05, 0xfc, 0x05, 0xfc, 0x05, 0xfc, 0xc4, 0x92, 0x00, 0x00,
    0x00, 0x00, 0x00, 0x00, 0x00, 0x00, 0x00, 0x00, 0x00, 0x00, 0x00, 0x00,
    0x00, 0x00, 0x41, 0xda, 0x05, 0xfc, 0x05, 0xfc, 0xe5, 0xfb, 0x04, 0xfc,
    0x05, 0xfc, 0x05, 0xfc, 0x05, 0xfc, 0xe5, 0xfb, 0x05, 0xfc, 0x05, 0xfc,
    0x05, 0xfc, 0x05, 0xfc, 0xe5, 0xfb, 0x05, 0xfc, 0xa1, 0x91, 0x00, 0x00,
    0x00, 0x00, 0x00, 0x00, 0x00, 0x00, 0x00, 0x00, 0x00, 0x00, 0x00, 0x00,
    0xe1, 0x00, 0x05, 0xfc, 0x05, 0xfc, 0xe5, 0xfb, 0x05, 0xfc, 0x05, 0xfc,
    0x05, 0xfc, 0xe5, 0xfb, 0x04, 0xfc, 0x05, 0xfc, 0x05, 0xfc, 0x05, 0xfc,
    0xe5, 0xfb, 0x05, 0xfc, 0x05, 0xfc, 0xe4, 0xfb, 0x05, 0xfc, 0x05, 0xfc,
    0x04, 0xfc, 0xe5, 0xfb, 0x05, 0xfc, 0x05, 0xfc, 0x05, 0xfc, 0x05, 0xfc,
    0x05, 0xfc, 0xe5, 0xfb, 0x05, 0xfc, 0xe5, 0xfb, 0x05, 0xfc, 0x05, 0xfc,
    0xe5, 0xfb, 0x05, 0xfc, 0x05, 0xfc, 0xe4, 0xfb, 0x05, 0xfc, 0x05, 0xfc,
    0x05, 0xfc, 0x05, 0xfc, 0xe5, 0xfb, 0x05, 0xfc, 0x05, 0xfc, 0x05, 0xfc,
    0x05, 0xfc, 0x04, 0xfc, 0x05, 0xfc, 0xe5, 0xfb, 0x05, 0xfc, 0x05, 0xfc,
    0x05, 0xfc, 0x05, 0xfc, 0x05, 0xfc, 0x05, 0xfc, 0xe5, 0xfb, 0x05, 0xfc,
    0x05, 0xfc, 0x05, 0xfc, 0x05, 0xfc, 0xe5, 0xfb, 0x05, 0xfc, 0xe4, 0xfb,
    0x05, 0xfc, 0x05, 0xfc, 0x04, 0xfc, 0x05, 0xfc, 0xe5, 0xfb, 0x04, 0xfc,
    0x05, 0xfc, 0x05, 0xfc, 0x05, 0xfc, 0x04, 0xfc, 0x05, 0xfc, 0x05, 0xfc,
    0x05, 0xfc, 0x05, 0xfc, 0xe5, 0xfb, 0x04, 0xfc, 0xe5, 0xfb, 0xe5, 0xfb,
    0x05, 0xfc, 0xe5, 0xfb, 0x05, 0xfc, 0x05, 0xfc, 0xe5, 0xfb, 0x05, 0xfc,
    0x05, 0xdc, 0x00, 0x00, 0x00, 0x00, 0x00, 0x00, 0x00, 0x00, 0x00, 0x00,
    0x00, 0x00, 0x00, 0x00, 0x00, 0x00, 0x00, 0x00, 0x21, 0xda, 0x04, 0xfc,
    0x05, 0xfc, 0x05, 0xfc, 0xe5, 0xfb, 0x05, 0xfc, 0x05, 0xfc, 0x05, 0xfc,
    0x04, 0xfc, 0x05, 0xfc, 0x05, 0xfc, 0x05, 0xfc, 0x03, 0xfc, 0x81, 0xb9,
    0x00, 0x00, 0x00, 0x00, 0x00, 0x00, 0x00, 0x00, 0x00, 0x00, 0x00, 0x00,
    0x00, 0x00, 0x00, 0x00, 0xa3, 0x39, 0x05, 0xfc, 0x04, 0xfc, 0x05, 0xfc,
    0xe5, 0xfb, 0x04, 0xfc, 0x05, 0xfc, 0x05, 0xfc, 0x05, 0xfc, 0xe5, 0xfb,
    0x05, 0xfc, 0x04, 0xfc, 0xe5, 0xfb, 0x05, 0xfc, 0x05, 0xfc, 0x05, 0xfc,
    0x05, 0xfc, 0x05, 0xfc, 0xe5, 0xfb, 0x05, 0xfc, 0x05, 0xfc, 0x05, 0xfc,
    0xe5, 0xfb, 0x05, 0xfc, 0x05, 0xfc, 0x05, 0xfc, 0x05, 0xfc, 0x04, 0xfc,
    0xe5, 0xfb, 0x05, 0xfc, 0x04, 0xfc, 0x05, 0xfc, 0x05, 0xfc, 0x05, 0xfc,
    0xe5, 0xfb, 0x05, 0xfc, 0x04, 0xfc, 0xe5, 0xfb, 0x05, 0xfc, 0x05, 0xfc,
    0xe5, 0xfb, 0xe5, 0xfb, 0x05, 0xfc, 0x05, 0xfc, 0xe5, 0xfb, 0x05, 0xfc,
    0x05, 0xfc, 0x04, 0xfc, 0xe5, 0xfb, 0x05, 0xfc, 0x05, 0xfc, 0x05, 0xfc,
    0x05, 0xfc, 0xe5, 0xfb, 0x04, 0xfc, 0x05, 0xfc, 0xe5, 0xfb, 0x05, 0xfc,
    0x05, 0xfc, 0x05, 0xfc, 0xe5, 0xfb, 0x05, 0xfc, 0x05, 0xfc, 0xe5, 0xfb,
    0x05, 0xfc, 0xe5, 0xfb, 0x05, 0xfc, 0xe5, 0xfb, 0x05, 0xfc, 0xe5, 0xfb,
    0xe5, 0xfb, 0x05, 0xfc, 0x04, 0xfc, 0xe5, 0xfb, 0x05, 0xfc, 0x05, 0xfc,
    0x05, 0xfc, 0x05, 0xfc, 0x04, 0xfc, 0xe5, 0xfb, 0x05, 0xfc, 0x05, 0xfc,
    0xe4, 0xfb, 0x05, 0xfc, 0x05, 0xfc, 0x83, 0x39, 0x00, 0x00, 0x00, 0x00,
    0x00, 0x00, 0x00, 0x00, 0x00, 0x00, 0x00, 0x00, 0x00, 0x00, 0x00, 0x00,
    0x00, 0x00, 0xe0, 0x90, 0xc2, 0xfa, 0x63, 0xfb, 0x03, 0xfc, 0xe4, 0xfb,
    0x04, 0xfc, 0x04, 0xfc, 0xe3, 0xfb, 0xe3, 0xfb, 0x63, 0xfb, 0x41, 0xda,
    0x00, 0x68, 0x00, 0x00, 0x00, 0x00, 0x00, 0x00, 0x00, 0x00, 0x00, 0x00,
    0x00, 0x00, 0x00, 0x00, 0x00, 0x00, 0x00, 0x00, 0xc4, 0x92, 0xe5, 0xfb,
    0x05, 0xfc, 0x05, 0xfc, 0x05, 0xfc, 0xe5, 0xfb, 0x05, 0xfc, 0x05, 0xfc,
    0xe5, 0xfb, 0x05, 0xfc, 0x05, 0xfc, 0x05, 0xfc, 0x05, 0xfc, 0x04, 0xfc,
    0xe5, 0xfb, 0x05, 0xfc, 0x05, 0xfc, 0xe5, 0xfb, 0x05, 0xfc, 0x05, 0xfc,
    0x05, 0xfc, 0xe4, 0xfb, 0x05, 0xfc, 0x05, 0xfc, 0xe4, 0xfb, 0x05, 0xfc,
    0x05, 0xfc, 0x05, 0xfc, 0x05, 0xfc, 0xe5, 0xfb, 0x05, 0xfc, 0x05, 0xfc,
    0xe5, 0xfb, 0x05, 0xfc, 0x05, 0xfc, 0xe5, 0xfb, 0x05, 0xfc, 0x05, 0xfc,
    0x05, 0xfc, 0x04, 0xfc, 0x05, 0xfc, 0x05, 0xfc, 0xe5, 0xfb, 0x05, 0xfc,
    0x05, 0xfc, 0x05, 0xfc, 0x05, 0xfc, 0xe5, 0xfb, 0x05, 0xfc, 0x05, 0xfc,
    0x05, 0xfc, 0xe5, 0xfb, 0x05, 0xfc, 0x05, 0xfc, 0xe5, 0xfb, 0x05, 0xfc,
    0x05, 0xfc, 0x04, 0xfc, 0x05, 0xfc, 0x05, 0xfc, 0xe5, 0xfb, 0x04, 0xfc,
    0x05, 0xfc, 0x05, 0xfc, 0x05, 0xfc, 0x05, 0xfc, 0x04, 0xfc, 0x05, 0xfc,
    0x05, 0xfc, 0x05, 0xfc, 0x05, 0xfc, 0x05, 0xfc, 0xe5, 0xfb, 0x05, 0xfc,
    0x05, 0xfc, 0x05, 0xfc, 0x05, 0xfc, 0x05, 0xfc, 0x05, 0xfc, 0x05, 0xfc,
    0x05, 0xfc, 0x05, 0xfc, 0x05, 0xfc, 0x05, 0xfc, 0x05, 0xfc, 0x65, 0xdb,
    0x01, 0x00, 0x00, 0x00, 0x00, 0x00, 0x00, 0x00, 0x00, 0x00, 0x00, 0x00,
    0x00, 0x00, 0x00, 0x00, 0x00, 0x00, 0x00, 0x00, 0x00, 0x00, 0x00, 0x38,
    0x00, 0x68, 0xe0, 0x90, 0xe0, 0x90, 0xe0, 0x90, 0x00, 0x68, 0x00, 0x68,
    0x00, 0x38, 0x00, 0x00, 0x00, 0x00, 0x00, 0x00, 0x00, 0x00, 0x00, 0x00,
    0x00, 0x00, 0x00, 0x00, 0x00, 0x00, 0x00, 0x00, 0x00, 0x00, 0x01, 0x00,
    0x05, 0xfc, 0x05, 0xfc, 0xe5, 0xfb, 0x05, 0xfc, 0x05, 0xfc, 0x05, 0xfc,
    0xe4, 0xfb, 0x05, 0xfc, 0x05, 0xfc, 0x04, 0xfc, 0xe5, 0xfb, 0x05, 0xfc,
    0x05, 0xfc, 0xe5, 0xfb, 0x05, 0xfc, 0x05, 0xfc, 0xe4, 0xfb, 0x05, 0xfc,
    0x05, 0xfc, 0x04, 0xfc, 0xe5, 0xfb, 0x05, 0xfc, 0x05, 0xfc, 0x05, 0xfc,
    0xe5, 0xfb, 0x05, 0xfc, 0xe5, 0xfb, 0x05, 0xfc, 0x05, 0xfc, 0x05, 0xfc,
    0xe5, 0xfb, 0x04, 0xfc, 0x05, 0xfc, 0x05, 0xfc, 0x04, 0xfc, 0x05, 0xfc,
    0x05, 0xfc, 0xe5, 0xfb, 0x05, 0xfc, 0xe5, 0xfb, 0x05, 0xfc, 0x04, 0xfc,
    0x05, 0xfc, 0xe5, 0xfb, 0x04, 0xfc, 0x05, 0xfc, 0xe5, 0xfb, 0x05, 0xfc,
    0x05, 0xfc, 0x05, 0xfc, 0x05, 0xfc, 0x05, 0xfc, 0x04, 0xfc, 0x05, 0xfc,
    0x05, 0xfc, 0xe5, 0xfb, 0x05, 0xfc, 0xe5, 0xfb, 0x05, 0xfc, 0x05, 0xfc,
    0x05, 0xfc, 0xe5, 0xfb, 0x05, 0xfc, 0x04, 0xfc, 0xe5, 0xfb, 0x05, 0xfc,
    0x05, 0xfc, 0xe5, 0xfb, 0x04, 0xfc, 0x05, 0xfc, 0x05, 0xfc, 0xe4, 0xfb,
    0x05, 0xfc, 0x05, 0xfc, 0x04, 0xfc, 0xe5, 0xfb, 0xe5, 0xfb, 0x04, 0xfc,
    0xe5, 0xfb, 0x05, 0xfc, 0xe5, 0xfb, 0x04, 0xfc, 0xe5, 0xfb, 0x05, 0xfc,
    0x05, 0xfc, 0x05, 0xfc, 0xc4, 0x6a, 0x00, 0x00, 0x00, 0x00, 0x00, 0x00,
    0x00, 0x00, 0x00, 0x00, 0x00, 0x00, 0x00, 0x00, 0x00, 0x00, 0x00, 0x00,
    0x00, 0x00, 0x00, 0x00, 0x00, 0x00, 0x00, 0x00, 0x00, 0x00, 0x00, 0x00,
    0x00, 0x00, 0x00, 0x00, 0x00, 0x00, 0x00, 0x00, 0x00, 0x00, 0x00, 0x00,
    0x00, 0x00, 0x00, 0x00, 0x00, 0x00, 0x00, 0x00, 0x00, 0x00, 0x00, 0x00,
    0x00, 0x00, 0xc4, 0x6a, 0x05, 0xfc, 0x05, 0xfc, 0x05, 0xfc, 0xe4, 0xfb,
    0x05, 0xfc, 0x05, 0xfc, 0x05, 0xfc, 0x05, 0xfc, 0x05, 0xfc, 0xe5, 0xfb,
    0x05, 0xfc, 0x05, 0xfc, 0xe5, 0xfb, 0x05, 0xfc, 0x05, 0xfc, 0x05, 0xfc,
    0x05, 0xfc, 0x05, 0xfc, 0xe5, 0xfb, 0x05, 0xfc, 0x05, 0xfc, 0x05, 0xfc,
    0xe5, 0xfb, 0x05, 0xfc, 0x05, 0xfc, 0x05, 0xfc, 0x04, 0xfc, 0xe5, 0xfb,
    0x05, 0xfc, 0x04, 0xfc, 0x05, 0xfc, 0xe5, 0xfb, 0x05, 0xfc, 0xe5, 0xfb,
    0x05, 0xfc, 0x05, 0xfc, 0xe5, 0xfb, 0x04, 0xfc, 0x05, 0xfc, 0x05, 0xfc,
    0xe5, 0xfb, 0x05, 0xfc, 0x05, 0xfc, 0x05, 0xfc, 0xe5, 0xfb, 0x05, 0xfc,
    0x04, 0xfc, 0x05, 0xfc, 0xe5, 0xfb, 0x05, 0xfc, 0x05, 0xfc, 0xe5, 0xfb,
    0x05, 0xfc, 0x05, 0xfc, 0x05, 0xfc, 0x04, 0xfc, 0x05, 0xfc, 0x05, 0xfc,
    0xe5, 0xfb, 0x04, 0xfc, 0x05, 0xfc, 0x05, 0xfc, 0xe5, 0xfb, 0x05, 0xfc,
    0x05, 0xfc, 0xe5, 0xfb, 0x05, 0xfc, 0x05, 0xfc, 0xe5, 0xfb, 0x05, 0xfc,
    0xe5, 0xfb, 0x05, 0xfc, 0x05, 0xfc, 0x05, 0xfc, 0x05, 0xfc, 0x05, 0xfc,
    0x05, 0xfc, 0x05, 0xfc, 0x05, 0xfc, 0xe5, 0xfb, 0x05, 0xfc, 0x05, 0xfc,
    0x05, 0xfc, 0xe5, 0xfb, 0x04, 0xfc, 0x05, 0xfc, 0x05, 0xfc, 0x44, 0x3a,
    0x00, 0x00, 0x00, 0x00, 0x00, 0x00, 0x00, 0x00, 0x00, 0x00, 0x00, 0x00,
    0x00, 0x00, 0x00, 0x00, 0x00, 0x00, 0x00, 0x00, 0x00, 0x00, 0x00, 0x00,
    0x00, 0x00, 0x00, 0x00, 0x00, 0x00, 0x00, 0x00, 0x00, 0x00, 0x00, 0x00,
    0x00, 0x00, 0x00, 0x00, 0x00, 0x00, 0x00, 0x00, 0x00, 0x00, 0x00, 0x00,
    0x00, 0x00, 0x00, 0x00, 0xa3, 0x39, 0x05, 0xfc, 0xe5, 0xfb, 0x05, 0xfc,
    0x05, 0xfc, 0x05, 0xfc, 0xe5, 0xfb, 0x05, 0xfc, 0x05, 0xfc, 0xe5, 0xfb,
    0x05, 0xfc, 0x05, 0xfc, 0x04, 0xfc, 0x05, 0xfc, 0x05, 0xfc, 0x04, 0xfc,
    0xe5, 0xfb, 0x05, 0xfc, 0x05, 0xfc, 0xe5, 0xfb, 0x05, 0xfc, 0x05, 0xfc,
    0x05, 0xfc, 0xe4, 0xfb, 0x05, 0xfc, 0x05, 0xfc, 0xe4, 0xfb, 0x05, 0xfc,
    0x05, 0xfc, 0xe5, 0xfb, 0x05, 0xfc, 0x05, 0xfc, 0x05, 0xfc, 0x05, 0xfc,
    0x05, 0xfc, 0xe5, 0xfb, 0x05, 0xfc, 0x05, 0xfc, 0x05, 0xfc, 0x05, 0xfc,
    0x05, 0xfc, 0x05, 0xfc, 0x05, 0xfc, 0xe5, 0xfb, 0x05, 0xfc, 0x04, 0xfc,
    0x05, 0xfc, 0xe5, 0xfb, 0x05, 0xfc, 0x05, 0xfc, 0x05, 0xfc, 0xe5, 0xfb,
    0x05, 0xfc, 0xe5, 0xfb, 0x05, 0xfc, 0xe5, 0xfb, 0xe5, 0xfb, 0x05, 0xfc,
    0x05, 0xfc, 0x05, 0xfc, 0xe5, 0xfb, 0x05, 0xfc, 0x05, 0xfc, 0x05, 0xfc,
    0x05, 0xfc, 0x05, 0xfc, 0x05, 0xfc, 0xe4, 0xfb, 0x05, 0xfc, 0x05, 0xfc,
    0x05, 0xfc, 0x05, 0xfc, 0x05, 0xfc, 0x05, 0xfc, 0xe5, 0xfb, 0xe5, 0xfb,
    0x05, 0xfc, 0x05, 0xfc, 0xe5, 0xfb, 0x05, 0xfc, 0x05, 0xfc, 0x04, 0xfc,
    0x05, 0xfc, 0x05, 0xfc, 0x05, 0xfc, 0xe5, 0xfb, 0x05, 0xfc, 0x05, 0xfc,
    0xe5, 0xfb, 0x05, 0xfc, 0x44, 0x3a, 0x00, 0x00, 0x00, 0x00, 0x00, 0x00,
    0x00, 0x00, 0x00, 0x00, 0x00, 0x00, 0x00, 0x00, 0x00, 0x00, 0x00, 0x00,
    0x00, 0x00, 0x00, 0x00, 0x00, 0x00, 0x00, 0x00, 0x00, 0x00, 0x00, 0x00,
    0x00, 0x00, 0x00, 0x00, 0x00, 0x00, 0x00, 0x00, 0x00, 0x00, 0x00, 0x00,
    0x00, 0x00, 0x00, 0x00, 0x00, 0x00, 0xe3, 0x00, 0x05, 0xdc, 0x05, 0xfc,
    0x05, 0xfc, 0xe5, 0xfb, 0x05, 0xfc, 0x05, 0xfc, 0x04, 0xfc, 0xe5, 0xfb,
    0x05, 0xfc, 0x04, 0xfc, 0xe5, 0xfb, 0x05, 0xfc, 0xe5, 0xfb, 0x05, 0xfc,
    0x05, 0xfc, 0xe5, 0xfb, 0x05, 0xfc, 0x04, 0xfc, 0xe5, 0xfb, 0x05, 0xfc,
    0x04, 0xfc, 0xe5, 0xfb, 0x05, 0xfc, 0x05, 0xfc, 0x05, 0xfc, 0x05, 0xfc,
    0xe5, 0xfb, 0x05, 0xfc, 0x05, 0xfc, 0x05, 0xfc, 0xe5, 0xfb, 0x05, 0xfc,
    0xe5, 0xfb, 0x04, 0xfc, 0x05, 0xfc, 0x05, 0xfc, 0xe4, 0xfb, 0x05, 0xfc,
    0xe5, 0xfb, 0x05, 0xfc, 0xe4, 0xfb, 0x05, 0xfc, 0x05, 0xfc, 0x04, 0xfc,
    0xe5, 0xfb, 0x05, 0xfc, 0x05, 0xfc, 0x05, 0xfc, 0xe5, 0xfb, 0x05, 0xfc,
    0x04, 0xfc, 0x05, 0xfc, 0x05, 0xfc, 0x05, 0xfc, 0x04, 0xfc, 0x05, 0xfc,
    0x05, 0xfc, 0xe5, 0xfb, 0x04, 0xfc, 0x05, 0xfc, 0x05, 0xfc, 0xe5, 0xfb,
    0x05, 0xfc, 0xe4, 0xfb, 0x05, 0xfc, 0x05, 0xfc, 0xe5, 0xfb, 0x05, 0xfc,
    0x05, 0xfc, 0xe5, 0xfb, 0x04, 0xfc, 0x05, 0xfc, 0xe5, 0xfb, 0x04, 0xfc,
    0x05, 0xfc, 0x05, 0xfc, 0x04, 0xfc, 0xe5, 0xfb, 0x05, 0xfc, 0x04, 0xfc,
    0xe5, 0xfb, 0x05, 0xfc, 0xe5, 0xfb, 0x05, 0xfc, 0x04, 0xfc, 0x05, 0xfc,
    0x05, 0xfc, 0xe5, 0xfb, 0x05, 0xfc, 0x05, 0xfc, 0xe5, 0xfb, 0xc5, 0x6a,
    0x02, 0x00, 0x00, 0x00, 0x00, 0x00, 0x00, 0x00, 0x00, 0x00, 0x00, 0x00,
    0x00, 0x00, 0x00, 0x00, 0x00, 0x00, 0x00, 0x00, 0x00, 0x00, 0x00, 0x00,
    0x00, 0x00, 0x00, 0x00, 0x00, 0x00, 0x00, 0x00, 0x00, 0x00, 0x00, 0x00,
    0x00, 0x00, 0x00, 0x00, 0x00, 0x00, 0x00, 0x00, 0xa3, 0x01, 0xe5, 0xdb,
    0x05, 0xfc, 0x05, 0xfc, 0x05, 0xfc, 0x04, 0xfc, 0xe5, 0xfb, 0x05, 0xfc,
    0x05, 0xfc, 0x05, 0xfc, 0x05, 0xfc, 0x05, 0xfc, 0x05, 0xfc, 0x05, 0xfc,
    0xe5, 0xfb, 0x05, 0xfc, 0x05, 0xfc, 0xe5, 0xfb, 0x05, 0xfc, 0x05, 0xfc,
    0x05, 0xfc, 0x05, 0xfc, 0x05, 0xfc, 0xe5, 0xfb, 0x05, 0xfc, 0x05, 0xfc,
    0xe5, 0xfb, 0x05, 0xfc, 0x05, 0xfc, 0x05, 0xfc, 0x04, 0xfc, 0x05, 0xfc,
    0x05, 0xfc, 0x05, 0xfc, 0xe5, 0xfb, 0x05, 0xfc, 0x05, 0xfc, 0x05, 0xfc,
    0x05, 0xfc, 0x05, 0xfc, 0x05, 0xfc, 0xe5, 0xfb, 0x05, 0xfc, 0xe5, 0xfb,
    0x05, 0xfc, 0x05, 0xfc, 0x05, 0xfc, 0xe5, 0xfb, 0x05, 0xfc, 0x05, 0xfc,
    0x05, 0xfc, 0xe5, 0xfb, 0x05, 0xfc, 0x05, 0xfc, 0x05, 0xfc, 0x05, 0xfc,
    0xe5, 0xfb, 0x05, 0xfc, 0x05, 0xfc, 0x05, 0xfc, 0xe5, 0xfb, 0x05, 0xfc,
    0x04, 0xfc, 0x05, 0xfc, 0x05, 0xfc, 0xe5, 0xfb, 0x05, 0xfc, 0x05, 0xfc,
    0x04, 0xfc, 0x05, 0xfc, 0x05, 0xfc, 0xe5, 0xfb, 0x05, 0xfc, 0x05, 0xfc,
    0xe5, 0xfb, 0x05, 0xfc, 0x05, 0xfc, 0x05, 0xfc, 0x05, 0xfc, 0x05, 0xfc,
    0x05, 0xfc, 0x05, 0xfc, 0x05, 0xfc, 0xe5, 0xfb, 0x05, 0xfc, 0x05, 0xfc,
    0xe5, 0xfb, 0x05, 0xfc, 0x05, 0xfc, 0x04, 0xfc, 0x05, 0xfc, 0x05, 0xfc,
    0x05, 0xfc, 0x05, 0xfc, 0x05, 0xbc, 0xa3, 0x01, 0x01, 0x00, 0x00, 0x00,
    0x00, 0x00, 0x00, 0x00, 0x00, 0x00, 0x00, 0x00, 0x00, 0x00, 0x00, 0x00,
    0x00, 0x00, 0x00, 0x00, 0x00, 0x00, 0x00, 0x00, 0x00, 0x00, 0x00, 0x00,
    0x00, 0x00, 0x00, 0x00, 0x00, 0x00, 0x00, 0x00, 0x02, 0x00, 0xc5, 0x6a,
    0x05, 0xfc, 0x05, 0xfc, 0xe5, 0xfb, 0x05, 0xfc, 0xe5, 0xfb, 0x05, 0xfc,
    0x05, 0xfc, 0xe5, 0xfb, 0x05, 0xfc, 0x05, 0xfc, 0xe5, 0xfb, 0xe5, 0xfb,
    0x04, 0xfc, 0x05, 0xfc, 0x05, 0xfc, 0x04, 0xfc, 0x05, 0xfc, 0x05, 0xfc,
    0x04, 0xfc, 0xe5, 0xfb, 0x05, 0xfc, 0x05, 0xfc, 0xe5, 0xfb, 0x04, 0xfc,
    0x05, 0xfc, 0x05, 0xfc, 0xe4, 0xfb, 0x05, 0xfc, 0x05, 0xfc, 0xe5, 0xfb,
    0xe5, 0xfb, 0x05, 0xfc, 0x04, 0xfc, 0x05, 0xfc, 0x05, 0xfc, 0xe5, 0xfb,
    0x05, 0xfc, 0xe5, 0xfb, 0x05, 0xfc, 0x04, 0xfc, 0x05, 0xfc, 0x05, 0xfc,
    0x05, 0xfc, 0x05, 0xfc, 0xe5, 0xfb, 0x05, 0xfc, 0x05, 0xfc, 0x04, 0xfc,
    0xe5, 0xfb, 0x05, 0xfc, 0x04, 0xfc, 0x05, 0xfc, 0xe5, 0xfb, 0x05, 0xfc,
    0x05, 0xfc, 0xe5, 0xfb, 0x05, 0xfc, 0x05, 0xfc, 0x04, 0xfc, 0x05, 0xfc,
    0x05, 0xfc, 0xe5, 0xfb, 0x05, 0xfc, 0x05, 0xfc, 0x05, 0xfc, 0x05, 0xfc,
    0xe5, 0xfb, 0x05, 0xfc, 0xe5, 0xfb, 0x05, 0xfc, 0x05, 0xfc, 0x05, 0xfc,
    0x05, 0xfc, 0x05, 0xfc, 0x05, 0xfc, 0xe5, 0xfb, 0x04, 0xfc, 0xe5, 0xfb,
    0xe5, 0xfb, 0x05, 0xfc, 0xe5, 0xfb, 0x05, 0xfc, 0x05, 0xfc, 0x04, 0xfc,
    0x05, 0xfc, 0x05, 0xfc, 0xe5, 0xfb, 0x05, 0xfc, 0xe5, 0xfb, 0x05, 0xfc,
    0xe5, 0xfb, 0x04, 0xfc, 0x05, 0xfc, 0xe5, 0xfb, 0x05, 0xfc, 0x05, 0xfc,
    0x65, 0x93, 0x44, 0x3a, 0x02, 0x00, 0x01, 0x00, 0x00, 0x00, 0x00, 0x00,
    0x00, 0x00, 0x00, 0x00, 0x00, 0x00, 0x00, 0x00, 0x00, 0x00, 0x00, 0x00,
    0x00, 0x00, 0x00, 0x00, 0x00, 0x00, 0x01, 0x00, 0xe3, 0x00, 0xc5, 0x6a,
    0x05, 0xbc, 0x05, 0xfc, 0x05, 0xfc, 0x05, 0xfc, 0x05, 0xfc, 0x05, 0xfc,
    0x05, 0xfc, 0x05, 0xfc, 0x05, 0xfc, 0x04, 0xfc, 0xe5, 0xfb, 0x05, 0xfc,
    0x04, 0xfc, 0x05, 0xfc, 0x05, 0xfc, 0xe5, 0xfb, 0x05, 0xfc, 0xe5, 0xfb,
    0x05, 0xfc, 0x05, 0xfc, 0xe5, 0xfb, 0x05, 0xfc, 0x05, 0xfc, 0xe4, 0xfb,
    0x05, 0xfc, 0x05, 0xfc, 0x05, 0xfc, 0x05, 0xfc, 0x05, 0xfc, 0x05, 0xfc,
    0x05, 0xfc, 0x04, 0xfc, 0x05, 0xfc, 0xe5, 0xfb, 0x05, 0xfc, 0xe5, 0xfb,
    0x04, 0xfc, 0x05, 0xfc, 0x05, 0xfc, 0xe4, 0xfb, 0x05, 0xfc, 0xe5, 0xfb,
    0xe5, 0xfb, 0x05, 0xfc, 0x04, 0xfc, 0x05, 0xfc, 0x05, 0xfc, 0xe4, 0xfb,
    0x05, 0xfc, 0x05, 0xfc, 0x05, 0xfc, 0xe5, 0xfb, 0x05, 0xfc, 0x05, 0xfc,
    0x05, 0xfc, 0x05, 0xfc, 0x05, 0xfc, 0x05, 0xfc, 0x05, 0xfc, 0xe5, 0xfb,
    0xe5, 0xfb, 0x05, 0xfc, 0x05, 0xfc, 0x05, 0xfc, 0xe5, 0xfb, 0xe5, 0xfb,
    0x04, 0xfc, 0x05, 0xfc, 0x05, 0xfc, 0x04, 0xfc, 0xe5, 0xfb, 0x05, 0xfc,
    0x04, 0xfc, 0xe5, 0xfb, 0x05, 0xfc, 0x04, 0xfc, 0xe5, 0xfb, 0x05, 0xfc,
    0x05, 0xfc, 0x05, 0xfc, 0x05, 0xfc, 0x04, 0xfc, 0x05, 0xfc, 0xe5, 0xfb,
    0x05, 0xfc, 0x05, 0xfc, 0xe5, 0xfb, 0x05, 0xfc, 0x04, 0xfc, 0x05, 0xfc,
    0x05, 0xfc, 0xe5, 0xfb, 0x05, 0xfc, 0x05, 0xfc, 0xe5, 0xfb, 0x05, 0xfc,
    0x05, 0xfc, 0xe5, 0xfb, 0x05, 0xfc, 0x05, 0xfc, 0xe5, 0xbb, 0x65, 0x93,
    0x44, 0x3a, 0xa3, 0x01, 0xe3, 0x00, 0x02, 0x00, 0x02, 0x00, 0x02, 0x00,
    0x02, 0x00, 0xe3, 0x00, 0xe3, 0x00, 0xa3, 0x01, 0x44, 0x3a, 0x65, 0x93,
    0x05, 0xdc, 0x05, 0xfc, 0x05, 0xfc, 0xe5, 0xfb, 0x05, 0xfc, 0xe5, 0xfb,
    0x04, 0xfc, 0xe5, 0xfb, 0x05, 0xfc, 0xe4, 0xfb, 0x05, 0xfc, 0x05, 0xfc,
    0x05, 0xfc, 0x05, 0xfc, 0x05, 0xfc, 0x05, 0xfc, 0xe5, 0xfb, 0x05, 0xfc,
    0x05, 0xfc, 0x05, 0xfc, 0xe5, 0xfb, 0x05, 0xfc, 0x05, 0xfc, 0x05, 0xfc,
    0x05, 0xfc, 0x05, 0xfc, 0x05, 0xfc, 0xe5, 0xfb, 0x05, 0xfc, 0xe5, 0xfb,
    0x05, 0xfc, 0xe5, 0xfb, 0x05, 0xfc, 0x05, 0xfc, 0x05, 0xfc, 0x05, 0xfc,
    0x05, 0xfc, 0x05, 0xfc, 0xe5, 0xfb, 0x05, 0xfc, 0x05, 0xfc, 0x05, 0xfc,
    0x05, 0xfc, 0x05, 0xfc, 0x05, 0xfc, 0x05, 0xfc, 0xe5, 0xfb, 0x05, 0xfc,
    0x05, 0xfc, 0x05, 0xfc, 0xe5, 0xfb, 0x05, 0xfc, 0x05, 0xfc, 0x05, 0xfc,
    0xe5, 0xfb, 0x05, 0xfc, 0x04, 0xfc, 0xe5, 0xfb, 0x05, 0xfc, 0x05, 0xfc,
    0x04, 0xfc, 0x05, 0xfc, 0x05, 0xfc, 0xe5, 0xfb, 0x04, 0xfc, 0x05, 0xfc,
    0x05, 0xfc, 0x05, 0xfc, 0xe5, 0xfb, 0x05, 0xfc, 0x05, 0xfc, 0x05, 0xfc,
    0x05, 0xfc, 0x05, 0xfc, 0xe5, 0xfb, 0x05, 0xfc, 0x05, 0xfc, 0xe5, 0xfb,
    0x05, 0xfc, 0x05, 0xfc, 0x05, 0xfc, 0x05, 0xfc, 0x05, 0xfc, 0xe5, 0xfb,
    0x05, 0xfc, 0x05, 0xfc, 0xe4, 0xfb, 0x05, 0xfc, 0x05, 0xfc, 0xe5, 0xfb,
    0x05, 0xfc, 0x05, 0xfc, 0x05, 0xfc, 0x04, 0xfc, 0x05, 0xfc, 0x05, 0xfc,
    0x05, 0xfc, 0x04, 0xfc, 0x05, 0xfc, 0xe5, 0xfb, 0x05, 0xfc, 0x05, 0xfc,
    0x05, 0xfc, 0x05, 0xfc, 0x05, 0xfc, 0x05, 0xfc, 0xe5, 0xdb, 0x05, 0xbc,
    0x05, 0xbc, 0x05, 0xbc, 0x05, 0xbc, 0x05, 0xdc, 0x05, 0xdc, 0xe5, 0xfb,
    0x05, 0xfc, 0x05, 0xfc, 0x05, 0xfc, 0x05, 0xfc, 0xe5, 0xfb, 0x05, 0xfc,
    0x05, 0xfc, 0x05, 0xfc, 0xe5, 0xfb, 0x05, 0xfc, 0x05, 0xfc, 0x05, 0xfc,
    0xe5, 0xfb, 0x05, 0xfc, 0xe5, 0xfb, 0xe5, 0xfb, 0x05, 0xfc, 0x05, 0xfc,
    0xe4, 0xfb, 0x05, 0xfc, 0x05, 0xfc, 0x04, 0xfc, 0x05, 0xfc, 0xe5, 0xfb,
    0x04, 0xfc, 0xe5, 0xfb, 0x05, 0xfc, 0x05, 0xfc, 0xe5, 0xfb, 0x04, 0xfc,
    0x05, 0xfc, 0x05, 0xfc, 0xe4, 0xfb, 0x05, 0xfc, 0x05, 0xfc, 0xe5, 0xfb,
    0xe5, 0xfb, 0x05, 0xfc, 0x04, 0xfc, 0x05, 0xfc, 0x05, 0xfc, 0xe5, 0xfb,
    0x05, 0xfc, 0x05, 0xfc, 0xe5, 0xfb, 0x04, 0xfc, 0x05, 0xfc, 0x05, 0xfc,
    0xe5, 0xfb, 0x05, 0xfc, 0x05, 0xfc, 0xe5, 0xfb, 0x05, 0xfc, 0x05, 0xfc,
    0x04, 0xfc, 0x05, 0xfc, 0xe5, 0xfb, 0x05, 0xfc, 0x05, 0xfc, 0x05, 0xfc,
    0xe5, 0xfb, 0xe5, 0xfb, 0x05, 0xfc, 0x05, 0xfc, 0x05, 0xfc, 0x05, 0xfc,
    0xe5, 0xfb, 0x05, 0xfc, 0x05, 0xfc, 0x04, 0xfc, 0x05, 0xfc, 0xe5, 0xfb,
    0x05, 0xfc, 0xe5, 0xfb, 0x05, 0xfc, 0x05, 0xfc, 0x05, 0xfc, 0x05, 0xfc,
    0x04, 0xfc, 0x05, 0xfc, 0x05, 0xfc, 0xe4, 0xfb, 0xe5, 0xfb, 0x05, 0xfc,
    0x04, 0xfc, 0xe5, 0xfb, 0x05, 0xfc, 0x05, 0xfc, 0x05, 0xfc, 0x05, 0xfc,
    0x05, 0xfc, 0x05, 0xfc, 0xe5, 0xfb, 0x05, 0xfc, 0xe5, 0xfb, 0x05, 0xfc,
    0xe5, 0xfb, 0x05, 0xfc, 0x05, 0xfc, 0xe5, 0xfb, 0x05, 0xfc, 0x04, 0xfc,
    0x05, 0xfc, 0xe5, 0xfb, 0x05, 0xfc, 0x05, 0xfc, 0xe5, 0xfb, 0x05, 0xfc,
    0x05, 0xfc, 0x05, 0xfc, 0xe5, 0xfb, 0x05, 0xfc, 0x05, 0xfc, 0xe5, 0xfb,
    0x05, 0xfc, 0x05, 0xfc, 0xe5, 0xfb, 0x05, 0xfc, 0x05, 0xfc, 0xe5, 0xfb,
    0x04, 0xfc, 0x05, 0xfc, 0x05, 0xfc, 0x05, 0xfc, 0x05, 0xfc, 0x05, 0xfc,
    0x05, 0xfc, 0x05, 0xfc, 0x05, 0xfc, 0x04, 0xfc, 0x05, 0xfc, 0x05, 0xfc,
    0x05, 0xfc, 0x05, 0xfc, 0x05, 0xfc, 0xe5, 0xfb, 0x05, 0xfc, 0x05, 0xfc,
    0xe5, 0xfb, 0x05, 0xfc, 0x05, 0xfc, 0x05, 0xfc, 0xe4, 0xfb, 0x05, 0xfc,
    0x05, 0xfc, 0x05, 0xfc, 0x05, 0xfc, 0x05, 0xfc, 0x05, 0xfc, 0x05, 0xfc,
    0x04, 0xfc, 0x05, 0xfc, 0x05, 0xfc, 0xe5, 0xfb, 0x05, 0xfc, 0xe5, 0xfb,
    0x05, 0xfc, 0x04, 0xfc, 0x05, 0xfc, 0xe5, 0xfb, 0x05, 0xfc, 0x05, 0xfc,
    0xe5, 0xfb, 0x04, 0xfc, 0x05, 0xfc, 0x05, 0xfc, 0x04, 0xfc, 0xe5, 0xfb,
    0x05, 0xfc, 0x05, 0xfc, 0xe5, 0xfb, 0x05, 0xfc, 0x05, 0xfc, 0xe4, 0xfb,
    0x05, 0xfc, 0x05, 0xfc, 0x05, 0xfc, 0x05, 0xfc, 0xe5, 0xfb, 0x05, 0xfc,
    0x04, 0xfc, 0xe5, 0xfb, 0x05, 0xfc, 0x05, 0xfc, 0xe5, 0xfb, 0x05, 0xfc,
    0x05, 0xfc, 0x05, 0xfc, 0x04, 0xfc, 0xe5, 0xfb, 0x05, 0xfc, 0x04, 0xfc,
    0xe5, 0xfb, 0xe5, 0xfb, 0x05, 0xfc, 0x05, 0xfc, 0x05, 0xfc, 0x05, 0xfc,
    0x05, 0xfc, 0x05, 0xfc, 0x05, 0xfc, 0x05, 0xfc, 0x05, 0xfc, 0xe5, 0xfb,
    0x05, 0xfc, 0xe5, 0xfb, 0x04, 0xfc, 0x05, 0xfc, 0x05, 0xfc, 0x04, 0xfc,
    0x05, 0xfc, 0xe5, 0xfb, 0x05, 0xfc, 0x04, 0xfc, 0xe5, 0xfb, 0x05, 0xfc,
    0x05, 0xfc, 0x05, 0xfc, 0xe5, 0xfb, 0x05, 0xfc, 0x04, 0xfc, 0xe5, 0xfb,
    0x05, 0xfc, 0x05, 0xfc, 0x05, 0xfc, 0xe5, 0xfb, 0x04, 0xfc, 0x05, 0xfc,
    0xe5, 0xfb, 0x05, 0xfc, 0x05, 0xfc, 0x05, 0xfc, 0x05, 0xfc, 0xe5, 0xfb,
    0x05, 0xfc, 0x05, 0xfc, 0x05, 0xfc, 0xe5, 0xfb, 0x04, 0xfc, 0xe5, 0xfb,
    0x05, 0xfc, 0xe4, 0xfb, 0xe5, 0xfb, 0x05, 0xfc, 0x05, 0xfc, 0xe5, 0xfb,
    0x05, 0xfc, 0x04, 0xfc, 0xe5, 0xfb, 0x05, 0xfc, 0x05, 0xfc, 0x05, 0xfc,
    0xe5, 0xfb, 0x05, 0xfc, 0x04, 0xfc, 0x05, 0xfc, 0x05, 0xfc, 0x05, 0xfc,
    0x05, 0xfc, 0xe5, 0xfb, 0x05, 0xfc, 0xe5, 0xfb, 0xe5, 0xfb, 0x05, 0xfc,
    0x05, 0xfc, 0xe5, 0xfb, 0x05, 0xfc, 0x05, 0xfc, 0x05, 0xfc, 0x04, 0xfc,
    0x05, 0xfc, 0x05, 0xfc, 0xe5, 0xfb, 0x05, 0xfc, 0x05, 0xfc, 0x05, 0xfc,
    0x04, 0xfc, 0x05, 0xfc, 0xe5, 0xfb, 0x05, 0xfc, 0x05, 0xfc, 0xe5, 0xfb,
    0x05, 0xfc, 0x05, 0xfc, 0x04, 0xfc, 0xe5, 0xfb, 0x05, 0xfc, 0x05, 0xfc,
    0x05, 0xfc, 0x05, 0xfc, 0xe5, 0xfb, 0x05, 0xfc, 0x05, 0xfc, 0x05, 0xfc,
    0x05, 0xfc, 0xe5, 0xfb, 0x05, 0xfc, 0x05, 0xfc, 0x05, 0xfc, 0x04, 0xfc,
    0xe5, 0xfb, 0x05, 0xfc, 0x05, 0xfc, 0xe5, 0xfb, 0x05, 0xfc, 0x05, 0xfc,
    0x05, 0xfc, 0x05, 0xfc, 0xe5, 0xfb, 0x05, 0xfc, 0x05, 0xfc, 0xe5, 0xfb,
    0xe5, 0xfb, 0x05, 0xfc, 0x05, 0xfc, 0xe5, 0xfb, 0x05, 0xfc, 0x05, 0xfc,
    0xe4, 0xfb, 0x05, 0xfc, 0x05, 0xfc, 0x05, 0xfc, 0xe5, 0xfb, 0x05, 0xfc,
    0x05, 0xfc, 0xe5, 0xfb, 0x05, 0xfc, 0x05, 0xfc, 0x05, 0xfc, 0x05, 0xfc,
    0x05, 0xfc, 0xe5, 0xfb, 0x05, 0xfc, 0x05, 0xfc, 0x05, 0xfc, 0x05, 0xfc,
    0x04, 0xfc, 0x03, 0xfc, 0x03, 0xfc, 0x63, 0xfb, 0x63, 0xfb, 0xc2, 0xfa,
    0xc2, 0xfa, 0x41, 0xda, 0x41, 0xda, 0x41, 0xda, 0x21, 0xda, 0x41, 0xe2,
    0x41, 0xda, 0x41, 0xda, 0xc2, 0xfa, 0xc2, 0xfa, 0x63, 0xfb, 0x03, 0xfc,
    0x04, 0xfc, 0x05, 0xfc, 0x05, 0xfc, 0x05, 0xfc, 0x05, 0xfc, 0x05, 0xfc,
    0xe4, 0xfb, 0x05, 0xfc, 0x05, 0xfc, 0xe5, 0xfb, 0x05, 0xfc, 0x04, 0xfc,
    0xe5, 0xfb, 0x05, 0xfc, 0x04, 0xfc, 0x05, 0xfc, 0xe5, 0xfb, 0x05, 0xfc,
    0xe5, 0xfb, 0x05, 0xfc, 0x05, 0xfc, 0x05, 0xfc, 0x04, 0xfc, 0x05, 0xfc,
    0x05, 0xfc, 0x04, 0xfc, 0xe5, 0xfb, 0x05, 0xfc, 0xe5, 0xfb, 0x05, 0xfc,
    0xe5, 0xfb, 0x05, 0xfc, 0x05, 0xfc, 0x05, 0xfc, 0x05, 0xfc, 0xe5, 0xfb,
    0x05, 0xfc, 0x05, 0xfc, 0xe5, 0xfb, 0x05, 0xfc, 0x05, 0xfc, 0x05, 0xfc,
    0x05, 0xfc, 0xe5, 0xfb, 0x05, 0xfc, 0x05, 0xfc, 0x05, 0xfc, 0x05, 0xfc,
    0x05, 0xfc, 0xe4, 0xfb, 0x05, 0xfc, 0x05, 0xfc, 0x05, 0xfc, 0x05, 0xfc,
    0x05, 0xfc, 0x05, 0xfc, 0x04, 0xfc, 0x05, 0xfc, 0xe5, 0xfb, 0x05, 0xfc,
    0x05, 0xfc, 0xe5, 0xfb, 0x05, 0xfc, 0x05, 0xfc, 0x04, 0xfc, 0xe5, 0xfb,
    0x05, 0xfc, 0x05, 0xfc, 0xe5, 0xfb, 0x05, 0xfc, 0x04, 0xfc, 0x05, 0xfc,
    0x05, 0xfc, 0x04, 0xfc, 0x05, 0xfc, 0x05, 0xfc, 0xe4, 0xfb, 0x05, 0xfc,
    0x05, 0xfc, 0xe5, 0xfb, 0x05, 0xfc, 0x05, 0xfc, 0x04, 0xfc, 0x05, 0xfc,
    0xe5, 0xfb, 0x05, 0xfc, 0x05, 0xfc, 0xe5, 0xfb, 0x04, 0xfc, 0x05, 0xfc,
    0xe5, 0xfb, 0x05, 0xfc, 0x05, 0xfc, 0x04, 0xfc, 0x62, 0xfb, 0xc2, 0xfa,
    0x41, 0xda, 0x80, 0xb9, 0xe0, 0x90, 0x00, 0x68, 0x00, 0x68, 0x00, 0x38,
    0x00, 0x38, 0x00, 0x00, 0x00, 0x00, 0x00, 0x00, 0x00, 0x00, 0x00, 0x00,
    0x00, 0x00, 0x00, 0x00, 0x00, 0x00, 0x00, 0x00, 0x00, 0x00, 0x00, 0x00,
    0x00, 0x38, 0x00, 0x68, 0xe0, 0x90, 0xa0, 0xb9, 0x21, 0xda, 0x03, 0xfc,
    0x05, 0xfc, 0x05, 0xfc, 0x05, 0xfc, 0x05, 0xfc, 0x05, 0xfc, 0x05, 0xfc,
    0x05, 0xfc, 0x05, 0xfc, 0xe5, 0xfb, 0x05, 0xfc, 0x05, 0xfc, 0xe5, 0xfb,
    0x05, 0xfc, 0x05, 0xfc, 0x04, 0xfc, 0xe5, 0xfb, 0x05, 0xfc, 0x05, 0xfc,
    0xe5, 0xfb, 0x05, 0xfc, 0x05, 0xfc, 0x05, 0xfc, 0x05, 0xfc, 0x04, 0xfc,
    0x05, 0xfc, 0x05, 0xfc, 0xe4, 0xfb, 0x05, 0xfc, 0xe5, 0xfb, 0x04, 0xfc,
    0x05, 0xfc, 0xe5, 0xfb, 0x04, 0xfc, 0x05, 0xfc, 0xe5, 0xfb, 0x05, 0xfc,
    0x05, 0xfc, 0xe4, 0xfb, 0x05, 0xfc, 0x05, 0xfc, 0xe4, 0xfb, 0x05, 0xfc,
    0xe5, 0xfb, 0x05, 0xfc, 0x05, 0xfc, 0xe5, 0xfb, 0x05, 0xfc, 0x05, 0xfc,
    0xe4, 0xfb, 0x05, 0xfc, 0xe5, 0xfb, 0x05, 0xfc, 0x05, 0xfc, 0xe5, 0xfb,
    0x05, 0xfc, 0x04, 0xfc, 0x05, 0xfc, 0x05, 0xfc, 0x05, 0xfc, 0x05, 0xfc,
    0xe5, 0xfb, 0x05, 0xfc, 0x05, 0xfc, 0x04, 0xfc, 0xe5, 0xfb, 0x05, 0xfc,
    0x05, 0xfc, 0xe5, 0xfb, 0x05, 0xfc, 0x05, 0xfc, 0x05, 0xfc, 0xe5, 0xfb,
    0x05, 0xfc, 0x05, 0xfc, 0x04, 0xfc, 0x05, 0xfc, 0x05, 0xfc, 0xe5, 0xfb,
    0x05, 0xfc, 0x05, 0xfc, 0x04, 0xfc, 0x05, 0xfc, 0x05, 0xfc, 0x05, 0xfc,
    0x05, 0xfc, 0x05, 0xfc, 0xe4, 0xfb, 0x05, 0xfc, 0xc2, 0xfa, 0xe0, 0x90,
    0x00, 0x38, 0x00, 0x00, 0x00, 0x00, 0x00, 0x00, 0x00, 0x00, 0x00, 0x00,
    0x00, 0x00, 0x00, 0x00, 0x00, 0x00, 0x00, 0x00, 0x00, 0x00, 0x00, 0x00,
    0x00, 0x00, 0x00, 0x00, 0x00, 0x00, 0x00, 0x00, 0x00, 0x00, 0x00, 0x00,
    0x00, 0x00, 0x00, 0x00, 0x00, 0x00, 0x00, 0x00, 0x00, 0x00, 0x00, 0x00,
    0x00, 0x00, 0x00, 0x68, 0x63, 0xfb, 0xe5, 0xfb, 0x05, 0xfc, 0xe5, 0xfb,
    0xe5, 0xfb, 0x05, 0xfc, 0x05, 0xfc, 0xe5, 0xfb, 0x05, 0xfc, 0x05, 0xfc,
    0x05, 0xfc, 0x05, 0xfc, 0x05, 0xfc, 0x05, 0xfc, 0x05, 0xfc, 0xe5, 0xfb,
    0x05, 0xfc, 0x04, 0xfc, 0xe5, 0xfb, 0x05, 0xfc, 0xe5, 0xfb, 0x05, 0xfc,
    0x05, 0xfc, 0xe5, 0xfb, 0x05, 0xfc, 0x05, 0xfc, 0x05, 0xfc, 0x05, 0xfc,
    0x05, 0xfc, 0xe5, 0xfb, 0x05, 0xfc, 0x05, 0xfc, 0x05, 0xfc, 0x05, 0xfc,
    0x05, 0xfc, 0x04, 0xfc, 0xe5, 0xfb, 0x05, 0xfc, 0x05, 0xfc, 0x05, 0xfc,
    0x05, 0xfc, 0x05, 0xfc, 0x05, 0xfc, 0xe4, 0xfb, 0x05, 0xfc, 0x05, 0xfc,
    0x05, 0xfc, 0xe5, 0xfb, 0x05, 0xfc, 0x05, 0xfc, 0x05, 0xfc, 0x05, 0xfc,
    0xe5, 0xfb, 0x05, 0xfc, 0x05, 0xfc, 0xe5, 0xfb, 0x05, 0xfc, 0xe5, 0xfb,
    0x04, 0xfc, 0x05, 0xfc, 0x05, 0xfc, 0x05, 0xfc, 0x05, 0xfc, 0xe5, 0xfb,
    0x05, 0xfc, 0x05, 0xfc, 0x05, 0xfc, 0xe5, 0xfb, 0x05, 0xfc, 0x05, 0xfc,
    0xe5, 0xfb, 0x04, 0xfc, 0x05, 0xfc, 0xe5, 0xfb, 0x05, 0xfc, 0x05, 0xfc,
    0xe5, 0xfb, 0x05, 0xfc, 0x05, 0xfc, 0xe5, 0xfb, 0x05, 0xfc, 0xe5, 0xfb,
    0x05, 0xfc, 0xe4, 0xfb, 0x05, 0xfc, 0x05, 0xfc, 0x05, 0xfc, 0xa1, 0xb9,
    0x00, 0x00, 0x00, 0x00, 0x00, 0x00, 0x00, 0x00, 0x00, 0x00, 0x00, 0x00,
    0x00, 0x00, 0x00, 0x00, 0x00, 0x00, 0x00, 0x00, 0x00, 0x00, 0x00, 0x00,
    0x00, 0x00, 0x00, 0x00, 0x00, 0x00, 0x00, 0x00, 0x00, 0x00, 0x00, 0x00,
    0x00, 0x00, 0x00, 0x00, 0x00, 0x00, 0x00, 0x00, 0x00, 0x00, 0x00, 0x00,
    0x00, 0x00, 0x00, 0x00, 0x00, 0x00, 0x00, 0x00, 0xa1, 0x91, 0x05, 0xfc,
    0x05, 0xfc, 0x04, 0xfc, 0x05, 0xfc, 0x05, 0xfc, 0xe4, 0xfb, 0x05, 0xfc,
    0x05, 0xfc, 0xe4, 0xfb, 0x05, 0xfc, 0x05, 0xfc, 0xe4, 0xfb, 0x05, 0xfc,
    0x05, 0xfc, 0x05, 0xfc, 0x05, 0xfc, 0x05, 0xfc, 0x05, 0xfc, 0x05, 0xfc,
    0x04, 0xfc, 0xe5, 0xfb, 0x05, 0xfc, 0x05, 0xfc, 0xe5, 0xfb, 0x05, 0xfc,
    0x05, 0xfc, 0xe5, 0xfb, 0x05, 0xfc, 0x05, 0xfc, 0x05, 0xfc, 0xe5, 0xfb,
    0x05, 0xfc, 0xe5, 0xfb, 0x05, 0xfc, 0x05, 0xfc, 0x05, 0xfc, 0x05, 0xfc,
    0xe5, 0xfb, 0x05, 0xfc, 0x05, 0xfc, 0xe5, 0xfb, 0x05, 0xfc, 0x05, 0xfc,
    0x05, 0xfc, 0x05, 0xfc, 0xe4, 0xfb, 0x05, 0xfc, 0x05, 0xfc, 0x05, 0xfc,
    0x05, 0xfc, 0x05, 0xfc, 0x04, 0xfc, 0x05, 0xfc, 0x05, 0xfc, 0x05, 0xfc,
    0xe5, 0xfb, 0x05, 0xfc, 0x05, 0xfc, 0xe5, 0xfb, 0x05, 0xfc, 0xe4, 0xfb,
    0x05, 0xfc, 0x05, 0xfc, 0x05, 0xfc, 0x04, 0xfc, 0xe5, 0xfb, 0x05, 0xfc,
    0x04, 0xfc, 0x05, 0xfc, 0xe5, 0xfb, 0x05, 0xfc, 0x05, 0xfc, 0x05, 0xfc,
    0xe5, 0xfb, 0x05, 0xfc, 0x04, 0xfc, 0x05, 0xfc, 0x05, 0xfc, 0xe5, 0xfb,
    0x05, 0xfc, 0x05, 0xfc, 0xe5, 0xfb, 0x05, 0xfc, 0x05, 0xfc, 0xe5, 0xfb,
    0xa1, 0xb9, 0x00, 0x00, 0x00, 0x00, 0x00, 0x00, 0x00, 0x00, 0x00, 0x00,
    0x00, 0x00, 0x00, 0x00, 0x00, 0x00, 0x00, 0x00, 0x00, 0x00, 0x00, 0x00,
    0x00, 0x00, 0x00, 0x00, 0x00, 0x00, 0x00, 0x00, 0x00, 0x00, 0x00, 0x00,
    0x00, 0x00, 0x00, 0x00, 0x00, 0x00, 0x00, 0x00, 0x00, 0x00, 0x00, 0x00,
    0x00, 0x00, 0x00, 0x00, 0x00, 0x00, 0x00, 0x00, 0x00, 0x00, 0x00, 0x00,
    0x00, 0x00, 0x05, 0xfc, 0xe5, 0xfb, 0x05, 0xfc, 0x05, 0xfc, 0x05, 0xfc,
    0x05, 0xfc, 0x05, 0xfc, 0x05, 0xfc, 0xe5, 0xfb, 0x05, 0xfc, 0x05, 0xfc,
    0xe5, 0xfb, 0x05, 0xfc, 0xe5, 0xfb, 0x04, 0xfc, 0xe5, 0xfb, 0x05, 0xfc,
    0x05, 0xfc, 0xe5, 0xfb, 0x05, 0xfc, 0x05, 0xfc, 0x05, 0xfc, 0x04, 0xfc,
    0xe5, 0xfb, 0x05, 0xfc, 0x04, 0xfc, 0xe5, 0xfb, 0x05, 0xfc, 0x04, 0xfc,
    0xe5, 0xfb, 0x05, 0xfc, 0x04, 0xfc, 0x05, 0xfc, 0xe5, 0xfb, 0x05, 0xfc,
    0x05, 0xfc, 0xe4, 0xfb, 0x05, 0xfc, 0x05, 0xfc, 0xe4, 0xfb, 0x05, 0xfc,
    0x05, 0xfc, 0xe5, 0xfb, 0x05, 0xfc, 0x05, 0xfc, 0x05, 0xfc, 0x05, 0xfc,
    0xe5, 0xfb, 0x05, 0xfc, 0xe5, 0xfb, 0x05, 0xfc, 0x05, 0xfc, 0xe5, 0xfb,
    0x05, 0xfc, 0x04, 0xfc, 0x05, 0xfc, 0x05, 0xfc, 0x05, 0xfc, 0xe5, 0xfb,
    0x05, 0xfc, 0x05, 0xfc, 0xe5, 0xfb, 0x05, 0xfc, 0x05, 0xfc, 0xe5, 0xfb,
    0x05, 0xfc, 0x05, 0xfc, 0x05, 0xfc, 0xe5, 0xfb, 0x05, 0xfc, 0x05, 0xfc,
    0x05, 0xfc, 0x04, 0xfc, 0x05, 0xfc, 0xe5, 0xfb, 0x05, 0xfc, 0x05, 0xfc,
    0xe4, 0xfb, 0x05, 0xfc, 0x05, 0xfc, 0x04, 0xfc, 0x05, 0xfc, 0x05, 0xfc,
    0x05, 0xfc, 0xc3, 0xda, 0x00, 0x00, 0x00, 0x00, 0x00, 0x00, 0x00, 0x00,
    0x00, 0x00, 0x00, 0x00, 0x00, 0x00, 0x00, 0x00, 0x00, 0x00, 0x00, 0x00,
    0x00, 0x00, 0x00, 0x00, 0x00, 0x00, 0x00, 0x00, 0x00, 0x00, 0x00, 0x00,
    0x00, 0x00, 0x00, 0x00, 0x00, 0x00, 0x00, 0x00, 0x00, 0x00, 0x00, 0x00,
    0x00, 0x00, 0x00, 0x00, 0x00, 0x00, 0x00, 0x00, 0x00, 0x00, 0x00, 0x00,
    0x00, 0x00, 0x00, 0x00, 0x00, 0x00, 0x05, 0xfc, 0xe5, 0xfb, 0x05, 0xfc,
    0xe5, 0xfb, 0xe5, 0xfb, 0x05, 0xfc, 0x04, 0xfc, 0x05, 0xfc, 0x05, 0xfc,
    0x05, 0xfc, 0x05, 0xfc, 0x05, 0xfc, 0x05, 0xfc, 0x05, 0xfc, 0xe5, 0xfb,
    0x05, 0xfc, 0x05, 0xfc, 0xe4, 0xfb, 0x05, 0xfc, 0x05, 0xfc, 0xe5, 0xfb,
    0x05, 0xfc, 0x05, 0xfc, 0x05, 0xfc, 0x05, 0xfc, 0x05, 0xfc, 0x05, 0xfc,
    0x05, 0xfc, 0x05, 0xfc, 0x05, 0xfc, 0x05, 0xfc, 0x05, 0xfc, 0x05, 0xfc,
    0xe4, 0xfb, 0x05, 0xfc, 0x05, 0xfc, 0x05, 0xfc, 0x05, 0xfc, 0x05, 0xfc,
    0x05, 0xfc, 0x05, 0xfc, 0x04, 0xfc, 0xe5, 0xfb, 0x05, 0xfc, 0x04, 0xfc,
    0xe5, 0xfb, 0x05, 0xfc, 0x05, 0xfc, 0xe5, 0xfb, 0x05, 0xfc, 0x05, 0xfc,
    0xe5, 0xfb, 0x05, 0xfc, 0x05, 0xfc, 0xe5, 0xfb, 0x05, 0xfc, 0x04, 0xfc,
    0xe5, 0xfb, 0x05, 0xfc, 0x04, 0xfc, 0x05, 0xfc, 0x05, 0xfc, 0x04, 0xfc,
    0xe5, 0xfb, 0x05, 0xfc, 0x05, 0xfc, 0x05, 0xfc, 0xe5, 0xfb, 0x04, 0xfc,
    0x05, 0xfc, 0xe5, 0xfb, 0x05, 0xfc, 0x05, 0xfc, 0xe5, 0xfb, 0x05, 0xfc,
    0x05, 0xfc, 0xe5, 0xfb, 0x05, 0xfc, 0x05, 0xfc, 0x05, 0xfc, 0xe5, 0xfb,
    0x05, 0xfc, 0x05, 0xfc, 0xe4, 0xfb, 0xe0, 0x68, 0x00, 0x00, 0x00, 0x00,
    0x00, 0x00, 0x00, 0x00, 0x00, 0x00, 0x00, 0x00, 0x00, 0x00, 0x00, 0x00,
    0x00, 0x00, 0x00, 0x00, 0x00, 0x00, 0x00, 0x00, 0x00, 0x00, 0x00, 0x00,
    0x00, 0x00, 0x00, 0x00, 0x00, 0x00, 0x00, 0x00, 0x00, 0x00, 0x00, 0x00,
    0x00, 0x00, 0x00, 0x00, 0x00, 0x00, 0x00, 0x00, 0x00, 0x00, 0x00, 0x00,
    0x00, 0x00, 0x00, 0x00, 0x00, 0x00, 0x00, 0x00, 0xe1, 0x00, 0x05, 0xfc,
    0x05, 0xfc, 0x05, 0xfc, 0x04, 0xfc, 0x05, 0xfc, 0xe5, 0xfb, 0x05, 0xfc,
    0xe5, 0xfb, 0x05, 0xfc, 0xe4, 0xfb, 0xe5, 0xfb, 0x05, 0xfc, 0x04, 0xfc,
    0x05, 0xfc, 0x05, 0xfc, 0x05, 0xfc, 0x05, 0xfc, 0x05, 0xfc, 0x05, 0xfc,
    0x05, 0xfc, 0xe4, 0xfb, 0x05, 0xfc, 0x05, 0xfc, 0xe5, 0xfb, 0x05, 0xfc,
    0xe5, 0xfb, 0x05, 0xfc, 0xe4, 0xfb, 0x05, 0xfc, 0x05, 0xfc, 0xe5, 0xfb,
    0x05, 0xfc, 0x05, 0xfc, 0x05, 0xfc, 0xe5, 0xfb, 0x05, 0xfc, 0x05, 0xfc,
    0xe5, 0xfb, 0xe5, 0xfb, 0x05, 0xfc, 0x05, 0xfc, 0xe5, 0xfb, 0x05, 0xfc,
    0x05, 0xfc, 0xe5, 0xfb, 0x05, 0xfc, 0x05, 0xfc, 0x04, 0xfc, 0x05, 0xfc,
    0x05, 0xfc, 0x05, 0xfc, 0xe4, 0xfb, 0x05, 0xfc, 0x05, 0xfc, 0xe5, 0xfb,
    0x05, 0xfc, 0x05, 0xfc, 0x05, 0xfc, 0x05, 0xfc, 0xe5, 0xfb, 0x05, 0xfc,
    0x05, 0xfc, 0xe5, 0xfb, 0x05, 0xfc, 0x05, 0xfc, 0x04, 0xfc, 0xe5, 0xfb,
    0x05, 0xfc, 0x05, 0xfc, 0x05, 0xfc, 0x05, 0xfc, 0xe5, 0xfb, 0x05, 0xfc,
    0x05, 0xfc, 0x04, 0xfc, 0x05, 0xfc, 0x05, 0xfc, 0x05, 0xfc, 0x05, 0xfc,
    0xe5, 0xfb, 0x05, 0xfc, 0x05, 0xfc, 0x05, 0xfc, 0x63, 0xfb, 0x00, 0x00,
    0x00, 0x00, 0x00, 0x00, 0x00, 0x00, 0x00, 0x00, 0x00, 0x00, 0x00, 0x00,
    0x00, 0x00, 0x00, 0x00, 0x00, 0x00, 0x00, 0x00, 0x00, 0x00, 0x00, 0x00,
    0x00, 0x00, 0x00, 0x00, 0x00, 0x00, 0x00, 0x00, 0x00, 0x00, 0x00, 0x00,
    0x00, 0x00, 0x00, 0x00, 0x00, 0x00, 0x00, 0x00, 0x00, 0x00, 0x00, 0x00,
    0x00, 0x00, 0x00, 0x00, 0x00, 0x00, 0x00, 0x00, 0x00, 0x00, 0x00, 0x00,
    0xc4, 0x6a, 0x05, 0xfc, 0x05, 0xfc, 0xe5, 0xfb, 0x05, 0xfc, 0x05, 0xfc,
    0x05, 0xfc, 0x05, 0xfc, 0x05, 0xfc, 0x05, 0xfc, 0x05, 0xfc, 0x05, 0xfc,
    0xe5, 0xfb, 0x05, 0xfc, 0xe5, 0xfb, 0x04, 0xfc, 0xe5, 0xfb, 0x05, 0xfc,
    0xe5, 0xfb, 0x05, 0xfc, 0x05, 0xfc, 0x05, 0xfc, 0x05, 0xfc, 0xe4, 0xfb,
    0x05, 0xfc, 0x05, 0xfc, 0x04, 0xfc, 0xe5, 0xfb, 0x05, 0xfc, 0x05, 0xfc,
    0xe5, 0xfb, 0x04, 0xfc, 0xe5, 0xfb, 0x05, 0xfc, 0x05, 0xfc, 0x05, 0xfc,
    0xe4, 0xfb, 0x05, 0xfc, 0x05, 0xfc, 0x04, 0xfc, 0x05, 0xfc, 0xe5, 0xfb,
    0x05, 0xfc, 0x05, 0xfc, 0x05, 0xfc, 0x05, 0xfc, 0x05, 0xfc, 0xe5, 0xfb,
    0x05, 0xfc, 0x05, 0xfc, 0x05, 0xfc, 0x05, 0xfc, 0x05, 0xfc, 0x05, 0xfc,
    0x05, 0xfc, 0x04, 0xfc, 0xe5, 0xfb, 0x05, 0xfc, 0x05, 0xfc, 0xe5, 0xfb,
    0x05, 0xfc, 0x05, 0xfc, 0x05, 0xfc, 0x05, 0xfc, 0x05, 0xfc, 0x05, 0xfc,
    0xe5, 0xfb, 0x05, 0xfc, 0x05, 0xfc, 0x05, 0xfc, 0xe4, 0xfb, 0x05, 0xfc,
    0x05, 0xfc, 0x04, 0xfc, 0xe5, 0xfb, 0x05, 0xfc, 0xe5, 0xfb, 0x05, 0xfc,
    0x04, 0xfc, 0xe5, 0xfb, 0x05, 0xfc, 0x04, 0xfc, 0xe5, 0xfb, 0x05, 0xfc,
    0x42, 0x92, 0x00, 0x00, 0x00, 0x00, 0x00, 0x00, 0x00, 0x00, 0x00, 0x00,
    0x00, 0x00, 0x00, 0x00, 0x00, 0x00, 0x00, 0x00, 0x01, 0x00, 0x02, 0x00,
    0x02, 0x00, 0xe3, 0x00, 0xa3, 0x01, 0xa3, 0x01, 0xa3, 0x01, 0xa3, 0x01,
    0x44, 0x3a, 0x44, 0x3a, 0x44, 0x3a, 0x44, 0x3a, 0xa3, 0x01, 0xa3, 0x01,
    0xe3, 0x00, 0x02, 0x00, 0x01, 0x00, 0x01, 0x00, 0x00, 0x00, 0x00, 0x00,
    0x01, 0x00, 0x44, 0x3a, 0x05, 0xfc, 0xe5, 0xfb, 0x05, 0xfc, 0x05, 0xfc,
    0xe5, 0xfb, 0x04, 0xfc, 0x05, 0xfc, 0xe5, 0xfb, 0x04, 0xfc, 0x05, 0xfc,
    0x05, 0xfc, 0x05, 0xfc, 0x05, 0xfc, 0x05, 0xfc, 0x05, 0xfc, 0xe5, 0xfb,
    0x05, 0xfc, 0x05, 0xfc, 0x04, 0xfc, 0xe5, 0xfb, 0x05, 0xfc, 0x05, 0xfc,
    0xe5, 0xfb, 0x05, 0xfc, 0x05, 0xfc, 0x05, 0xfc, 0x05, 0xfc, 0x05, 0xfc,
    0x05, 0xfc, 0x05, 0xfc, 0x05, 0xfc, 0x05, 0xfc, 0x05, 0xfc, 0xe4, 0xfb,
    0x05, 0xfc, 0x05, 0xfc, 0x05, 0xfc, 0x05, 0xfc, 0x05, 0xfc, 0x05, 0xfc,
    0xe5, 0xfb, 0x04, 0xfc, 0x05, 0xfc, 0x05, 0xfc, 0xe4, 0xfb, 0x05, 0xfc,
    0x05, 0xfc, 0xe4, 0xfb, 0x05, 0xfc, 0x05, 0xfc, 0xe5, 0xfb, 0x05, 0xfc,
    0x05, 0xfc, 0xe5, 0xfb, 0x05, 0xfc, 0x05, 0xfc, 0x05, 0xfc, 0xe5, 0xfb,
    0x04, 0xfc, 0x05, 0xfc, 0x05, 0xfc, 0xe4, 0xfb, 0x05, 0xfc, 0xe5, 0xfb,
    0x04, 0xfc, 0x05, 0xfc, 0x05, 0xfc, 0x05, 0xfc, 0x05, 0xfc, 0xe5, 0xfb,
    0x05, 0xfc, 0x05, 0xfc, 0x05, 0xfc, 0xe5, 0xfb, 0x05, 0xfc, 0x05, 0xfc,
    0x05, 0xfc, 0xe5, 0xfb, 0x05, 0xfc, 0x05, 0xfc, 0x05, 0xfc, 0x05, 0xfc,
    0xe5, 0xfb, 0x05, 0xfc, 0xe1, 0x38, 0x00, 0x00, 0x00, 0x00, 0x00, 0x00,
    0x00, 0x00, 0x00, 0x00, 0x00, 0x00, 0x00, 0x00, 0xe2, 0x00, 0xc5, 0x6a,
    0x65, 0x93, 0x05, 0xbc, 0x05, 0xbc, 0x05, 0xdc, 0xe5, 0xfb, 0x05, 0xfc,
    0x05, 0xfc, 0xe5, 0xfb, 0x05, 0xfc, 0xe5, 0xfb, 0x05, 0xfc, 0xe5, 0xfb,
    0x05, 0xfc, 0x05, 0xfc, 0xe5, 0xe3, 0x05, 0xbc, 0x65, 0x93, 0x65, 0x93,
    0xc5, 0x6a, 0xc5, 0x6a, 0x65, 0x93, 0x05, 0xfc, 0x05, 0xfc, 0x05, 0xfc,
    0x04, 0xfc, 0x05, 0xfc, 0x05, 0xfc, 0x05, 0xfc, 0xe5, 0xfb, 0x05, 0xfc,
    0xe5, 0xfb, 0xe5, 0xfb, 0x04, 0xfc, 0xe5, 0xfb, 0x05, 0xfc, 0x04, 0xfc,
    0x05, 0xfc, 0x05, 0xfc, 0x05, 0xfc, 0x05, 0xfc, 0x05, 0xfc, 0xe5, 0xfb,
    0x04, 0xfc, 0x05, 0xfc, 0x05, 0xfc, 0xe5, 0xfb, 0x05, 0xfc, 0xe5, 0xfb,
    0xe5, 0xfb, 0x05, 0xfc, 0xe4, 0xfb, 0x05, 0xfc, 0x05, 0xfc, 0xe5, 0xfb,
    0x05, 0xfc, 0x05, 0xfc, 0xe5, 0xfb, 0x05, 0xfc, 0xe5, 0xfb, 0xe5, 0xfb,
    0x05, 0xfc, 0x05, 0xfc, 0x05, 0xfc, 0x05, 0xfc, 0x05, 0xfc, 0xe5, 0xfb,
    0x05, 0xfc, 0x05, 0xfc, 0x05, 0xfc, 0x05, 0xfc, 0xe5, 0xfb, 0x05, 0xfc,
    0x05, 0xfc, 0x05, 0xfc, 0xe4, 0xfb, 0x05, 0xfc, 0xe5, 0xfb, 0x05, 0xfc,
    0x05, 0xfc, 0x05, 0xfc, 0xe5, 0xfb, 0x05, 0xfc, 0x05, 0xfc, 0x05, 0xfc,
    0xe5, 0xfb, 0x05, 0xfc, 0x05, 0xfc, 0xe5, 0xfb, 0x04, 0xfc, 0xe5, 0xfb,
    0x05, 0xfc, 0x04, 0xfc, 0x05, 0xfc, 0xe5, 0xfb, 0x05, 0xfc, 0x05, 0xfc,
    0x05, 0xfc, 0x04, 0xfc, 0x05, 0xfc, 0x05, 0xfc, 0xe5, 0xfb, 0x05, 0xfc,
    0x04, 0xfc, 0xe5, 0xfb, 0x05, 0xfc, 0x05, 0xfc, 0x00, 0x00, 0x00, 0x00,
    0x00, 0x00, 0x00, 0x00, 0x00, 0x00, 0x00, 0x00, 0x00, 0x00, 0x00, 0x00,
    0x64, 0xbb, 0x05, 0xfc, 0x05, 0xfc, 0x05, 0xfc, 0x05, 0xfc, 0xe5, 0xfb,
    0x05, 0xfc, 0x05, 0xfc, 0xe5, 0xfb, 0x05, 0xfc, 0x05, 0xfc, 0x05, 0xfc,
    0xe5, 0xfb, 0x05, 0xfc, 0x05, 0xfc, 0xe5, 0xfb, 0x05, 0xfc, 0x05, 0xfc,
    0x05, 0xfc, 0x05, 0xfc, 0x05, 0xfc, 0x05, 0xfc, 0x05, 0xfc, 0x05, 0xfc,
    0xe5, 0xfb, 0x05, 0xfc, 0xe5, 0xfb, 0x05, 0xfc, 0x05, 0xfc, 0xe5, 0xfb,
    0x05, 0xfc, 0x05, 0xfc, 0x05, 0xfc, 0x05, 0xfc, 0x05, 0xfc, 0x05, 0xfc,
    0xe5, 0xfb, 0xe5, 0xfb, 0x05, 0xfc, 0x05, 0xfc, 0xe4, 0xfb, 0x05, 0xfc,
    0x05, 0xfc, 0x05, 0xfc, 0xe5, 0xfb, 0x05, 0xfc, 0x05, 0xfc, 0x04, 0xfc,
    0x05, 0xfc, 0x05, 0xfc, 0x04, 0xfc, 0x05, 0xfc, 0x05, 0xfc, 0xe5, 0xfb,
    0x05, 0xfc, 0x04, 0xfc, 0x05, 0xfc, 0x05, 0xfc, 0x05, 0xfc, 0x04, 0xfc,
    0x05, 0xfc, 0x05, 0xfc, 0xe4, 0xfb, 0x05, 0xfc, 0xe5, 0xfb, 0x05, 0xfc,
    0x05, 0xfc, 0xe5, 0xfb, 0x05, 0xfc, 0x05, 0xfc, 0xe5, 0xfb, 0x05, 0xfc,
    0x05, 0xfc, 0x05, 0xfc, 0x05, 0xfc, 0x05, 0xfc, 0x05, 0xfc, 0x05, 0xfc,
    0x05, 0xfc, 0xe4, 0xfb, 0x05, 0xfc, 0x05, 0xfc, 0x05, 0xfc, 0xe5, 0xfb,
    0x04, 0xfc, 0x05, 0xfc, 0x05, 0xfc, 0x05, 0xfc, 0x05, 0xfc, 0xe5, 0xfb,
    0x05, 0xfc, 0x05, 0xfc, 0xe5, 0xfb, 0x05, 0xfc, 0x05, 0xfc, 0x05, 0xfc,
    0xe4, 0xfb, 0x05, 0xfc, 0xe5, 0xfb, 0xe5, 0xfb, 0x05, 0xfc, 0x05, 0xfc,
    0x04, 0xfc, 0xe5, 0xfb, 0x05, 0xfc, 0x05, 0xfc, 0x05, 0xfc, 0x05, 0xfc,
    0x00, 0x00, 0x00, 0x00, 0x00, 0x00, 0x00, 0x00, 0x00, 0x00, 0x00, 0x00,
    0x00, 0x00, 0x00, 0x00, 0x05, 0xfc, 0x05, 0xfc, 0x05, 0xfc, 0xe5, 0xfb,
    0x05, 0xfc, 0x05, 0xfc, 0x05, 0xfc, 0x05, 0xfc, 0x05, 0xfc, 0x05, 0xfc,
    0x05, 0xfc, 0x05, 0xfc, 0x05, 0xfc, 0x05, 0xfc, 0x05, 0xfc, 0x05, 0xfc,
    0x05, 0xfc, 0x05, 0xfc, 0xe5, 0xfb, 0x05, 0xfc, 0x05, 0xfc, 0x05, 0xfc,
    0x05, 0xfc, 0x05, 0xfc, 0x05, 0xfc, 0xe5, 0xfb, 0x05, 0xfc, 0x05, 0xfc,
    0xe4, 0xfb, 0x05, 0xfc, 0x05, 0xfc, 0x04, 0xfc, 0x05, 0xfc, 0x05, 0xfc,
    0x05, 0xfc, 0x05, 0xfc, 0x05, 0xfc, 0x05, 0xfc, 0x05, 0xfc, 0xe5, 0xfb,
    0x05, 0xfc, 0xe5, 0xfb, 0x05, 0xfc, 0x05, 0xfc, 0x05, 0xfc, 0xe5, 0xfb,
    0x05, 0xfc, 0x05, 0xfc, 0xe5, 0xfb, 0x05, 0xfc, 0x05, 0xfc, 0x05, 0xfc,
    0x05, 0xfc, 0xe5, 0xfb, 0x05, 0xfc, 0x05, 0xfc, 0xe5, 0xfb, 0x05, 0xfc,
    0x05, 0xfc, 0xe5, 0xfb, 0x05, 0xfc, 0x05, 0xfc, 0x05, 0xfc, 0x05, 0xfc,
    0xe4, 0xfb, 0x05, 0xfc, 0x05, 0xfc, 0x04, 0xfc, 0x05, 0xfc, 0xe5, 0xfb,
    0x04, 0xfc, 0x05, 0xfc, 0x05, 0xfc, 0xe5, 0xfb, 0xe5, 0xfb, 0x05, 0xfc,
    0x05, 0xfc, 0xe5, 0xfb, 0x05, 0xfc, 0x05, 0xfc, 0xe5, 0xfb, 0x04, 0xfc,
    0x05, 0xfc, 0x05, 0xfc, 0xe5, 0xfb, 0x05, 0xfc, 0x05, 0xfc, 0xe4, 0xfb,
    0x05, 0xfc, 0x05, 0xfc, 0x05, 0xfc, 0x05, 0xfc, 0x05, 0xfc, 0xe5, 0xfb,
    0x05, 0xfc, 0x05, 0xfc, 0x05, 0xfc, 0x05, 0xfc, 0x05, 0xfc, 0x05, 0xfc,
    0xe5, 0xfb, 0x05, 0xfc, 0x05, 0xfc, 0x05, 0xfc, 0x05, 0xfc, 0xe5, 0xfb,
    0x05, 0xfc, 0xe4, 0xfb, 0x00, 0x00, 0x00, 0x00, 0x00, 0x00, 0x00, 0x00,
    0x00, 0x00, 0x00, 0x00, 0x00, 0x00, 0x00, 0x00, 0x05, 0xfc, 0x05, 0xfc,
    0xe4, 0xfb, 0x05, 0xfc, 0x05, 0xfc, 0xe4, 0xfb, 0x05, 0xfc, 0xe5, 0xfb,
    0x05, 0xfc, 0xe5, 0xfb, 0xe5, 0xfb, 0x05, 0xfc, 0x05, 0xfc, 0xe5, 0xfb,
    0x05, 0xfc, 0xe5, 0xfb, 0x04, 0xfc, 0x05, 0xfc, 0xe5, 0xfb, 0x04, 0xfc,
    0x05, 0xfc, 0xe5, 0xfb, 0xe4, 0xfb, 0x05, 0xfc, 0x05, 0xfc, 0x04, 0xfc,
    0x05, 0xfc, 0x05, 0xfc, 0x05, 0xfc, 0x05, 0xfc, 0xe5, 0xfb, 0x05, 0xfc,
    0xe5, 0xfb, 0xe5, 0xfb, 0x04, 0xfc, 0xe5, 0xfb, 0x05, 0xfc, 0x04, 0xfc,
    0xe5, 0xfb, 0x05, 0xfc, 0x05, 0xfc, 0x04, 0xfc, 0xe5, 0xfb, 0x05, 0xfc,
    0x04, 0xfc, 0x05, 0xfc, 0xe5, 0xfb, 0x05, 0xfc, 0x05, 0xfc, 0xe5, 0xfb,
    0x05, 0xfc, 0xe5, 0xfb, 0x05, 0xfc, 0x04, 0xfc, 0x05, 0xfc, 0xe5, 0xfb,
    0x05, 0xfc, 0x05, 0xfc, 0xe4, 0xfb, 0x05, 0xfc, 0x05, 0xfc, 0xe5, 0xfb,
    0x05, 0xfc, 0x05, 0xfc, 0x05, 0xfc, 0x05, 0xfc, 0xe5, 0xfb, 0x05, 0xfc,
    0x05, 0xfc, 0x05, 0xfc, 0x05, 0xfc, 0xe5, 0xfb, 0x05, 0xfc, 0x05, 0xfc,
    0x05, 0xfc, 0x05, 0xfc, 0xe4, 0xfb, 0x05, 0xfc, 0x05, 0xfc, 0x05, 0xfc,
    0x05, 0xfc, 0xe5, 0xfb, 0x05, 0xfc, 0x05, 0xfc, 0x05, 0xfc, 0xe5, 0xfb,
    0x05, 0xfc, 0x05, 0xfc, 0xe5, 0xfb, 0x05, 0xfc, 0x04, 0xfc, 0xe5, 0xfb,
    0x05, 0xfc, 0x04, 0xfc, 0xe5, 0xfb, 0x05, 0xfc, 0x05, 0xfc, 0xe5, 0xfb,
    0x04, 0xfc, 0x05, 0xfc, 0x05, 0xfc, 0xe5, 0xfb, 0x05, 0xfc, 0x05, 0xfc,
    0xe4, 0xfb, 0x05, 0xfc, 0x05, 0xfc, 0x05, 0xfc, 0x00, 0x00, 0x00, 0x00,
    0x00, 0x00, 0x00, 0x00, 0x00, 0x00, 0x00, 0x00, 0x00, 0x00, 0x00, 0x00,
    0x05, 0xfc, 0xe5, 0xfb, 0x05, 0xfc, 0x05, 0xfc, 0x05, 0xfc, 0x05, 0xfc,
    0xe5, 0xfb, 0x05, 0xfc, 0x04, 0xfc, 0x05, 0xfc, 0x05, 0xfc, 0x04, 0xfc,
    0xe5, 0xfb, 0x05, 0xfc, 0x04, 0xfc, 0xe5, 0xfb, 0x05, 0xfc, 0x05, 0xfc,
    0x05, 0xfc, 0x05, 0xfc, 0x05, 0xfc, 0x05, 0xfc, 0x05, 0xfc, 0xe5, 0xfb,
    0x05, 0xfc, 0x05, 0xfc, 0xe5, 0xfb, 0x05, 0xfc, 0x05, 0xfc, 0xe5, 0xfb,
    0x05, 0xfc, 0x05, 0xfc, 0x05, 0xfc, 0x05, 0xfc, 0x05, 0xfc, 0xe5, 0xfb,
    0x05, 0xfc, 0x05, 0xfc, 0x05, 0xfc, 0x05, 0xfc, 0x05, 0xfc, 0x05, 0xfc,
    0x05, 0xfc, 0xe5, 0xfb, 0x05, 0xfc, 0x05, 0xfc, 0x04, 0xfc, 0x05, 0xfc,
    0x05, 0xfc, 0x04, 0xfc, 0x05, 0xfc, 0x05, 0xfc, 0xe5, 0xfb, 0x05, 0xfc,
    0x05, 0xfc, 0x05, 0xfc, 0x05, 0xfc, 0x05, 0xfc, 0xe5, 0xfb, 0x05, 0xfc,
    0x05, 0xfc, 0x04, 0xfc, 0xe5, 0xfb, 0x05, 0xfc, 0x05, 0xfc, 0xe5, 0xfb,
    0x05, 0xfc, 0x05, 0xfc, 0xe4, 0xfb, 0x05, 0xfc, 0x05, 0xfc, 0xe4, 0xfb,
    0x05, 0xfc, 0x05, 0xfc, 0x05, 0xfc, 0x05, 0xfc, 0x05, 0xfc, 0x05, 0xfc,
    0xe5, 0xfb, 0x04, 0xfc, 0x05, 0xfc, 0x05, 0xfc, 0xe5, 0xfb, 0x04, 0xfc,
    0x05, 0xfc, 0x05, 0xfc, 0x04, 0xfc, 0x05, 0xfc, 0x05, 0xfc, 0xe5, 0xfb,
    0x05, 0xfc, 0x05, 0xfc, 0x05, 0xfc, 0x05, 0xfc, 0x05, 0xfc, 0xe4, 0xfb,
    0x05, 0xfc, 0x05, 0xfc, 0xe5, 0xfb, 0x05, 0xfc, 0x04, 0xfc, 0x05, 0xfc,
    0xe5, 0xfb, 0x05, 0xfc, 0x05, 0xfc, 0x05, 0xfc, 0x05, 0xfc, 0xe5, 0xfb,
    0x01, 0x00, 0x00, 0x00, 0x00, 0x00, 0x00, 0x00, 0x00, 0x00, 0x00, 0x00,
    0x00, 0x00, 0x00, 0x00, 0x04, 0xfc, 0x05, 0xfc, 0x05, 0xfc, 0xe5, 0xfb,
    0x05, 0xfc, 0x05, 0xfc, 0x05, 0xfc, 0x05, 0xfc, 0x05, 0xfc, 0xe5, 0xfb,
    0x05, 0xfc, 0x05, 0xfc, 0x05, 0xfc, 0x05, 0xfc, 0x05, 0xfc, 0x05, 0xfc,
    0x05, 0xfc, 0xe5, 0xfb, 0x05, 0xfc, 0xe5, 0xfb, 0x05, 0xfc, 0x05, 0xfc,
    0x05, 0xfc, 0x05, 0xfc, 0xe4, 0xfb, 0x05, 0xfc, 0x05, 0xfc, 0xe4, 0xfb,
    0x05, 0xfc, 0x05, 0xfc, 0x04, 0xfc, 0x05, 0xfc, 0xe5, 0xfb, 0x04, 0xfc,
    0x05, 0xfc, 0x05, 0xfc, 0x05, 0xfc, 0xe5, 0xfb, 0x04, 0xfc, 0xe5, 0xfb,
    0xe5, 0xfb, 0x05, 0xfc, 0x05, 0xfc, 0x05, 0xfc, 0xe5, 0xfb, 0x05, 0xfc,
    0xe5, 0xfb, 0x05, 0xfc, 0xe5, 0xfb, 0x05, 0xfc, 0x05, 0xfc, 0x04, 0xfc,
    0xe5, 0xfb, 0x05, 0xfc, 0x05, 0xfc, 0xe4, 0xfb, 0x05, 0xfc, 0x05, 0xfc,
    0x05, 0xfc, 0x05, 0xfc, 0x05, 0xfc, 0x05, 0xfc, 0x05, 0xfc, 0xe5, 0xfb,
    0x04, 0xfc, 0x05, 0xfc, 0x05, 0xfc, 0x05, 0xfc, 0xe5, 0xfb, 0x05, 0xfc,
    0x05, 0xfc, 0x05, 0xfc, 0x05, 0xfc, 0xe5, 0xfb, 0xe5, 0xfb, 0x05, 0xfc,
    0x05, 0xfc, 0xe5, 0xfb, 0x05, 0xfc, 0x05, 0xfc, 0xe5, 0xfb, 0x05, 0xfc,
    0x05, 0xfc, 0xe5, 0xfb, 0x05, 0xfc, 0x05, 0xfc, 0xe5, 0xfb, 0x05, 0xfc,
    0x05, 0xfc, 0x04, 0xfc, 0xe5, 0xfb, 0x05, 0xfc, 0x05, 0xfc, 0xe5, 0xfb,
    0x05, 0xfc, 0x05, 0xfc, 0x05, 0xfc, 0x05, 0xfc, 0x05, 0xfc, 0xe5, 0xfb,
    0x05, 0xfc, 0x05, 0xfc, 0x05, 0xfc, 0x04, 0xfc, 0xe5, 0xfb, 0x05, 0xfc,
    0x05, 0xfc, 0x05, 0xfc, 0xe1, 0x38, 0x00, 0x00, 0x00, 0x00, 0x00, 0x00,
    0x00, 0x00, 0x00, 0x00, 0x00, 0x00, 0x00, 0x00, 0x64, 0xdb, 0x05, 0xfc,
    0x04, 0xfc, 0xe5, 0xfb, 0x05, 0xfc, 0x04, 0xfc, 0xe5, 0xfb, 0x05, 0xfc,
    0x05, 0xfc, 0xe5, 0xfb, 0x05, 0xfc, 0x05, 0xfc, 0xe5, 0xfb, 0x05, 0xfc,
    0xe5, 0xfb, 0x05, 0xfc, 0x05, 0xfc, 0x04, 0xfc, 0xe5, 0xfb, 0x05, 0xfc,
    0x04, 0xfc, 0xe5, 0xfb, 0x05, 0xfc, 0x05, 0xfc, 0x05, 0xfc, 0x05, 0xfc,
    0x05, 0xfc, 0xe5, 0xfb, 0x05, 0xfc, 0x05, 0xfc, 0xe5, 0xfb, 0x05, 0xfc,
    0x05, 0xfc, 0xe5, 0xfb, 0x05, 0xfc, 0x04, 0xfc, 0xe5, 0xfb, 0x05, 0xfc,
    0x05, 0xfc, 0x05, 0xfc, 0x04, 0xfc, 0xe5, 0xfb, 0x05, 0xfc, 0x04, 0xfc,
    0x05, 0xfc, 0x05, 0xfc, 0x05, 0xfc, 0xe5, 0xfb, 0x04, 0xfc, 0xe5, 0xfb,
    0x05, 0xfc, 0x05, 0xfc, 0x05, 0xfc, 0x05, 0xfc, 0xe5, 0xfb, 0x05, 0xfc,
    0x05, 0xfc, 0xe4, 0xfb, 0x05, 0xfc, 0xe5, 0xfb, 0xe4, 0xfb, 0x05, 0xfc,
    0x05, 0xfc, 0x05, 0xfc, 0xe5, 0xfb, 0x05, 0xfc, 0x04, 0xfc, 0xe5, 0xfb,
    0x05, 0xfc, 0x05, 0xfc, 0xe5, 0xfb, 0x05, 0xfc, 0x05, 0xfc, 0x05, 0xfc,
    0x05, 0xfc, 0x05, 0xfc, 0xe4, 0xfb, 0x05, 0xfc, 0x05, 0xfc, 0x05, 0xfc,
    0x05, 0xfc, 0x04, 0xfc, 0x05, 0xfc, 0x05, 0xfc, 0xe5, 0xfb, 0x05, 0xfc,
    0x05, 0xfc, 0xe5, 0xfb, 0x05, 0xfc, 0x05, 0xfc, 0x05, 0xfc, 0xe5, 0xfb,
    0x04, 0xfc, 0x05, 0xfc, 0xe5, 0xfb, 0x05, 0xfc, 0x05, 0xfc, 0xe4, 0xfb,
    0x05, 0xfc, 0x05, 0xfc, 0xe5, 0xfb, 0x05, 0xfc, 0x05, 0xfc, 0xe5, 0xfb,
    0x05, 0xfc, 0x05, 0xfc, 0xe4, 0xfb, 0x05, 0xfc, 0xa3, 0x69, 0x00, 0x00,
    0x00, 0x00, 0x00, 0x00, 0x00, 0x00, 0x00, 0x00, 0x00, 0x00, 0x00, 0x00,
    0xc3, 0xda, 0x05, 0xfc, 0x05, 0xfc, 0x05, 0xfc, 0x05, 0xfc, 0xe5, 0xfb,
    0x05, 0xfc, 0x04, 0xfc, 0x05, 0xfc, 0x05, 0xfc, 0x04, 0xfc, 0xe5, 0xfb,
    0x05, 0xfc, 0x04, 0xfc, 0xe5, 0xfb, 0x05, 0xfc, 0x05, 0xfc, 0x05, 0xfc,
    0x05, 0xfc, 0x05, 0xfc, 0x05, 0xfc, 0xe5, 0xfb, 0x04, 0xfc, 0x05, 0xfc,
    0xe5, 0xfb, 0x05, 0xfc, 0x05, 0xfc, 0x05, 0xfc, 0x05, 0xfc, 0xe5, 0xfb,
    0x05, 0xfc, 0x04, 0xfc, 0x05, 0xfc, 0x05, 0xfc, 0x05, 0xfc, 0xe5, 0xfb,
    0x05, 0xfc, 0x05, 0xfc, 0x05, 0xfc, 0x05, 0xfc, 0x05, 0xfc, 0x05, 0xfc,
    0xe5, 0xfb, 0x05, 0xfc, 0x05, 0xfc, 0xe4, 0xfb, 0x05, 0xfc, 0x05, 0xfc,
    0x05, 0xfc, 0x05, 0xfc, 0xe5, 0xfb, 0x05, 0xfc, 0x05, 0xfc, 0xe4, 0xfb,
    0x05, 0xfc, 0x05, 0xfc, 0x05, 0xfc, 0x05, 0xfc, 0x05, 0xfc, 0x05, 0xfc,
    0x05, 0xfc, 0xe5, 0xfb, 0x05, 0xfc, 0x04, 0xfc, 0x05, 0xfc, 0xe5, 0xfb,
    0x05, 0xfc, 0x05, 0xfc, 0x05, 0xfc, 0x04, 0xfc, 0xe5, 0xfb, 0x05, 0xfc,
    0x04, 0xfc, 0xe5, 0xfb, 0x05, 0xfc, 0x05, 0xfc, 0x05, 0xfc, 0x05, 0xfc,
    0xe5, 0xfb, 0x04, 0xfc, 0x05, 0xfc, 0xe5, 0xfb, 0x05, 0xfc, 0x05, 0xfc,
    0x04, 0xfc, 0x05, 0xfc, 0x05, 0xfc, 0xe4, 0xfb, 0x05, 0xfc, 0x05, 0xfc,
    0x05, 0xfc, 0x05, 0xfc, 0x05, 0xfc, 0x05, 0xfc, 0x04, 0xfc, 0xe5, 0xfb,
    0x05, 0xfc, 0x05, 0xfc, 0x05, 0xfc, 0x05, 0xfc, 0x04, 0xfc, 0x05, 0xfc,
    0xe5, 0xfb, 0x05, 0xfc, 0x05, 0xfc, 0x05, 0xfc, 0xe5, 0xfb, 0x05, 0xfc,
    0xc4, 0x92, 0x00, 0x00, 0x00, 0x00, 0x00, 0x00, 0x00, 0x00, 0x00, 0x00,
    0x00, 0x00, 0x00, 0x00, 0x42, 0x92, 0xe5, 0xfb, 0x05, 0xfc, 0x05, 0xfc,
    0xe5, 0xfb, 0x05, 0xfc, 0x05, 0xfc, 0xe5, 0xfb, 0xe5, 0xfb, 0x05, 0xfc,
    0x05, 0xfc, 0x05, 0xfc, 0x05, 0xfc, 0x05, 0xfc, 0x05, 0xfc, 0xe4, 0xfb,
    0x05, 0xfc, 0xe5, 0xfb, 0x05, 0xfc, 0x05, 0xfc, 0xe5, 0xfb, 0x05, 0xfc,
    0x05, 0xfc, 0xe5, 0xfb, 0x05, 0xfc, 0xe4, 0xfb, 0x05, 0xfc, 0x05, 0xfc,
    0xe4, 0xfb, 0x05, 0xfc, 0x05, 0xfc, 0xe5, 0xfb, 0x05, 0xfc, 0x05, 0xfc,
    0xe5, 0xfb, 0x05, 0xfc, 0x05, 0xfc, 0xe4, 0xfb, 0x05, 0xfc, 0xe5, 0xfb,
    0x05, 0xfc, 0x05, 0xfc, 0x05, 0xfc, 0xe5, 0xfb, 0x05, 0xfc, 0x05, 0xfc,
    0x05, 0xfc, 0x05, 0xfc, 0x05, 0xfc, 0x05, 0xfc, 0xe4, 0xfb, 0x05, 0xfc,
    0x05, 0xfc, 0x05, 0xfc, 0x05, 0xfc, 0xe5, 0xfb, 0xe5, 0xfb, 0x05, 0xfc,
    0x05, 0xfc, 0x05, 0xfc, 0x05, 0xfc, 0x05, 0xfc, 0xe5, 0xfb, 0x05, 0xfc,
    0x05, 0xfc, 0x05, 0xfc, 0x05, 0xfc, 0xe5, 0xfb, 0x05, 0xfc, 0x05, 0xfc,
    0x05, 0xfc, 0x05, 0xfc, 0x05, 0xfc, 0x05, 0xfc, 0xe5, 0xfb, 0x05, 0xfc,
    0x05, 0xfc, 0xe5, 0xfb, 0x05, 0xfc, 0x05, 0xfc, 0xe5, 0xfb, 0x05, 0xfc,
    0x05, 0xfc, 0xe5, 0xfb, 0x05, 0xfc, 0x05, 0xfc, 0xe5, 0xfb, 0x05, 0xfc,
    0x05, 0xfc, 0xe5, 0xfb, 0xe4, 0xfb, 0x05, 0xfc, 0xe5, 0xfb, 0x05, 0xfc,
    0x05, 0xfc, 0x05, 0xfc, 0xe5, 0xfb, 0x05, 0xfc, 0x05, 0xfc, 0xe5, 0xfb,
    0x05, 0xfc, 0x05, 0xfc, 0x04, 0xfc, 0x05, 0xfc, 0x05, 0xfc, 0xe5, 0xfb,
    0x05, 0xfc, 0x05, 0xfc, 0x05, 0xdc, 0x00, 0x00, 0x00, 0x00, 0x00, 0x00,
    0x00, 0x00, 0x00, 0x00, 0x00, 0x00, 0x00, 0x00, 0xe1, 0x68, 0x05, 0xfc,
    0xe5, 0xfb, 0x05, 0xfc, 0x04, 0xfc, 0x05, 0xfc, 0x05, 0xfc, 0x05, 0xfc,
    0x05, 0xfc, 0xe5, 0xfb, 0x05, 0xfc, 0x04, 0xfc, 0xe5, 0xfb, 0x05, 0xfc,
    0x05, 0xfc, 0x05, 0xfc, 0x05, 0xfc, 0xe5, 0xfb, 0x04, 0xfc, 0x05, 0xfc,
    0x05, 0xfc, 0x04, 0xfc, 0x05, 0xfc, 0x05, 0xfc, 0x05, 0xfc, 0x05, 0xfc,
    0xe5, 0xfb, 0x05, 0xfc, 0x05, 0xfc, 0x05, 0xfc, 0x05, 0xfc, 0xe5, 0xfb,
    0x05, 0xfc, 0x04, 0xfc, 0x05, 0xfc, 0x05, 0xfc, 0x05, 0xfc, 0x05, 0xfc,
    0x05, 0xfc, 0xe5, 0xfb, 0x04, 0xfc, 0x05, 0xfc, 0x05, 0xfc, 0x04, 0xfc,
    0xe5, 0xfb, 0x05, 0xfc, 0xe5, 0xfb, 0xe4, 0xfb, 0x05, 0xfc, 0x05, 0xfc,
    0x05, 0xfc, 0xe5, 0xfb, 0x05, 0xfc, 0x05, 0xfc, 0x05, 0xfc, 0x04, 0xfc,
    0x05, 0xfc, 0xe5, 0xfb, 0xe4, 0xfb, 0x05, 0xfc, 0x05, 0xfc, 0xe4, 0xfb,
    0x05, 0xfc, 0x05, 0xfc, 0xe5, 0xfb, 0x05, 0xfc, 0x04, 0xfc, 0xe5, 0xfb,
    0x05, 0xfc, 0x05, 0xfc, 0xe5, 0xfb, 0x05, 0xfc, 0xe5, 0xfb, 0x05, 0xfc,
    0x05, 0xfc, 0x05, 0xfc, 0xe4, 0xfb, 0x05, 0xfc, 0x05, 0xfc, 0x05, 0xfc,
    0x05, 0xfc, 0x04, 0xfc, 0xe5, 0xfb, 0x05, 0xfc, 0x05, 0xfc, 0xe5, 0xfb,
    0x05, 0xfc, 0x05, 0xfc, 0x05, 0xfc, 0x05, 0xfc, 0x05, 0xfc, 0x05, 0xfc,
    0x05, 0xfc, 0xe5, 0xfb, 0x05, 0xfc, 0x05, 0xfc, 0x04, 0xfc, 0xe5, 0xfb,
    0x05, 0xfc, 0x04, 0xfc, 0xe5, 0xfb, 0x05, 0xfc, 0xe5, 0xfb, 0x05, 0xfc,
    0x04, 0xfc, 0x05, 0xfc, 0x05, 0xfc, 0x04, 0xfc, 0xe5, 0xfb, 0xe1, 0x00,
    0x00, 0x00, 0x00, 0x00, 0x00, 0x00, 0x00, 0x00, 0x00, 0x00, 0x00, 0x00,
    0x00, 0x00, 0xa0, 0xb9, 0xa0, 0xb9, 0xa0, 0xb9, 0x80, 0xb9, 0xa0, 0xb9,
    0xa0, 0xb9, 0xa0, 0xb9, 0xa0, 0xb9, 0xa0, 0xb9, 0x80, 0xb9, 0xa0, 0xb9,
    0xa0, 0xb9, 0x80, 0xb9, 0xa0, 0xb9, 0xa0, 0xb9, 0x41, 0xda, 0x41, 0xda,
    0x21, 0xe2, 0xc2, 0xfa, 0xc2, 0xfa, 0x63, 0xfb, 0x03, 0xfc, 0xe5, 0xfb,
    0x05, 0xfc, 0x05, 0xfc, 0x05, 0xfc, 0x05, 0xfc, 0xe5, 0xfb, 0x04, 0xfc,
    0x05, 0xfc, 0x05, 0xfc, 0xe5, 0xfb, 0x05, 0xfc, 0x05, 0xfc, 0xe5, 0xfb,
    0x04, 0xfc, 0x05, 0xfc, 0x05, 0xfc, 0x05, 0xfc, 0xe5, 0xfb, 0x05, 0xfc,
    0xe5, 0xfb, 0x05, 0xfc, 0x05, 0xfc, 0x05, 0xfc, 0x05, 0xfc, 0x05, 0xfc,
    0xe5, 0xfb, 0x05, 0xfc, 0x05, 0xfc, 0x05, 0xfc, 0xe4, 0xfb, 0x05, 0xfc,
    0xe5, 0xfb, 0x05, 0xfc, 0x05, 0xfc, 0x05, 0xfc, 0x05, 0xfc, 0x05, 0xfc,
    0xe5, 0xfb, 0x05, 0xfc, 0x05, 0xfc, 0x05, 0xfc, 0xe5, 0xfb, 0x05, 0xfc,
    0x05, 0xfc, 0x05, 0xfc, 0x04, 0xfc, 0xe5, 0xfb, 0x05, 0xfc, 0x04, 0xfc,
    0x05, 0xfc, 0xe5, 0xfb, 0x05, 0xfc, 0x05, 0xfc, 0x05, 0xfc, 0x05, 0xfc,
    0xe5, 0xfb, 0x05, 0xfc, 0x05, 0xfc, 0xe5, 0xfb, 0x05, 0xfc, 0x05, 0xfc,
    0x04, 0xfc, 0x05, 0xfc, 0x05, 0xfc, 0xe4, 0xfb, 0x05, 0xfc, 0x05, 0xfc,
    0xe5, 0xfb, 0x05, 0xfc, 0x04, 0xfc, 0x05, 0xfc, 0xe5, 0xfb, 0x05, 0xfc,
    0x05, 0xfc, 0x05, 0xfc, 0x05, 0xfc, 0x05, 0xfc, 0x05, 0xfc, 0x05, 0xfc,
    0xe5, 0xfb, 0x05, 0xfc, 0x05, 0xfc, 0xe5, 0xfb, 0x05, 0xfc, 0x05, 0xfc,
    0x63, 0xfb, 0x00, 0x38, 0x00, 0x00, 0x00, 0x00, 0x00, 0x00, 0x00, 0x00,
    0x00, 0x00, 0x00, 0x00, 0x00, 0x00, 0x00, 0x00, 0x00, 0x00, 0x00, 0x00,
    0x00, 0x00, 0x00, 0x00, 0x00, 0x00, 0x00, 0x00, 0x00, 0x00, 0x00, 0x00,
    0x00, 0x00, 0x00, 0x00, 0x00, 0x00, 0x00, 0x00, 0x00, 0x00, 0x00, 0x00,
    0x00, 0x00, 0x00, 0x00, 0x00, 0x00, 0x00, 0x00, 0x00, 0x00, 0x00, 0x38,
    0x00, 0x68, 0x41, 0xda, 0xe5, 0xfb, 0x04, 0xfc, 0x05, 0xfc, 0xe5, 0xfb,
    0x05, 0xfc, 0x05, 0xfc, 0x05, 0xfc, 0x05, 0xfc, 0x04, 0xfc, 0xe5, 0xfb,
    0x05, 0xfc, 0x05, 0xfc, 0xe5, 0xfb, 0xe5, 0xfb, 0x05, 0xfc, 0x05, 0xfc,
    0x05, 0xfc, 0x04, 0xfc, 0x05, 0xfc, 0xe5, 0xfb, 0x05, 0xfc, 0x04, 0xfc,
    0x05, 0xfc, 0x05, 0xfc, 0x05, 0xfc, 0xe4, 0xfb, 0x05, 0xfc, 0x05, 0xfc,
    0x05, 0xfc, 0x05, 0xfc, 0xe5, 0xfb, 0x05, 0xfc, 0x05, 0xfc, 0xe5, 0xfb,
    0x05, 0xfc, 0x04, 0xfc, 0x05, 0xfc, 0x05, 0xfc, 0x05, 0xfc, 0x04, 0xfc,
    0x05, 0xfc, 0xe5, 0xfb, 0x05, 0xfc, 0x05, 0xfc, 0xe5, 0xfb, 0x05, 0xfc,
    0x05, 0xfc, 0x05, 0xfc, 0x05, 0xfc, 0x05, 0xfc, 0xe5, 0xfb, 0x05, 0xfc,
    0x05, 0xfc, 0xe5, 0xfb, 0x04, 0xfc, 0x05, 0xfc, 0xe5, 0xfb, 0x05, 0xfc,
    0x05, 0xfc, 0xe5, 0xfb, 0x05, 0xfc, 0x05, 0xfc, 0xe5, 0xfb, 0x05, 0xfc,
    0x05, 0xfc, 0xe4, 0xfb, 0x05, 0xfc, 0x05, 0xfc, 0xe5, 0xfb, 0x05, 0xfc,
    0x05, 0xfc, 0xe4, 0xfb, 0x05, 0xfc, 0xe5, 0xfb, 0x05, 0xfc, 0xe5, 0xfb,
    0x05, 0xfc, 0x04, 0xfc, 0x05, 0xfc, 0x05, 0xfc, 0xe5, 0xfb, 0x05, 0xfc,
    0x05, 0xfc, 0xe5, 0xfb, 0xe1, 0x68, 0x00, 0x00, 0x00, 0x00, 0x00, 0x00,
    0x00, 0x00, 0x00, 0x00, 0x00, 0x00, 0x00, 0x00, 0x00, 0x00, 0x00, 0x00,
    0x00, 0x00, 0x00, 0x00, 0x00, 0x00, 0x00, 0x00, 0x00, 0x00, 0x00, 0x00,
    0x00, 0x00, 0x00, 0x00, 0x00, 0x00, 0x00, 0x00, 0x00, 0x00, 0x00, 0x00,
    0x00, 0x00, 0x00, 0x00, 0x00, 0x00, 0x00, 0x00, 0x00, 0x00, 0x00, 0x00,
    0x00, 0x00, 0x00, 0x00, 0x00, 0x00, 0x00, 0x00, 0xc2, 0xda, 0x05, 0xfc,
    0x05, 0xfc, 0x05, 0xfc, 0x04, 0xfc, 0xe5, 0xfb, 0xe5, 0xfb, 0x05, 0xfc,
    0x05, 0xfc, 0x05, 0xfc, 0x05, 0xfc, 0x05, 0xfc, 0x05, 0xfc, 0x04, 0xfc,
    0xe5, 0xfb, 0x05, 0xfc, 0x05, 0xfc, 0xe5, 0xfb, 0x05, 0xfc, 0x05, 0xfc,
    0xe5, 0xfb, 0x05, 0xfc, 0xe5, 0xfb, 0x05, 0xfc, 0x05, 0xfc, 0x05, 0xfc,
    0xe5, 0xfb, 0x05, 0xfc, 0x05, 0xfc, 0x05, 0xfc, 0x04, 0xfc, 0x05, 0xfc,
    0x05, 0xfc, 0xe4, 0xfb, 0x05, 0xfc, 0x05, 0xfc, 0xe5, 0xfb, 0xe5, 0xfb,
    0x05, 0xfc, 0x05, 0xfc, 0x05, 0xfc, 0x04, 0xfc, 0xe5, 0xfb, 0x05, 0xfc,
    0x05, 0xfc, 0x05, 0xfc, 0xe5, 0xfb, 0xe5, 0xfb, 0x05, 0xfc, 0x05, 0xfc,
    0x05, 0xfc, 0x05, 0xfc, 0xe5, 0xfb, 0x05, 0xfc, 0x05, 0xfc, 0x05, 0xfc,
    0x04, 0xfc, 0x05, 0xfc, 0x05, 0xfc, 0xe4, 0xfb, 0x05, 0xfc, 0x05, 0xfc,
    0xe5, 0xfb, 0x05, 0xfc, 0x05, 0xfc, 0x05, 0xfc, 0x05, 0xfc, 0x05, 0xfc,
    0x05, 0xfc, 0x05, 0xfc, 0x05, 0xfc, 0x05, 0xfc, 0x05, 0xfc, 0x05, 0xfc,
    0xe4, 0xfb, 0x05, 0xfc, 0x05, 0xfc, 0xe5, 0xfb, 0x05, 0xfc, 0x05, 0xfc,
    0xe4, 0xfb, 0x05, 0xfc, 0x05, 0xfc, 0x05, 0xfc, 0x00, 0x00, 0x00, 0x00,
    0x00, 0x00, 0x00, 0x00, 0x00, 0x00, 0x00, 0x00, 0x00, 0x00, 0x00, 0x00,
    0x00, 0x00, 0x00, 0x00, 0x00, 0x00, 0x00, 0x00, 0x00, 0x00, 0x00, 0x00,
    0x00, 0x00, 0x00, 0x00, 0x00, 0x00, 0x00, 0x00, 0x00, 0x00, 0x00, 0x00,
    0x00, 0x00, 0x00, 0x00, 0x00, 0x00, 0x00, 0x00, 0x00, 0x00, 0x00, 0x00,
    0x00, 0x00, 0x00, 0x00, 0x00, 0x00, 0x00, 0x00, 0x00, 0x00, 0x00, 0x00,
    0xe0, 0x38, 0x05, 0xfc, 0xe5, 0xfb, 0x05, 0xfc, 0x05, 0xfc, 0x05, 0xfc,
    0x05, 0xfc, 0xe5, 0xfb, 0x05, 0xfc, 0xe4, 0xfb, 0x05, 0xfc, 0xe5, 0xfb,
    0x05, 0xfc, 0x05, 0xfc, 0x05, 0xfc, 0xe5, 0xfb, 0x04, 0xfc, 0x05, 0xfc,
    0x05, 0xfc, 0x05, 0xfc, 0x04, 0xfc, 0x05, 0xfc, 0xe5, 0xfb, 0x05, 0xfc,
    0x05, 0xfc, 0x05, 0xfc, 0xe5, 0xfb, 0x04, 0xfc, 0xe5, 0xfb, 0xe5, 0xfb,
    0x05, 0xfc, 0x05, 0xfc, 0xe5, 0xfb, 0x05, 0xfc, 0x05, 0xfc, 0x05, 0xfc,
    0x05, 0xfc, 0x05, 0xfc, 0xe4, 0xfb, 0xe5, 0xfb, 0x05, 0xfc, 0x05, 0xfc,
    0x05, 0xfc, 0x05, 0xfc, 0x04, 0xfc, 0x05, 0xfc, 0x05, 0xfc, 0x04, 0xfc,
    0x05, 0xfc, 0xe5, 0xfb, 0x05, 0xfc, 0x05, 0xfc, 0x04, 0xfc, 0x05, 0xfc,
    0xe5, 0xfb, 0x05, 0xfc, 0xe5, 0xfb, 0x05, 0xfc, 0x05, 0xfc, 0x05, 0xfc,
    0x05, 0xfc, 0x05, 0xfc, 0x04, 0xfc, 0x05, 0xfc, 0xe5, 0xfb, 0x05, 0xfc,
    0xe5, 0xfb, 0x04, 0xfc, 0xe5, 0xfb, 0x05, 0xfc, 0xe4, 0xfb, 0x05, 0xfc,
    0x05, 0xfc, 0x05, 0xfc, 0x05, 0xfc, 0x05, 0xfc, 0x05, 0xfc, 0xe5, 0xfb,
    0x05, 0xfc, 0x05, 0xfc, 0x05, 0xfc, 0x05, 0xfc, 0xe5, 0xfb, 0x05, 0xfc,
    0x00, 0x00, 0x00, 0x00, 0x00, 0x00, 0x00, 0x00, 0x00, 0x00, 0x00, 0x00,
    0x00, 0x00, 0x00, 0x00, 0x00, 0x00, 0x00, 0x00, 0x00, 0x00, 0x00, 0x00,
    0x00, 0x00, 0x00, 0x00, 0x00, 0x00, 0x00, 0x00, 0x00, 0x00, 0x00, 0x00,
    0x00, 0x00, 0x00, 0x00, 0x00, 0x00, 0x00, 0x00, 0x00, 0x00, 0x00, 0x00,
    0x00, 0x00, 0x00, 0x00, 0x00, 0x00, 0x00, 0x00, 0x00, 0x00, 0x00, 0x00,
    0x00, 0x00, 0x00, 0x00, 0x00, 0x00, 0x05, 0xfc, 0x05, 0xfc, 0xe5, 0xfb,
    0x05, 0xfc, 0x04, 0xfc, 0x05, 0xfc, 0x05, 0xfc, 0x05, 0xfc, 0x05, 0xfc,
    0xe5, 0xfb, 0x05, 0xfc, 0x04, 0xfc, 0x05, 0xfc, 0x05, 0xfc, 0x05, 0xfc,
    0xe5, 0xfb, 0x05, 0xfc, 0xe5, 0xfb, 0x05, 0xfc, 0x05, 0xfc, 0x05, 0xfc,
    0x05, 0xfc, 0xe4, 0xfb, 0x05, 0xfc, 0x05, 0xfc, 0x05, 0xfc, 0x05, 0xfc,
    0x05, 0xfc, 0x05, 0xfc, 0x05, 0xfc, 0xe5, 0xfb, 0x05, 0xfc, 0x05, 0xfc,
    0xe5, 0xfb, 0x04, 0xfc, 0x05, 0xfc, 0x05, 0xfc, 0x05, 0xfc, 0x05, 0xfc,
    0xe5, 0xfb, 0x05, 0xfc, 0x05, 0xfc, 0xe5, 0xfb, 0xe5, 0xfb, 0x05, 0xfc,
    0x05, 0xfc, 0x05, 0xfc, 0x05, 0xfc, 0x05, 0xfc, 0xe5, 0xfb, 0x05, 0xfc,
    0x05, 0xfc, 0xe5, 0xfb, 0x05, 0xfc, 0x05, 0xfc, 0x05, 0xfc, 0xe5, 0xfb,
    0x05, 0xfc, 0xe5, 0xfb, 0x05, 0xfc, 0xe5, 0xfb, 0x05, 0xfc, 0x05, 0xfc,
    0x04, 0xfc, 0x05, 0xfc, 0x05, 0xfc, 0xe5, 0xfb, 0x05, 0xfc, 0x05, 0xfc,
    0x05, 0xfc, 0xe5, 0xfb, 0xe5, 0xfb, 0x05, 0xfc, 0x05, 0xfc, 0xe5, 0xfb,
    0x04, 0xfc, 0x05, 0xfc, 0x05, 0xfc, 0xe4, 0xfb, 0x05, 0xfc, 0x05, 0xfc,
    0x04, 0xfc, 0x05, 0xfc, 0x00, 0x00, 0x00, 0x00, 0x00, 0x00, 0x00, 0x00,
    0x00, 0x00, 0x00, 0x00, 0x00, 0x00, 0x00, 0x00, 0x00, 0x00, 0x00, 0x00,
    0x00, 0x00, 0x00, 0x00, 0x00, 0x00, 0x00, 0x00, 0x00, 0x00, 0x00, 0x00,
    0x00, 0x00, 0x00, 0x00, 0x00, 0x00, 0x00, 0x00, 0x00, 0x00, 0x00, 0x00,
    0x00, 0x00, 0x00, 0x00, 0x00, 0x00, 0x00, 0x00, 0x00, 0x00, 0x00, 0x00,
    0x00, 0x00, 0x00, 0x00, 0x00, 0x00, 0x00, 0x00, 0x00, 0x00, 0x05, 0xfc,
    0x04, 0xfc, 0x05, 0xfc, 0xe5, 0xfb, 0x05, 0xfc, 0xe5, 0xfb, 0x05, 0xfc,
    0x04, 0xfc, 0x05, 0xfc, 0x05, 0xfc, 0x05, 0xfc, 0xe5, 0xfb, 0xe5, 0xfb,
    0x05, 0xfc, 0x05, 0xfc, 0x05, 0xfc, 0x05, 0xfc, 0x04, 0xfc, 0xe5, 0xfb,
    0xe5, 0xfb, 0x05, 0xfc, 0x05, 0xfc, 0x05, 0xfc, 0xe5, 0xfb, 0x04, 0xfc,
    0x05, 0xfc, 0xe5, 0xfb, 0x05, 0xfc, 0x04, 0xfc, 0x05, 0xfc, 0x05, 0xfc,
    0x04, 0xfc, 0x05, 0xfc, 0xe5, 0xfb, 0x05, 0xfc, 0xe5, 0xfb, 0x05, 0xfc,
    0x05, 0xfc, 0x05, 0xfc, 0x04, 0xfc, 0xe5, 0xfb, 0x05, 0xfc, 0x04, 0xfc,
    0x05, 0xfc, 0xe5, 0xfb, 0xe5, 0xfb, 0x05, 0xfc, 0xe5, 0xfb, 0x05, 0xfc,
    0x05, 0xfc, 0x05, 0xfc, 0xe5, 0xfb, 0x05, 0xfc, 0x04, 0xfc, 0x05, 0xfc,
    0x05, 0xfc, 0x04, 0xfc, 0x05, 0xfc, 0x05, 0xfc, 0xe4, 0xfb, 0x05, 0xfc,
    0x05, 0xfc, 0xe5, 0xfb, 0x05, 0xfc, 0x05, 0xfc, 0x05, 0xfc, 0x05, 0xfc,
    0x05, 0xfc, 0x05, 0xfc, 0x05, 0xfc, 0x04, 0xfc, 0x05, 0xfc, 0x05, 0xfc,
    0xe4, 0xfb, 0x05, 0xfc, 0x05, 0xfc, 0x05, 0xfc, 0xe5, 0xfb, 0x05, 0xfc,
    0x05, 0xfc, 0xe5, 0xfb, 0x05, 0xfc, 0x05, 0xfc, 0x83, 0x39, 0x00, 0x00,
    0x00, 0x00, 0x00, 0x00, 0x00, 0x00, 0x00, 0x00, 0x00, 0x00, 0x00, 0x00,
    0x00, 0x00, 0x00, 0x00, 0x00, 0x00, 0x00, 0x00, 0x00, 0x00, 0x00, 0x00,
    0x00, 0x00, 0x00, 0x00, 0x00, 0x00, 0x00, 0x00, 0x00, 0x00, 0x00, 0x00,
    0x00, 0x00, 0x00, 0x00, 0x00, 0x00, 0x00, 0x00, 0x00, 0x00, 0x00, 0x00,
    0x00, 0x00, 0x00, 0x00, 0x00, 0x00, 0x00, 0x00, 0x00, 0x00, 0x00, 0x00,
    0xe2, 0x38, 0x05, 0xfc, 0xe5, 0xfb, 0x05, 0xfc, 0x05, 0xfc, 0x05, 0xfc,
    0xe5, 0xfb, 0x05, 0xfc, 0xe5, 0xfb, 0xe5, 0xfb, 0x05, 0xfc, 0x05, 0xfc,
    0x05, 0xfc, 0x04, 0xfc, 0xe5, 0xfb, 0x05, 0xfc, 0x04, 0xfc, 0xe5, 0xfb,
    0x05, 0xfc, 0x05, 0xfc, 0x05, 0xfc, 0x04, 0xfc, 0xe5, 0xfb, 0x05, 0xfc,
    0x05, 0xfc, 0xe5, 0xfb, 0x05, 0xfc, 0x05, 0xfc, 0xe5, 0xfb, 0x05, 0xfc,
    0xe5, 0xfb, 0x05, 0xfc, 0x05, 0xfc, 0xe5, 0xfb, 0x05, 0xfc, 0x05, 0xfc,
    0x05, 0xfc, 0xe4, 0xfb, 0x05, 0xfc, 0x05, 0xfc, 0x05, 0xfc, 0x05, 0xfc,
    0xe5, 0xfb, 0x05, 0xfc, 0x05, 0xfc, 0x05, 0xfc, 0x04, 0xfc, 0x05, 0xfc,
    0x05, 0xfc, 0xe5, 0xfb, 0x05, 0xfc, 0x05, 0xfc, 0x05, 0xfc, 0x05, 0xfc,
    0xe5, 0xfb, 0xe5, 0xfb, 0x05, 0xfc, 0x05, 0xfc, 0xe5, 0xfb, 0x05, 0xfc,
    0x05, 0xfc, 0x05, 0xfc, 0x05, 0xfc, 0xe5, 0xfb, 0x05, 0xfc, 0xe5, 0xfb,
    0xe4, 0xfb, 0x05, 0xfc, 0xe5, 0xfb, 0xe4, 0xfb, 0x05, 0xfc, 0x05, 0xfc,
    0x05, 0xfc, 0xe5, 0xfb, 0x05, 0xfc, 0x05, 0xfc, 0xe5, 0xfb, 0x05, 0xfc,
    0x05, 0xfc, 0x05, 0xfc, 0x05, 0xfc, 0xe5, 0xfb, 0x05, 0xfc, 0x05, 0xfc,
    0x05, 0xdc, 0xe2, 0x00, 0x00, 0x00, 0x00, 0x00, 0x00, 0x00, 0x00, 0x00,
    0x00, 0x00, 0x00, 0x00, 0x00, 0x00, 0x00, 0x00, 0x00, 0x00, 0x00, 0x00,
    0x00, 0x00, 0x00, 0x00, 0x00, 0x00, 0x00, 0x00, 0x00, 0x00, 0x00, 0x00,
    0x00, 0x00, 0x00, 0x00, 0x00, 0x00, 0x00, 0x00, 0x00, 0x00, 0x00, 0x00,
    0x00, 0x00, 0x00, 0x00, 0x00, 0x00, 0x00, 0x00, 0x00, 0x00, 0x00, 0x00,
    0x00, 0x00, 0x01, 0x00, 0x65, 0xbb, 0x05, 0xfc, 0x05, 0xfc, 0xe5, 0xfb,
    0x04, 0xfc, 0x05, 0xfc, 0x05, 0xfc, 0x04, 0xfc, 0x05, 0xfc, 0x05, 0xfc,
    0x04, 0xfc, 0xe5, 0xfb, 0x05, 0xfc, 0x05, 0xfc, 0x05, 0xfc, 0xe5, 0xfb,
    0x05, 0xfc, 0x05, 0xfc, 0x05, 0xfc, 0x05, 0xfc, 0x05, 0xfc, 0xe5, 0xfb,
    0x05, 0xfc, 0x05, 0xfc, 0x05, 0xfc, 0x05, 0xfc, 0x05, 0xfc, 0x04, 0xfc,
    0x05, 0xfc, 0x05, 0xfc, 0xe5, 0xfb, 0x05, 0xfc, 0x05, 0xfc, 0x04, 0xfc,
    0x05, 0xfc, 0x05, 0xfc, 0x05, 0xfc, 0x05, 0xfc, 0xe5, 0xfb, 0xe5, 0xfb,
    0x05, 0xfc, 0x05, 0xfc, 0x05, 0xfc, 0xe5, 0xfb, 0x05, 0xfc, 0x05, 0xfc,
    0x05, 0xfc, 0x05, 0xfc, 0x04, 0xfc, 0x05, 0xfc, 0xe5, 0xfb, 0x05, 0xfc,
    0x04, 0xfc, 0x05, 0xfc, 0x05, 0xfc, 0x05, 0xfc, 0x05, 0xfc, 0xe5, 0xfb,
    0x04, 0xfc, 0x05, 0xfc, 0x05, 0xfc, 0xe5, 0xfb, 0x04, 0xfc, 0x05, 0xfc,
    0x05, 0xfc, 0x05, 0xfc, 0x05, 0xfc, 0x05, 0xfc, 0x05, 0xfc, 0x05, 0xfc,
    0xe5, 0xfb, 0x05, 0xfc, 0x05, 0xfc, 0xe5, 0xfb, 0x05, 0xfc, 0x05, 0xfc,
    0x04, 0xfc, 0xe5, 0xfb, 0x05, 0xfc, 0x04, 0xfc, 0xe5, 0xfb, 0x05, 0xfc,
    0x04, 0xfc, 0xe5, 0xfb, 0x05, 0xfc, 0x05, 0xbc, 0x44, 0x3a, 0xa3, 0x01,
    0xa3, 0x01, 0xa3, 0x01, 0x44, 0x3a, 0x44, 0x3a, 0x24, 0x3a, 0x44, 0x3a,
    0x44, 0x3a, 0x24, 0x3a, 0x44, 0x3a, 0x44, 0x3a, 0x24, 0x3a, 0x44, 0x3a,
    0x44, 0x3a, 0x24, 0x3a, 0x44, 0x3a, 0x44, 0x3a, 0x24, 0x3a, 0xa3, 0x01,
    0xa3, 0x01, 0x83, 0x01, 0xe3, 0x00, 0xe3, 0x00, 0xe3, 0x00, 0x02, 0x00,
    0x02, 0x00, 0x02, 0x00, 0xe3, 0x00, 0xc5, 0x6a, 0x05, 0xfc, 0x05, 0xfc,
    0x05, 0xfc, 0x05, 0xfc, 0xe5, 0xfb, 0x05, 0xfc, 0x05, 0xfc, 0xe5, 0xfb,
    0x05, 0xfc, 0x05, 0xfc, 0x05, 0xfc, 0xe5, 0xfb, 0x05, 0xfc, 0x05, 0xfc,
    0x05, 0xfc, 0x05, 0xfc, 0xe5, 0xfb, 0x05, 0xfc, 0xe4, 0xfb, 0x05, 0xfc,
    0x05, 0xfc, 0x05, 0xfc, 0x05, 0xfc, 0xe4, 0xfb, 0x05, 0xfc, 0x05, 0xfc,
    0xe5, 0xfb, 0xe5, 0xfb, 0x05, 0xfc, 0x05, 0xfc, 0x04, 0xfc, 0xe5, 0xfb,
    0x05, 0xfc, 0x05, 0xfc, 0xe5, 0xfb, 0xe5, 0xfb, 0x04, 0xfc, 0x05, 0xfc,
    0x05, 0xfc, 0x05, 0xfc, 0xe4, 0xfb, 0x05, 0xfc, 0x05, 0xfc, 0x04, 0xfc,
    0xe5, 0xfb, 0x05, 0xfc, 0xe5, 0xfb, 0xe5, 0xfb, 0x05, 0xfc, 0x05, 0xfc,
    0x05, 0xfc, 0xe5, 0xfb, 0x05, 0xfc, 0xe5, 0xfb, 0x05, 0xfc, 0x04, 0xfc,
    0xe5, 0xfb, 0x05, 0xfc, 0x05, 0xfc, 0x05, 0xfc, 0xe5, 0xfb, 0x05, 0xfc,
    0x05, 0xfc, 0x05, 0xfc, 0xe4, 0xfb, 0x05, 0xfc, 0x05, 0xfc, 0x05, 0xfc,
    0x05, 0xfc, 0x05, 0xfc, 0x05, 0xfc, 0xe4, 0xfb, 0x05, 0xfc, 0x05, 0xfc,
    0x05, 0xfc, 0x05, 0xfc, 0x05, 0xfc, 0x05, 0xfc, 0xe5, 0xfb, 0x05, 0xfc,
    0x05, 0xfc, 0x05, 0xfc, 0x05, 0xfc, 0xe5, 0xfb, 0x05, 0xfc, 0x05, 0xfc,
    0xe5, 0xfb, 0x05, 0xfc, 0xe5, 0xfb, 0x05, 0xfc, 0x05, 0xfc, 0xe5, 0xfb,
    0x05, 0xfc, 0x05, 0xfc, 0x05, 0xfc, 0x05, 0xfc, 0x05, 0xfc, 0x05, 0xfc,
    0xe5, 0xfb, 0x05, 0xfc, 0x05, 0xfc, 0xe5, 0xfb, 0x05, 0xfc, 0x05, 0xfc,
    0x05, 0xfc, 0x05, 0xfc, 0x05, 0xfc, 0x05, 0xfc, 0x05, 0xdc, 0x05, 0xdc,
    0x05, 0xdc, 0x05, 0xbc, 0x05, 0xbc, 0x05, 0xbc, 0x05, 0xdc, 0x05, 0xfc,
    0x05, 0xfc, 0xe4, 0xfb, 0x05, 0xfc, 0x05, 0xfc, 0x05, 0xfc, 0x05, 0xfc,
    0xe5, 0xfb, 0x05, 0xfc, 0x05, 0xfc, 0xe5, 0xfb, 0x05, 0xfc, 0x05, 0xfc,
    0x04, 0xfc, 0xe5, 0xfb, 0x05, 0xfc, 0x04, 0xfc, 0x05, 0xfc, 0x05, 0xfc,
    0xe5, 0xfb, 0x05, 0xfc, 0x05, 0xfc, 0xe4, 0xfb, 0x05, 0xfc, 0x05, 0xfc,
    0xe5, 0xfb, 0x05, 0xfc, 0x04, 0xfc, 0x05, 0xfc, 0x05, 0xfc, 0xe5, 0xfb,
    0x05, 0xfc, 0x05, 0xfc, 0x05, 0xfc, 0x05, 0xfc, 0x05, 0xfc, 0x05, 0xfc,
    0xe5, 0xfb, 0x05, 0xfc, 0x05, 0xfc, 0x05, 0xfc, 0x05, 0xfc, 0xe5, 0xfb,
    0x05, 0xfc, 0x05, 0xfc, 0x05, 0xfc, 0x04, 0xfc, 0x05, 0xfc, 0x05, 0xfc,
    0xe5, 0xfb, 0x05, 0xfc, 0x05, 0xfc, 0x05, 0xfc, 0x05, 0xfc, 0x05, 0xfc,
    0xe5, 0xfb, 0x05, 0xfc, 0x05, 0xfc, 0x05, 0xfc, 0xe5, 0xfb, 0x05, 0xfc,
    0x04, 0xfc, 0x05, 0xfc, 0xe5, 0xfb, 0x05, 0xfc, 0x05, 0xfc, 0xe5, 0xfb,
    0x05, 0xfc, 0xe4, 0xfb, 0xe5, 0xfb, 0x05, 0xfc, 0x05, 0xfc, 0x05, 0xfc,
    0x05, 0xfc, 0xe4, 0xfb, 0x05, 0xfc, 0xe5, 0xfb, 0x05, 0xfc, 0x05, 0xfc,
    0x05, 0xfc, 0xe5, 0xfb, 0x05, 0xfc, 0x05, 0xfc, 0x05, 0xfc, 0x05, 0xfc,
    0x05, 0xfc, 0xe5, 0xfb, 0x05, 0xfc, 0x05, 0xfc, 0xe5, 0xfb, 0x05, 0xfc,
    0x05, 0xfc, 0x05, 0xfc, 0x05, 0xfc, 0xe5, 0xfb, 0x05, 0xfc, 0xe5, 0xfb,
    0x05, 0xfc, 0x05, 0xfc, 0x05, 0xfc, 0x05, 0xfc, 0x05, 0xfc, 0x05, 0xfc,
    0xe5, 0xfb, 0x05, 0xfc, 0x05, 0xfc, 0xe5, 0xfb, 0xe5, 0xfb, 0x05, 0xfc,
    0x05, 0xfc, 0xe5, 0xfb, 0x05, 0xfc, 0xe5, 0xfb, 0x05, 0xfc, 0x05, 0xfc,
    0xe5, 0xfb, 0x05, 0xfc, 0x05, 0xfc, 0xe5, 0xfb, 0x05, 0xfc, 0x05, 0xfc,
    0xe4, 0xfb, 0x05, 0xfc, 0x05, 0xfc, 0x04, 0xfc, 0x05, 0xfc, 0x05, 0xfc,
    0xe4, 0xfb, 0x05, 0xfc, 0x05, 0xfc, 0xe5, 0xfb, 0x05, 0xfc, 0x05, 0xfc,
    0xe5, 0xfb, 0x05, 0xfc, 0x05, 0xfc, 0x05, 0xfc, 0xe5, 0xfb, 0x05, 0xfc,
    0x05, 0xfc, 0x05, 0xfc, 0x05, 0xfc, 0xe5, 0xfb, 0x05, 0xfc, 0x05, 0xfc,
    0x05, 0xfc, 0x04, 0xfc, 0xe5, 0xfb, 0x05, 0xfc, 0xe4, 0xfb, 0x05, 0xfc,
    0x05, 0xfc, 0x04, 0xfc, 0x05, 0xfc, 0xe5, 0xfb, 0x05, 0xfc, 0x04, 0xfc,
    0x05, 0xfc, 0x05, 0xfc, 0xe5, 0xfb, 0x05, 0xfc, 0x05, 0xfc, 0xe5, 0xfb,
    0x05, 0xfc, 0x05, 0xfc, 0x04, 0xfc, 0x05, 0xfc, 0x05, 0xfc, 0xe5, 0xfb,
    0x04, 0xfc, 0x05, 0xfc, 0x05, 0xfc, 0xe5, 0xfb, 0x04, 0xfc, 0x05, 0xfc,
    0x05, 0xfc, 0xe5, 0xfb, 0x05, 0xfc, 0x05, 0xfc, 0xe5, 0xfb, 0x05, 0xfc,
    0x05, 0xfc, 0x05, 0xfc, 0x05, 0xfc, 0x05, 0xfc, 0x05, 0xfc, 0xe4, 0xfb,
    0x05, 0xfc, 0x05, 0xfc, 0xe5, 0xfb, 0x05, 0xfc, 0x05, 0xfc, 0x04, 0xfc,
    0xe5, 0xfb, 0x05, 0xfc, 0x04, 0xfc, 0x05, 0xfc, 0xe5, 0xfb, 0x04, 0xfc,
    0xe5, 0xfb, 0x05, 0xfc, 0x04, 0xfc, 0x05, 0xfc, 0x05, 0xfc, 0x05, 0xfc,
    0x05, 0xfc, 0xe5, 0xfb, 0x05, 0xfc, 0x05, 0xfc, 0xe5, 0xfb, 0x05, 0xfc,
    0x05, 0xfc, 0x05, 0xfc, 0xe5, 0xfb, 0x05, 0xfc, 0xe4, 0xfb, 0x05, 0xfc,
    0x05, 0xfc, 0x04, 0xfc, 0x05, 0xfc, 0xe5, 0xfb, 0x05, 0xfc, 0x05, 0xfc,
    0x05, 0xfc, 0x05, 0xfc, 0xe5, 0xfb, 0x04, 0xfc, 0x05, 0xfc, 0xe5, 0xfb,
    0x04, 0xfc, 0x05, 0xfc, 0xe5, 0xfb, 0x04, 0xfc, 0x05, 0xfc, 0x05, 0xfc,
    0x05, 0xfc, 0xe5, 0xfb, 0x05, 0xfc, 0x05, 0xfc, 0xe5, 0xfb, 0x05, 0xfc,
    0x05, 0xfc, 0xe5, 0xfb, 0x05, 0xfc, 0x05, 0xfc, 0x05, 0xfc, 0x05, 0xfc,
    0x05, 0xfc, 0xe5, 0xfb, 0x05, 0xfc, 0x04, 0xfc, 0x05, 0xfc, 0xe5, 0xfb,
    0x05, 0xfc, 0x05, 0xfc, 0xe5, 0xfb, 0x04, 0xfc, 0x05, 0xfc, 0x05, 0xfc,
    0xe5, 0xfb, 0x05, 0xfc, 0x05, 0xfc, 0xe5, 0xfb, 0x05, 0xfc, 0x05, 0xfc,
    0x05, 0xfc, 0xe5, 0xfb, 0xe5, 0xfb, 0x05, 0xfc, 0x05, 0xfc, 0x05, 0xfc,
    0xe5, 0xfb, 0x05, 0xfc, 0xe5, 0xfb, 0x05, 0xfc, 0x04, 0xfc, 0x05, 0xfc,
    0xe5, 0xfb, 0x05, 0xfc, 0x05, 0xfc, 0xe5, 0xfb, 0x05, 0xfc, 0x05, 0xfc,
    0x05, 0xfc, 0x05, 0xfc, 0xe5, 0xfb, 0x05, 0xfc, 0x05, 0xfc, 0x05, 0xfc,
    0xe5, 0xfb, 0x05, 0xfc, 0x05, 0xfc, 0x04, 0xfc, 0x05, 0xfc, 0x05, 0xfc,
    0x04, 0xfc, 0x05, 0xfc, 0xe5, 0xfb, 0x04, 0xfc, 0x05, 0xfc, 0x05, 0xfc,
    0x05, 0xfc, 0x05, 0xfc, 0xe5, 0xfb, 0x05, 0xfc, 0x05, 0xfc, 0x05, 0xfc,
    0x05, 0xfc, 0x05, 0xfc, 0xe5, 0xfb, 0x05, 0xfc, 0x05, 0xfc, 0x05, 0xfc,
    0x05, 0xfc, 0xe5, 0xfb, 0x05, 0xfc, 0x05, 0xfc, 0xe5, 0xfb, 0x05, 0xfc,
    0xe5, 0xfb, 0x05, 0xfc, 0x05, 0xfc, 0x05, 0xfc, 0xe5, 0xfb, 0x05, 0xfc,
    0x05, 0xfc, 0x05, 0xfc, 0x04, 0xfc, 0x05, 0xfc, 0x05, 0xfc, 0xe5, 0xfb,
    0x05, 0xfc, 0xe5, 0xfb, 0x05, 0xfc, 0xe5, 0xfb, 0x05, 0xfc, 0x05, 0xfc,
    0x04, 0xfc, 0x05, 0xfc, 0x05, 0xfc, 0xe5, 0xfb, 0x05, 0xfc, 0x05, 0xfc,
    0x05, 0xfc, 0x05, 0xfc, 0x05, 0xfc, 0x05, 0xfc, 0x05, 0xfc, 0xe5, 0xfb,
    0x05, 0xfc, 0x05, 0xfc, 0xe4, 0xfb, 0x05, 0xfc, 0x05, 0xfc, 0x05, 0xfc,
    0xe5, 0xfb, 0x05, 0xfc, 0x05, 0xfc, 0x05, 0xfc, 0x05, 0xfc, 0xe5, 0xfb,
    0x04, 0xfc, 0x05, 0xfc, 0xe5, 0xfb, 0x04, 0xfc, 0x05, 0xfc, 0x05, 0xfc,
    0xe5, 0xfb, 0x04, 0xfc, 0x05, 0xfc, 0x05, 0xfc, 0xe5, 0xfb, 0x05, 0xfc,
    0x05, 0xfc, 0x05, 0xfc, 0x04, 0xfc, 0xe5, 0xfb, 0x05, 0xfc, 0x05, 0xfc,
    0x05, 0xfc, 0x05, 0xfc, 0x05, 0xfc, 0x05, 0xfc, 0x05, 0xfc, 0xe5, 0xfb,
    0x05, 0xfc, 0x04, 0xfc, 0x05, 0xfc, 0x05, 0xfc, 0x05, 0xfc, 0xe5, 0xfb,
    0x05, 0xfc, 0x05, 0xfc, 0x05, 0xfc, 0x04, 0xfc, 0x05, 0xfc, 0xe5, 0xfb,
    0x05, 0xfc, 0x05, 0xfc, 0x05, 0xfc, 0x05, 0xfc, 0x05, 0xfc, 0xe5, 0xfb,
    0x04, 0xfc, 0x05, 0xfc, 0x05, 0xfc, 0xe5, 0xfb, 0x05, 0xfc, 0x05, 0xfc,
    0xe5, 0xfb, 0xe5, 0xfb, 0x05, 0xfc, 0x05, 0xfc, 0xe5, 0xfb, 0x05, 0xfc,
    0xe5, 0xfb, 0xe5, 0xfb, 0x05, 0xfc, 0x05, 0xfc, 0x05, 0xfc, 0x04, 0xfc,
    0xe5, 0xfb, 0x05, 0xfc, 0x05, 0xfc, 0xe5, 0xfb, 0x05, 0xfc, 0x05, 0xfc,
    0xe5, 0xfb, 0x04, 0xfc, 0x05, 0xfc, 0x05, 0xfc, 0x05, 0xfc, 0x05, 0xfc,
    0xe5, 0xfb, 0x04, 0xfc, 0x05, 0xfc, 0xe5, 0xfb, 0x04, 0xfc, 0x05, 0xfc,
    0x05, 0xfc, 0xe4, 0xfb, 0x05, 0xfc, 0xe5, 0xfb, 0xe5, 0xfb, 0x05, 0xfc,
    0x05, 0xfc, 0x04, 0xfc, 0x05, 0xfc, 0x05, 0xfc, 0x05, 0xfc, 0x05, 0xfc,
    0xe5, 0xfb, 0x05, 0xfc, 0xe5, 0xfb, 0x05, 0xfc, 0x04, 0xfc, 0xe5, 0xfb,
    0x05, 0xfc, 0x05, 0xfc, 0xe5, 0xfb, 0x05, 0xfc, 0xe5, 0xfb, 0x04, 0xfc,
    0x05, 0xfc, 0x05, 0xfc, 0x05, 0xfc, 0xe5, 0xfb, 0x05, 0xfc, 0x05, 0xfc,
    0x04, 0xfc, 0x05, 0xfc, 0x05, 0xfc, 0xe4, 0xfb, 0x05, 0xfc, 0x05, 0xfc,
    0xe4, 0xfb, 0x05, 0xfc, 0x05, 0xfc, 0xe5, 0xfb, 0x05, 0xfc, 0x05, 0xfc,
    0x05, 0xfc, 0xe5, 0xfb, 0x05, 0xfc, 0x05, 0xfc, 0x05, 0xfc, 0x05, 0xfc,
    0x04, 0xfc, 0xe5, 0xfb, 0x05, 0xfc, 0x05, 0xfc, 0xe5, 0xfb, 0x05, 0xfc,
    0x05, 0xfc, 0xe4, 0xfb, 0x05, 0xfc, 0xe5, 0xfb, 0x04, 0xfc, 0x05, 0xfc,
    0x05, 0xfc, 0x04, 0xfc, 0xe5, 0xfb, 0x05, 0xfc, 0x05, 0xfc, 0xe5, 0xfb,
    0x04, 0xfc, 0x05, 0xfc, 0xe5, 0xfb, 0x05, 0xfc, 0x05, 0xfc, 0xe5, 0xfb,
    0x05, 0xfc, 0x05, 0xfc, 0x04, 0xfc, 0xe5, 0xfb, 0xe5, 0xfb, 0x05, 0xfc,
    0x05, 0xfc, 0x05, 0xfc, 0xe5, 0xfb, 0x05, 0xfc, 0x04, 0xfc, 0x05, 0xfc,
    0xe5, 0xfb, 0x05, 0xfc, 0x05, 0xfc, 0x05, 0xfc, 0x05, 0xfc, 0x05, 0xfc,
    0x05, 0xfc, 0x05, 0xfc, 0x04, 0xfc, 0x05, 0xfc, 0x05, 0xfc, 0xe4, 0xfb,
    0x05, 0xfc, 0x05, 0xfc, 0xe5, 0xfb, 0x05, 0xfc, 0x04, 0xfc, 0xe5, 0xfb,
    0x05, 0xfc, 0x04, 0xfc, 0xe5, 0xfb, 0x05, 0xfc, 0x05, 0xfc, 0xe5, 0xfb,
    0x04, 0xfc, 0x05, 0xfc, 0x05, 0xfc, 0x05, 0xfc, 0x05, 0xfc, 0x05, 0xfc,
    0xe5, 0xfb, 0x05, 0xfc, 0x05, 0xfc, 0x05, 0xfc, 0x05, 0xfc, 0x05, 0xfc,
    0x05, 0xfc, 0x05, 0xfc, 0xe5, 0xfb, 0x05, 0xfc, 0x05, 0xfc, 0xe5, 0xfb,
    0x04, 0xfc, 0x05, 0xfc, 0x05, 0xfc, 0x04, 0xfc, 0xe5, 0xfb, 0x05, 0xfc,
    0x05, 0xfc, 0x05, 0xfc, 0x05, 0xfc, 0x04, 0xfc, 0x05, 0xfc, 0xe5, 0xfb,
    0x05, 0xfc, 0x05, 0xfc, 0xe5, 0xfb, 0x05, 0xfc, 0x04, 0xfc, 0x05, 0xfc,
    0x05, 0xfc, 0xe5, 0xfb, 0x05, 0xfc, 0x05, 0xfc, 0xe5, 0xfb, 0x05, 0xfc,
    0x05, 0xfc, 0xe5, 0xfb, 0x05, 0xfc, 0x05, 0xfc, 0x05, 0xfc, 0x05, 0xfc,
    0x05, 0xfc, 0xe5, 0xfb, 0x05, 0xfc, 0x05, 0xfc, 0x05, 0xfc, 0xe5, 0xfb,
    0x05, 0xfc, 0x05, 0xfc, 0xe5, 0xfb, 0x05, 0xfc, 0x05, 0xfc, 0xe4, 0xfb,
    0x05, 0xfc, 0x05, 0xfc, 0x05, 0xfc, 0x05, 0xfc, 0x05, 0xfc, 0xe5, 0xfb,
    0x05, 0xfc, 0xe5, 0xfb, 0x05, 0xfc, 0x05, 0xfc, 0x05, 0xfc, 0xe5, 0xfb,
    0x05, 0xfc, 0x05, 0xfc, 0x05, 0xfc, 0x05, 0xfc, 0x05, 0xfc, 0xe4, 0xfb,
    0x05, 0xfc, 0x05, 0xfc, 0xe5, 0xfb, 0x05, 0xfc, 0x05, 0xfc, 0x05, 0xfc,
    0x05, 0xfc, 0x05, 0xfc, 0xe4, 0xfb, 0x05, 0xfc, 0x05, 0xfc, 0xe5, 0xfb,
    0x05, 0xfc, 0x05, 0xfc, 0x05, 0xfc, 0x04, 0xfc, 0x05, 0xfc, 0xe5, 0xfb,
    0x04, 0xfc, 0xe5, 0xfb, 0x05, 0xfc, 0x05, 0xfc, 0x05, 0xfc, 0x05, 0xfc,
    0xe5, 0xfb, 0x05, 0xfc, 0x05, 0xfc, 0x05, 0xfc, 0x05, 0xfc, 0x05, 0xfc,
    0x05, 0xfc, 0x05, 0xfc, 0x05, 0xfc, 0x05, 0xfc, 0x05, 0xfc, 0x05, 0xfc,
    0xe5, 0xfb, 0x05, 0xfc, 0x05, 0xfc, 0xe5, 0xfb, 0x05, 0xfc, 0xe5, 0xfb,
    0x05, 0xfc, 0x05, 0xfc, 0x05, 0xfc, 0xe5, 0xfb, 0x05, 0xfc, 0x05, 0xfc,
    0xe5, 0xfb, 0x04, 0xfc, 0x05, 0xfc, 0x05, 0xfc, 0xe4, 0xfb, 0x05, 0xfc,
    0x05, 0xfc, 0xe5, 0xfb, 0x05, 0xfc, 0x05, 0xfc, 0xe5, 0xfb, 0x05, 0xfc,
    0x05, 0xfc, 0x05, 0xfc, 0xe5, 0xfb, 0x05, 0xfc, 0xe5, 0xfb, 0x05, 0xfc,
    0x05, 0xfc, 0x04, 0xfc, 0x05, 0xfc, 0x05, 0xfc, 0xe5, 0xfb, 0x05, 0xfc,
    0x05, 0xfc, 0xe5, 0xfb, 0x05, 0xfc, 0x05, 0xfc, 0xe5, 0xfb, 0x05, 0xfc,
    0x05, 0xfc, 0x05, 0xfc, 0x04, 0xfc, 0x05, 0xfc, 0x05, 0xfc, 0xe5, 0xfb,
    0x05, 0xfc, 0x04, 0xfc, 0xe5, 0xfb, 0x05, 0xfc, 0x04, 0xfc, 0x05, 0xfc,
    0xe5, 0xfb, 0x04, 0xfc, 0x05, 0xfc, 0xe5, 0xfb, 0x05, 0xfc, 0x05, 0xfc,
    0x05, 0xfc, 0x05, 0xfc, 0x05, 0xfc, 0xe5, 0xfb, 0x04, 0xfc, 0x05, 0xfc,
    0x05, 0xfc, 0x05, 0xfc, 0x05, 0xfc, 0x05, 0xfc, 0xe5, 0xfb, 0x05, 0xfc,
    0x05, 0xfc, 0x04, 0xfc, 0xe5, 0xfb, 0x05, 0xfc, 0xe5, 0xfb, 0x05, 0xfc,
    0x05, 0xfc, 0x05, 0xfc, 0x05, 0xfc, 0x04, 0xfc, 0x05, 0xfc, 0xe5, 0xfb,
    0x05, 0xfc, 0x05, 0xfc, 0x05, 0xfc, 0x05, 0xfc, 0x05, 0xfc, 0x05, 0xfc,
    0x05, 0xfc, 0x05, 0xfc, 0xe5, 0xfb, 0x05, 0xfc, 0x05, 0xfc, 0xe5, 0xfb,
    0x05, 0xfc, 0x05, 0xfc, 0xe5, 0xfb, 0x05, 0xfc, 0x04, 0xfc, 0xe5, 0xfb,
    0xe5, 0xfb, 0x05, 0xfc, 0x05, 0xfc, 0x05, 0xfc, 0xe5, 0xfb, 0x04, 0xfc,
    0xe5, 0xfb, 0x05, 0xfc, 0xe5, 0xfb, 0x05, 0xfc, 0xe5, 0xfb, 0x05, 0xfc,
    0x05, 0xfc, 0xe4, 0xfb, 0x05, 0xfc, 0x05, 0xfc, 0x05, 0xfc, 0x05, 0xfc,
    0xe4, 0xfb, 0x05, 0xfc, 0x05, 0xfc, 0xe4, 0xfb, 0x05, 0xfc, 0x05, 0xfc,
    0x04, 0xfc, 0xe5, 0xfb, 0x05, 0xfc, 0x05, 0xfc, 0xe5, 0xfb, 0x05, 0xfc,
    0x05, 0xfc, 0x05, 0xfc, 0x05, 0xfc, 0x05, 0xfc, 0x05, 0xfc, 0xe5, 0xfb,
    0x05, 0xfc, 0x05, 0xfc, 0x05, 0xfc, 0xe4, 0xfb, 0x05, 0xfc, 0x05, 0xfc,
    0x04, 0xfc, 0xe5, 0xfb, 0x05, 0xfc, 0xe5, 0xfb, 0x05, 0xfc, 0x05, 0xfc,
    0x04, 0xfc, 0x05, 0xfc, 0xe5, 0xfb, 0x05, 0xfc, 0x04, 0xfc, 0x05, 0xfc,
    0x05, 0xfc, 0xe4, 0xfb, 0x05, 0xfc, 0x05, 0xfc, 0xe5, 0xfb, 0x05, 0xfc,
    0x05, 0xfc, 0xe5, 0xfb, 0x05, 0xfc, 0x05, 0xfc, 0x05, 0xfc, 0x05, 0xfc,
    0xe5, 0xfb, 0x05, 0xfc, 0x05, 0xfc, 0x05, 0xfc, 0x05, 0xfc, 0x04, 0xfc,
    0x05, 0xfc, 0xe5, 0xfb, 0x04, 0xfc, 0x05, 0xfc, 0xe5, 0xfb, 0x05, 0xfc,
    0x05, 0xfc, 0xe5, 0xfb, 0xe5, 0xfb, 0x04, 0xfc, 0x05, 0xfc, 0x05, 0xfc,
    0x04, 0xfc, 0xe5, 0xfb, 0x05, 0xfc, 0x05, 0xfc, 0x05, 0xfc, 0x05, 0xfc,
    0x04, 0xfc, 0xe5, 0xfb, 0x05, 0xfc, 0xe5, 0xfb, 0x05, 0xfc, 0x05, 0xfc,
    0xe5, 0xfb, 0x05, 0xfc, 0x04, 0xfc, 0xe5, 0xfb, 0xe5, 0xfb, 0x05, 0xfc,
    0xe5, 0xfb, 0x05, 0xfc, 0x04, 0xfc, 0xe5, 0xfb, 0x05, 0xfc, 0x04, 0xfc,
    0xe5, 0xfb, 0x05, 0xfc, 0x05, 0xfc, 0x04, 0xfc, 0x05, 0xfc, 0x05, 0xfc,
    0x05, 0xfc, 0x05, 0xfc, 0x05, 0xfc, 0x04, 0xfc, 0x05, 0xfc, 0xe5, 0xfb,
    0x05, 0xfc, 0x05, 0xfc, 0x05, 0xfc, 0xe4, 0xfb, 0x05, 0xfc, 0x05, 0xfc,
    0x04, 0xfc, 0xe5, 0xfb, 0x05, 0xfc, 0x05, 0xfc, 0x05, 0xfc, 0xe5, 0xfb,
    0x04, 0xfc, 0x05, 0xfc, 0x05, 0xfc, 0x05, 0xfc, 0x05, 0xfc, 0xe5, 0xfb,
    0x05, 0xfc, 0x05, 0xfc, 0xe5, 0xfb, 0x05, 0xfc, 0x05, 0xfc, 0x05, 0xfc,
    0x05, 0xfc, 0xe5, 0xfb, 0x05, 0xfc, 0xe5, 0xfb, 0x04, 0xfc, 0x05, 0xfc,
    0xe5, 0xfb, 0x04, 0xfc, 0x05, 0xfc, 0x05, 0xfc, 0xe5, 0xfb, 0x05, 0xfc,
    0x05, 0xfc, 0x05, 0xfc, 0x05, 0xfc, 0x05, 0xfc, 0x05, 0xfc, 0xe5, 0xfb,
    0x05, 0xfc, 0x05, 0xfc, 0xe5, 0xfb, 0x05, 0xfc, 0x05, 0xfc, 0x05, 0xfc,
    0xe5, 0xfb, 0x05, 0xfc, 0x05, 0xfc, 0x05, 0xfc, 0xe5, 0xfb, 0x05, 0xfc,
    0x05, 0xfc, 0xe5, 0xfb, 0x04, 0xfc, 0x05, 0xfc, 0x05, 0xfc, 0xe5, 0xfb,
    0x05, 0xfc, 0x05, 0xfc, 0xe5, 0xfb, 0x05, 0xfc, 0x04, 0xfc, 0xe5, 0xfb,
    0x05, 0xfc, 0x05, 0xfc, 0xe5, 0xfb, 0x05, 0xfc, 0x05, 0xfc, 0xe5, 0xfb,
    0x05, 0xfc, 0x05, 0xfc, 0x05, 0xfc, 0x05, 0xfc, 0x05, 0xfc, 0xe5, 0xfb,
    0x05, 0xfc, 0x05, 0xfc, 0xe5, 0xfb, 0x05, 0xfc, 0x05, 0xfc, 0xe5, 0xfb,
    0x05, 0xfc, 0x05, 0xfc, 0x05, 0xfc, 0x05, 0xfc, 0x04, 0xfc, 0xe5, 0xfb,
    0x05, 0xfc, 0x05, 0xfc, 0x05, 0xfc, 0x05, 0xfc, 0x05, 0xfc, 0x05, 0xfc,
    0x05, 0xfc, 0x05, 0xfc, 0x05, 0xfc, 0xe5, 0xfb, 0x05, 0xfc, 0x05, 0xfc,
    0x05, 0xfc, 0x05, 0xfc, 0x05, 0xfc, 0xe5, 0xfb, 0x05, 0xfc, 0x05, 0xfc,
    0xe5, 0xfb, 0x05, 0xfc, 0xe5, 0xfb, 0x05, 0xfc, 0x05, 0xfc, 0xe5, 0xfb,
    0x05, 0xfc, 0x05, 0xfc, 0x04, 0xfc, 0x05, 0xfc, 0x05, 0xfc, 0x05, 0xfc,
    0x05, 0xfc, 0x05, 0xfc, 0x05, 0xfc, 0x05, 0xfc, 0xe5, 0xfb, 0x05, 0xfc,
    0x05, 0xfc, 0xe5, 0xfb, 0x05, 0xfc, 0x05, 0xfc, 0xe5, 0xfb, 0x05, 0xfc,
    0x05, 0xfc, 0x05, 0xfc, 0x04, 0xfc, 0x05, 0xfc, 0x05, 0xfc, 0x05, 0xfc,
    0xe4, 0xfb, 0x05, 0xfc, 0x05, 0xfc, 0x04, 0xfc, 0x05, 0xfc, 0x05, 0xfc,
    0xe5, 0xfb, 0x05, 0xfc, 0x05, 0xfc, 0x05, 0xfc, 0x05, 0xfc, 0xe4, 0xfb,
    0x05, 0xfc, 0x05, 0xfc, 0xe5, 0xfb, 0x05, 0xfc, 0xe5, 0xfb, 0x05, 0xfc,
    0x04, 0xfc, 0x05, 0xfc, 0x05, 0xfc, 0xe4, 0xfb, 0x05, 0xfc, 0x05, 0xfc,
    0x05, 0xfc, 0xe4, 0xfb, 0x05, 0xfc, 0x05, 0xfc, 0xe5, 0xfb, 0x05, 0xfc,
    0x04, 0xfc, 0x05, 0xfc, 0x05, 0xfc, 0x05, 0xfc, 0xe5, 0xfb, 0x05, 0xfc,
    0x04, 0xfc, 0xe5, 0xfb, 0x05, 0xfc, 0x04, 0xfc, 0x05, 0xfc, 0x05, 0xfc,
    0xe5, 0xfb, 0x05, 0xfc, 0x05, 0xfc, 0xe5, 0xfb, 0x05, 0xfc, 0x05, 0xfc,
    0x05, 0xfc, 0x05, 0xfc, 0x04, 0xfc, 0xe5, 0xfb, 0x05, 0xfc, 0x04, 0xfc,
    0x05, 0xfc, 0x05, 0xfc, 0xe5, 0xfb, 0x05, 0xfc, 0x05, 0xfc, 0x04, 0xfc,
    0x05, 0xfc, 0xe5, 0xfb, 0x04, 0xfc, 0xe5, 0xfb, 0xe5, 0xfb, 0x05, 0xfc,
    0x05, 0xfc, 0x05, 0xfc, 0xe5, 0xfb, 0x04, 0xfc, 0xe5, 0xfb, 0x05, 0xfc,
    0x05, 0xfc, 0xe5, 0xfb, 0x05, 0xfc, 0x05, 0xfc, 0x04, 0xfc, 0x05, 0xfc,
    0xe5, 0xfb, 0x05, 0xfc, 0x05, 0xfc, 0xe5, 0xfb, 0x04, 0xfc, 0x05, 0xfc,
    0xe5, 0xfb, 0x05, 0xfc, 0x05, 0xfc, 0x04, 0xfc, 0xe5, 0xfb, 0x05, 0xfc,
    0x04, 0xfc, 0xe5, 0xfb, 0x05, 0xfc, 0x05, 0xfc, 0xe5, 0xfb, 0xe5, 0xfb,
    0x05, 0xfc, 0x05, 0xfc, 0xe5, 0xfb, 0xe5, 0xfb, 0x05, 0xfc, 0x04, 0xfc,
    0x05, 0xfc, 0x05, 0xfc, 0x04, 0xfc, 0x05, 0xfc, 0x05, 0xfc, 0xe5, 0xfb,
    0x04, 0xfc, 0x05, 0xfc, 0xe5, 0xfb, 0x05, 0xfc, 0xe5, 0xfb, 0x05, 0xfc,
    0x05, 0xfc, 0xe5, 0xfb, 0x05, 0xfc, 0x05, 0xfc, 0xe5, 0xfb, 0x05, 0xfc,
    0x05, 0xfc, 0x05, 0xfc, 0x05, 0xfc, 0xe5, 0xfb, 0x04, 0xfc, 0x05, 0xfc,
    0xe5, 0xfb, 0x05, 0xfc, 0x05, 0xfc, 0x05, 0xfc, 0x04, 0xfc, 0x05, 0xfc,
    0xe5, 0xfb, 0x05, 0xfc, 0x05, 0xfc, 0xe5, 0xfb, 0x05, 0xfc, 0x05, 0xfc,
    0x05, 0xfc, 0xe5, 0xfb, 0x05, 0xfc, 0x05, 0xfc, 0x05, 0xfc, 0x05, 0xfc,
    0xe4, 0xfb, 0x05, 0xfc, 0x05, 0xfc, 0xe5, 0xfb, 0x05, 0xfc, 0x04, 0xfc,
    0x05, 0xfc, 0x05, 0xfc, 0x05, 0xfc, 0x05, 0xfc, 0xe5, 0xfb, 0x05, 0xfc,
    0x05, 0xfc, 0xe5, 0xfb, 0x05, 0xfc, 0x05, 0xfc, 0x04, 0xfc, 0x05, 0xfc,
    0x05, 0xfc, 0xe4, 0xfb, 0x05, 0xfc, 0x05, 0xfc, 0xe5, 0xfb, 0x05, 0xfc,
    0x05, 0xfc, 0xe5, 0xfb, 0x05, 0xfc, 0x04, 0xfc, 0x05, 0xfc, 0xe5, 0xfb,
    0x05, 0xfc, 0x05, 0xfc, 0xe5, 0xfb, 0x05, 0xfc, 0x05, 0xfc, 0x05, 0xfc,
    0x05, 0xfc, 0x05, 0xfc, 0xe5, 0xfb, 0x05, 0xfc, 0x05, 0xfc, 0x05, 0xfc,
    0x05, 0xfc, 0xe5, 0xfb, 0x04, 0xfc, 0x05, 0xfc, 0xe5, 0xfb, 0x05, 0xfc,
    0x05, 0xfc, 0xe5, 0xfb, 0x05, 0xfc, 0x04, 0xfc, 0xe5, 0xfb, 0x05, 0xfc,
    0x05, 0xfc, 0x05, 0xfc, 0x05, 0xfc, 0xe4, 0xfb, 0x05, 0xfc, 0x05, 0xfc,
    0x05, 0xfc, 0x05, 0xfc, 0x05, 0xfc, 0x05, 0xfc, 0x05, 0xfc, 0x05, 0xfc,
    0x05, 0xfc, 0x05, 0xfc, 0xe4, 0xfb, 0x05, 0xfc, 0x05, 0xfc, 0x04, 0xfc,
    0xe5, 0xfb, 0x05, 0xfc, 0x05, 0xfc, 0xe5, 0xfb, 0xe5, 0xfb, 0x05, 0xfc,
    0x05, 0xfc, 0x05, 0xfc, 0x05, 0xfc, 0xe5, 0xfb, 0x05, 0xfc, 0x04, 0xfc,
    0xe5, 0xfb, 0x05, 0xfc, 0x04, 0xfc, 0xe5, 0xfb, 0x05, 0xfc, 0x05, 0xfc,
    0xe5, 0xfb, 0x05, 0xfc, 0xe4, 0xfb, 0x05, 0xfc, 0x05, 0xfc, 0x05, 0xfc,
    0xe5, 0xfb, 0x05, 0xfc, 0x05, 0xfc, 0x05, 0xfc, 0xe5, 0xfb, 0x05, 0xfc,
    0x05, 0xfc, 0x05, 0xfc, 0x05, 0xfc, 0x04, 0xfc, 0xe5, 0xfb, 0x05, 0xfc,
    0x05, 0xfc, 0x05, 0xfc, 0xe5, 0xfb, 0x04, 0xfc, 0x05, 0xfc, 0xe5, 0xfb,
    0x05, 0xfc, 0x05, 0xfc, 0x05, 0xfc, 0x05, 0xfc, 0xe5, 0xfb, 0x05, 0xfc,
    0x05, 0xfc, 0xe5, 0xfb, 0x05, 0xfc, 0xe5, 0xfb, 0x05, 0xfc, 0x05, 0xfc,
    0x05, 0xfc, 0xe5, 0xfb, 0x04, 0xfc, 0x05, 0xfc, 0x05, 0xfc, 0xe5, 0xfb,
    0x05, 0xfc, 0x05, 0xfc, 0xe5, 0xfb, 0x05, 0xfc, 0x05, 0xfc, 0xe5, 0xfb,
    0x05, 0xfc, 0x05, 0xfc, 0x05, 0xfc, 0xe5, 0xfb, 0x05, 0xfc, 0x05, 0xfc,
    0xe5, 0xfb, 0x05, 0xfc, 0x04, 0xfc, 0x05, 0xfc, 0x05, 0xfc, 0x05, 0xfc,
    0x05, 0xfc, 0x05, 0xfc, 0x04, 0xfc, 0xe5, 0xfb, 0x05, 0xfc, 0x04, 0xfc,
    0x05, 0xfc, 0xe5, 0xfb, 0x05, 0xfc, 0x05, 0xfc, 0x05, 0xfc, 0x05, 0xfc,
    0x05, 0xfc, 0x05, 0xfc, 0xe5, 0xfb, 0x05, 0xfc, 0x05, 0xfc, 0x05, 0xfc,
    0x05, 0xfc, 0x05, 0xfc, 0xe5, 0xfb, 0x05, 0xfc, 0x05, 0xfc, 0x05, 0xfc,
    0xe5, 0xfb, 0x05, 0xfc, 0x05, 0xfc, 0xe5, 0xfb, 0xe5, 0xfb, 0x05, 0xfc,
    0xe4, 0xfb, 0x05, 0xfc, 0x05, 0xfc, 0x05, 0xfc, 0x05, 0xfc, 0xe5, 0xfb,
    0x05, 0xfc, 0x05, 0xfc, 0x05, 0xfc, 0xe5, 0xfb, 0x05, 0xfc, 0x05, 0xfc,
    0x05, 0xfc, 0xe5, 0xfb, 0x04, 0xfc, 0x05, 0xfc, 0xe5, 0xfb, 0x05, 0xfc,
    0x05, 0xfc, 0x05, 0xfc, 0x05, 0xfc, 0x05, 0xfc, 0x05, 0xfc, 0x05, 0xfc,
    0x05, 0xfc, 0x04, 0xfc, 0x05, 0xfc, 0x05, 0xfc, 0x05, 0xfc, 0xe5, 0xfb,
    0x05, 0xfc, 0x04, 0xfc, 0x05, 0xfc, 0xe5, 0xfb, 0x05, 0xfc, 0x04, 0xfc,
    0xe5, 0xfb, 0x05, 0xfc, 0xe5, 0xfb, 0xe5, 0xfb, 0x05, 0xfc, 0x05, 0xfc,
    0x05, 0xfc, 0xe5, 0xfb, 0x04, 0xfc, 0x05, 0xfc, 0x05, 0xfc, 0x05, 0xfc,
    0x05, 0xfc, 0xe5, 0xfb, 0x04, 0xfc, 0x05, 0xfc, 0xe5, 0xfb, 0x05, 0xfc,
    0x05, 0xfc, 0x04, 0xfc, 0x05, 0xfc, 0x05, 0xfc, 0xe5, 0xfb, 0x04, 0xfc,
    0x05, 0xfc, 0xe5, 0xfb, 0x04, 0xfc, 0x05, 0xfc, 0x05, 0xfc, 0x05, 0xfc,
    0xe5, 0xfb, 0x05, 0xfc, 0x05, 0xfc, 0xe5, 0xfb, 0x05, 0xfc, 0x05, 0xfc,
    0x05, 0xfc, 0x04, 0xfc, 0x05, 0xfc, 0x05, 0xfc, 0xe4, 0xfb, 0x05, 0xfc,
    0x05, 0xfc, 0x05, 0xfc, 0x05, 0xfc, 0x05, 0xfc, 0xe5, 0xfb, 0x05, 0xfc,
    0xe5, 0xfb, 0x04, 0xfc, 0xe5, 0xfb, 0x05, 0xfc, 0x05, 0xfc, 0xe5, 0xfb,
    0x05, 0xfc, 0x05, 0xfc, 0xe5, 0xfb, 0x05, 0xfc, 0x04, 0xfc, 0xe5, 0xfb,
    0x05, 0xfc, 0x05, 0xfc, 0x05, 0xfc, 0x05, 0xfc, 0x04, 0xfc, 0x05, 0xfc,
    0xe5, 0xfb, 0x05, 0xfc, 0x04, 0xfc, 0xe5, 0xfb, 0x05, 0xfc, 0x04, 0xfc,
    0xe5, 0xfb, 0x05, 0xfc, 0x05, 0xfc, 0x05, 0xfc, 0x04, 0xfc, 0x05, 0xfc,
    0x05, 0xfc, 0x05, 0xfc, 0xe5, 0xfb, 0x05, 0xfc, 0xe4, 0xfb, 0x05, 0xfc,
    0x05, 0xfc, 0x05, 0xfc, 0xe5, 0xfb, 0x05, 0xfc, 0x05, 0xfc, 0x04, 0xfc,
    0x05, 0xfc, 0x05, 0xfc, 0x04, 0xfc, 0x05, 0xfc, 0xe5, 0xfb, 0x05, 0xfc,
    0x05, 0xfc, 0x04, 0xfc, 0xe5, 0xfb, 0x05, 0xfc, 0x05, 0xfc, 0xe5, 0xfb,
    0x05, 0xfc, 0xe5, 0xfb, 0x05, 0xfc, 0x05, 0xfc, 0xe5, 0xfb, 0x05, 0xfc,
    0x05, 0xfc, 0xe5, 0xfb, 0x05, 0xfc, 0x05, 0xfc, 0x05, 0xfc, 0x05, 0xfc,
    0x05, 0xfc, 0x05, 0xfc, 0x05, 0xfc, 0x05, 0xfc, 0x04, 0xfc, 0x05, 0xfc,
    0x05, 0xfc, 0xe5, 0xfb, 0x05, 0xfc, 0x05, 0xfc, 0xe5, 0xfb, 0x05, 0xfc,
    0xe5, 0xfb, 0x05, 0xfc, 0x05, 0xfc, 0x05, 0xfc, 0x05, 0xfc, 0xe5, 0xfb,
    0x05, 0xfc, 0x05, 0xfc, 0xe5, 0xfb, 0x05, 0xfc, 0x05, 0xfc, 0xe5, 0xfb,
    0x05, 0xfc, 0x05, 0xfc, 0x05, 0xfc, 0x05, 0xfc, 0xe5, 0xfb, 0x05, 0xfc,
    0x05, 0xfc, 0xe5, 0xfb, 0x04, 0xfc, 0x05, 0xfc, 0x05, 0xfc, 0x04, 0xfc,
    0x05, 0xfc, 0xe5, 0xfb, 0x05, 0xfc, 0xe5, 0xfb, 0x05, 0xfc, 0x05, 0xfc,
    0x05, 0xfc, 0xe5, 0xfb, 0x05, 0xfc, 0xe4, 0xfb, 0x05, 0xfc, 0x05, 0xfc,
    0x05, 0xfc, 0xe5, 0xfb, 0x05, 0xfc, 0x05, 0xfc, 0xe5, 0xfb, 0x05, 0xfc,
    0x05, 0xfc, 0x05, 0xfc, 0x05, 0xfc, 0x05, 0xfc, 0x05, 0xfc, 0x05, 0xfc,
    0x05, 0xfc, 0xe5, 0xfb, 0x05, 0xfc, 0x05, 0xfc, 0xe5, 0xfb, 0x05, 0xfc,
    0x05, 0xfc, 0xe5, 0xfb, 0x05, 0xfc, 0x05, 0xfc, 0xe5, 0xfb, 0x05, 0xfc,
    0x05, 0xfc, 0x05, 0xfc, 0x05, 0xfc, 0xe5, 0xfb, 0x05, 0xfc, 0xe5, 0xfb,
    0x05, 0xfc, 0x05, 0xfc, 0x05, 0xfc, 0x04, 0xfc, 0x05, 0xfc, 0x05, 0xfc,
    0x05, 0xfc, 0xe5, 0xfb, 0x05, 0xfc, 0x04, 0xfc, 0x05, 0xfc, 0xe5, 0xfb,
    0x05, 0xfc, 0x05, 0xfc, 0xe5, 0xfb, 0xe5, 0xfb, 0x05, 0xfc, 0x05, 0xfc,
    0x05, 0xfc, 0xe5, 0xfb, 0x05, 0xfc, 0x05, 0xfc, 0x05, 0xfc, 0xe5, 0xfb,
    0x04, 0xfc, 0x05, 0xfc, 0xe5, 0xfb, 0x04, 0xfc, 0x05, 0xfc, 0xe5, 0xfb,
    0x05, 0xfc, 0x04, 0xfc, 0x05, 0xfc, 0x05, 0xfc, 0xe4, 0xfb, 0x05, 0xfc,
    0xe5, 0xfb, 0x05, 0xfc, 0xe5, 0xfb, 0x05, 0xfc, 0x05, 0xfc, 0xe5, 0xfb,
    0x05, 0xfc, 0x05, 0xfc, 0x04, 0xfc, 0xe5, 0xfb, 0x05, 0xfc, 0x04, 0xfc,
    0x05, 0xfc, 0x05, 0xfc, 0xe4, 0xfb, 0x05, 0xfc, 0x05, 0xfc, 0xe4, 0xfb,
    0x05, 0xfc, 0x05, 0xfc, 0x04, 0xfc, 0x05, 0xfc, 0xe5, 0xfb, 0x05, 0xfc,
    0x05, 0xfc, 0x04, 0xfc, 0x05, 0xfc, 0xe5, 0xfb, 0x05, 0xfc, 0x05, 0xfc,
    0x05, 0xfc, 0xe5, 0xfb, 0x05, 0xfc, 0x05, 0xfc, 0x05, 0xfc, 0xe5, 0xfb,
    0x05, 0xfc, 0x05, 0xfc, 0xe5, 0xfb, 0x04, 0xfc, 0x05, 0xfc, 0x05, 0xfc,
    0xe5, 0xfb, 0x05, 0xfc, 0x05, 0xfc, 0x05, 0xfc, 0x05, 0xfc, 0x05, 0xfc,
    0xe5, 0xfb, 0x04, 0xfc, 0x05, 0xfc, 0x05, 0xfc, 0x04, 0xfc, 0x05, 0xfc,
    0x05, 0xfc, 0xe4, 0xfb, 0x05, 0xfc, 0x05, 0xfc, 0xe4, 0xfb, 0x05, 0xfc,
    0xe5, 0xfb, 0x04, 0xfc, 0x05, 0xfc, 0x05, 0xfc, 0xe5, 0xfb, 0x05, 0xfc,
    0x05, 0xfc, 0x05, 0xfc, 0xe5, 0xfb, 0x05, 0xfc, 0x04, 0xfc, 0x05, 0xfc,
    0x05, 0xfc, 0x05, 0xfc, 0xe5, 0xfb, 0x05, 0xfc, 0x04, 0xfc, 0x05, 0xfc,
    0x05, 0xfc, 0xe4, 0xfb, 0x05, 0xfc, 0xe5, 0xfb, 0xe5, 0xfb, 0x05, 0xfc,
    0x05, 0xfc, 0xe5, 0xfb, 0x05, 0xfc, 0x05, 0xfc, 0xe5, 0xfb, 0x05, 0xfc,
    0x05, 0xfc, 0x05, 0xfc, 0xe4, 0xfb, 0x05, 0xfc, 0x05, 0xfc, 0x05, 0xfc,
    0xe5, 0xfb, 0x05, 0xfc, 0x05, 0xfc, 0x04, 0xfc, 0xe5, 0xfb, 0x05, 0xfc,
    0x05, 0xfc, 0x05, 0xfc, 0x05, 0xfc, 0x05, 0xfc, 0x05, 0xfc, 0x05, 0xfc,
    0x05, 0xfc, 0x05, 0xfc, 0xe5, 0xfb, 0x05, 0xfc, 0x05, 0xfc, 0xe5, 0xfb,
    0x05, 0xfc, 0x05, 0xfc, 0x05, 0xfc, 0xe4, 0xfb, 0x05, 0xfc, 0x05, 0xfc,
    0xe4, 0xfb, 0x05, 0xfc, 0x05, 0xfc, 0xe5, 0xfb, 0x05, 0xfc, 0x05, 0xfc,
    0x05, 0xfc, 0xe5, 0xfb, 0x05, 0xfc, 0x05, 0xfc, 0x05, 0xfc, 0x05, 0xfc,
    0xe5, 0xfb, 0x05, 0xfc, 0x05, 0xfc, 0xe5, 0xfb, 0x05, 0xfc, 0x05, 0xfc,
    0x04, 0xfc, 0xe5, 0xfb, 0x05, 0xfc, 0x05, 0xfc, 0xe5, 0xfb, 0x05, 0xfc,
    0x04, 0xfc, 0xe5, 0xfb, 0x05, 0xfc, 0x04, 0xfc, 0x05, 0xfc, 0x05, 0xfc,
    0xe5, 0xfb, 0x04, 0xfc, 0x05, 0xfc, 0xe5, 0xfb, 0x05, 0xfc, 0x05, 0xfc,
    0x05, 0xfc, 0x05, 0xfc, 0xe4, 0xfb, 0x05, 0xfc, 0x05, 0xfc, 0xe4, 0xfb,
    0x05, 0xfc, 0x05, 0xfc, 0xe5, 0xfb, 0x05, 0xfc, 0x05, 0xfc, 0xe5, 0xfb,
    0x05, 0xfc, 0x05, 0xfc, 0x05, 0xfc, 0x05, 0xfc, 0xe5, 0xfb, 0x05, 0xfc,
    0x05, 0xfc, 0xe5, 0xfb, 0x05, 0xfc, 0x05, 0xfc, 0xe5, 0xfb, 0x05, 0xfc,
    0x04, 0xfc, 0x05, 0xfc, 0x05, 0xfc, 0x05, 0xfc, 0x05, 0xfc, 0x05, 0xfc,
    0xe5, 0xfb, 0x05, 0xfc, 0x05, 0xfc, 0xe4, 0xfb, 0x05, 0xfc, 0x05, 0xfc,
    0xe5, 0xfb, 0x05, 0xfc, 0x05, 0xfc, 0x05, 0xfc, 0x05, 0xfc, 0x05, 0xfc,
    0x05, 0xfc, 0x05, 0xfc, 0xe5, 0xfb, 0x04, 0xfc, 0x05, 0xfc, 0x05, 0xfc,
    0x04, 0xfc, 0xe5, 0xfb, 0x05, 0xfc, 0x05, 0xfc, 0x05, 0xfc, 0x05, 0xfc,
    0x05, 0xfc, 0x04, 0xfc, 0x05, 0xfc, 0xe5, 0xfb, 0x05, 0xfc, 0x05, 0xfc,
    0x05, 0xfc, 0xe5, 0xfb, 0x04, 0xfc, 0x05, 0xfc, 0xe5, 0xfb, 0x05, 0xfc,
    0xe5, 0xfb, 0x05, 0xfc, 0x04, 0xfc, 0xe5, 0xfb, 0x05, 0xfc, 0x05, 0xfc,
    0xe5, 0xfb, 0x05, 0xfc, 0x05, 0xfc, 0x05, 0xfc, 0x05, 0xfc, 0x05, 0xfc,
    0x05, 0xfc, 0x05, 0xfc, 0x05, 0xfc, 0x05, 0xfc, 0x05, 0xfc, 0xe5, 0xfb,
    0x05, 0xfc, 0x05, 0xfc, 0x05, 0xfc, 0x05, 0xfc, 0xe5, 0xfb, 0x05, 0xfc,
    0x05, 0xfc, 0xe5, 0xfb, 0x05, 0xfc, 0x05, 0xfc, 0x05, 0xfc, 0xe5, 0xfb,
    0x05, 0xfc, 0x05, 0xfc, 0x05, 0xfc, 0xe5, 0xfb, 0x05, 0xfc, 0x05, 0xfc,
    0x05, 0xfc, 0x05, 0xfc, 0x05, 0xfc, 0x05, 0xfc, 0xe5, 0xfb, 0x05, 0xfc,
    0x05, 0xfc, 0xe5, 0xfb, 0x05, 0xfc, 0x05, 0xfc, 0x05, 0xfc, 0x05, 0xfc,
    0x05, 0xfc, 0xe5, 0xfb, 0x05, 0xfc, 0x05, 0xfc, 0x05, 0xfc, 0x05, 0xfc,
    0xe5, 0xfb, 0x05, 0xfc, 0x05, 0xfc, 0x05, 0xfc, 0x05, 0xfc, 0x05, 0xfc,
    0xe5, 0xfb, 0x05, 0xfc, 0xe5, 0xfb, 0x05, 0xfc, 0x05, 0xfc, 0xe5, 0xfb,
    0x05, 0xfc, 0x05, 0xfc, 0x05, 0xfc, 0x04, 0xfc, 0x05, 0xfc, 0x05, 0xfc,
    0xe5, 0xfb, 0x05, 0xfc, 0x05, 0xfc, 0xe5, 0xfb, 0xe5, 0xfb, 0x05, 0xfc,
    0x04, 0xfc, 0xe5, 0xfb, 0x05, 0xfc, 0x05, 0xfc, 0xe5, 0xfb, 0x05, 0xfc,
    0x05, 0xfc, 0x05, 0xfc, 0xe5, 0xfb, 0x05, 0xfc, 0x05, 0xfc, 0xe5, 0xfb,
    0x04, 0xfc, 0x05, 0xfc, 0x05, 0xfc, 0xe4, 0xfb, 0x05, 0xfc, 0x05, 0xfc,
    0xe5, 0xfb, 0x05, 0xfc, 0x05, 0xfc, 0x05, 0xfc, 0xe5, 0xfb, 0x05, 0xfc,
    0x05, 0xfc, 0xe5, 0xfb, 0xe5, 0xfb, 0x05, 0xfc, 0x05, 0xfc, 0x05, 0xfc,
    0xe4, 0xfb, 0x05, 0xfc, 0x05, 0xfc, 0x05, 0xfc, 0xe5, 0xfb, 0x05, 0xfc,
    0x05, 0xfc, 0xe4, 0xfb, 0x05, 0xfc, 0x05, 0xfc, 0xe5, 0xfb, 0x05, 0xfc,
    0x04, 0xfc, 0x05, 0xfc, 0x05, 0xfc, 0x04, 0xfc, 0xe5, 0xfb, 0x05, 0xfc,
    0xe4, 0xfb, 0x05, 0xfc, 0xe5, 0xfb, 0x05, 0xfc, 0xe5, 0xfb, 0x04, 0xfc,
    0x05, 0xfc, 0x05, 0xfc, 0xe4, 0xfb, 0x05, 0xfc, 0x05, 0xfc, 0x04, 0xfc,
    0xe5, 0xfb, 0x05, 0xfc, 0x04, 0xfc, 0x05, 0xfc, 0x05, 0xfc, 0x04, 0xfc,
    0xe5, 0xfb, 0x05, 0xfc, 0x04, 0xfc, 0xe5, 0xfb, 0x05, 0xfc, 0x05, 0xfc,
    0x04, 0xfc, 0xe5, 0xfb, 0x05, 0xfc, 0xe4, 0xfb, 0x05, 0xfc, 0x05, 0xfc,
    0x05, 0xfc, 0xe5, 0xfb, 0x04, 0xfc, 0x05, 0xfc, 0x05, 0xfc, 0xe5, 0xfb,
    0x05, 0xfc, 0x04, 0xfc, 0xe5, 0xfb, 0x05, 0xfc, 0x04, 0xfc, 0xe5, 0xfb,
    0x05, 0xfc, 0x05, 0xfc, 0x04, 0xfc, 0xe5, 0xfb, 0x05, 0xfc, 0xe4, 0xfb,
    0x05, 0xfc, 0x05, 0xfc, 0x04, 0xfc, 0x05, 0xfc, 0x05, 0xfc, 0xe4, 0xfb,
    0x05, 0xfc, 0x05, 0xfc, 0x04, 0xfc, 0xe5, 0xfb, 0x05, 0xfc, 0x05, 0xfc,
    0xe5, 0xfb, 0x05, 0xfc, 0x04, 0xfc, 0x05, 0xfc, 0x05, 0xfc, 0x05, 0xfc,
    0x05, 0xfc, 0x05, 0xfc, 0xe5, 0xfb, 0x05, 0xfc, 0x05, 0xfc, 0x04, 0xfc,
    0x05, 0xfc, 0x05, 0xfc, 0x05, 0xfc, 0xe4, 0xfb, 0x05, 0xfc, 0x05, 0xfc,
    0x04, 0xfc, 0xe5, 0xfb, 0x05, 0xfc, 0x05, 0xfc, 0xe5, 0xfb, 0x05, 0xfc,
    0x05, 0xfc, 0x05, 0xfc, 0x05, 0xfc, 0xe5, 0xfb, 0x05, 0xfc, 0x05, 0xfc,
    0x04, 0xfc, 0xe5, 0xfb, 0x05, 0xfc, 0x04, 0xfc, 0x05, 0xfc, 0x05, 0xfc,
    0xe5, 0xfb, 0x05, 0xfc, 0x05, 0xfc, 0xe5, 0xfb, 0x05, 0xfc, 0x05, 0xfc,
    0x05, 0xfc, 0x05, 0xfc, 0x05, 0xfc, 0x05, 0xfc, 0x05, 0xfc, 0x05, 0xfc,
    0x05, 0xfc, 0x05, 0xfc, 0xe5, 0xfb, 0x05, 0xfc, 0x05, 0xfc, 0xe5, 0xfb,
    0x05, 0xfc, 0x05, 0xfc, 0x05, 0xfc, 0x05, 0xfc, 0x04, 0xfc, 0xe5, 0xfb,
    0x05, 0xfc, 0x05, 0xfc, 0xe5, 0xfb, 0x05, 0xfc, 0x05, 0xfc, 0xe5, 0xfb,
    0x05, 0xfc, 0x05, 0xfc, 0x05, 0xfc, 0xe5, 0xfb, 0x05, 0xfc, 0x05, 0xfc,
    0xe5, 0xfb, 0x05, 0xfc, 0x05, 0xfc, 0x05, 0xfc, 0x05, 0xfc, 0x05, 0xfc,
    0xe5, 0xfb, 0x05, 0xfc, 0x05, 0xfc, 0x05, 0xfc, 0xe5, 0xfb, 0x05, 0xfc,
    0x05, 0xfc, 0xe5, 0xfb, 0x04, 0xfc, 0x05, 0xfc, 0x05, 0xfc, 0x05, 0xfc,
    0xe5, 0xfb, 0x04, 0xfc, 0x05, 0xfc, 0xe5, 0xfb, 0x05, 0xfc, 0x05, 0xfc,
    0x05, 0xfc, 0xe5, 0xfb, 0x05, 0xfc, 0x05, 0xfc, 0xe5, 0xfb, 0x05, 0xfc,
    0x05, 0xfc, 0x05, 0xfc, 0xe5, 0xfb, 0x05, 0xfc, 0x05, 0xfc, 0xe5, 0xfb,
    0x05, 0xfc, 0x05, 0xfc, 0x05, 0xfc, 0x05, 0xfc, 0xe5, 0xfb, 0x05, 0xfc,
    0x05, 0xfc, 0xe5, 0xfb, 0x05, 0xfc, 0x05, 0xfc, 0xe5, 0xfb, 0x05, 0xfc,
    0x05, 0xfc, 0xe5, 0xfb, 0x05, 0xfc, 0x05, 0xfc, 0x05, 0xfc, 0x05, 0xfc,
    0xe5, 0xfb, 0x05, 0xfc, 0xe5, 0xfb, 0x05, 0xfc, 0x05, 0xfc, 0x05, 0xfc,
    0x05, 0xfc, 0x05, 0xfc, 0xe5, 0xfb, 0x05, 0xfc, 0x05, 0xfc, 0x05, 0xfc,
    0x05, 0xfc, 0x05, 0xfc, 0xe5, 0xfb, 0x05, 0xfc, 0x04, 0xfc, 0x05, 0xfc,
    0xe5, 0xfb, 0x05, 0xfc, 0x05, 0xfc, 0x05, 0xfc, 0x05, 0xfc, 0x05, 0xfc,
    0x05, 0xfc, 0xe5, 0xfb, 0x04, 0xfc, 0x05, 0xfc, 0x05, 0xfc, 0x05, 0xfc,
    0xe4, 0xfb, 0x05, 0xfc, 0x05, 0xfc, 0xe4, 0xfb, 0x05, 0xfc, 0xe5, 0xfb,
    0x05, 0xfc, 0xe4, 0xfb, 0x05, 0xfc, 0x05, 0xfc, 0xe5, 0xfb, 0x05, 0xfc,
    0x05, 0xfc, 0x05, 0xfc, 0x04, 0xfc, 0xe5, 0xfb, 0x05, 0xfc, 0x05, 0xfc,
    0x05, 0xfc, 0x05, 0xfc, 0x05, 0xfc, 0x05, 0xfc, 0xe5, 0xfb, 0x05, 0xfc,
    0x05, 0xfc, 0x04, 0xfc, 0xe5, 0xfb, 0x05, 0xfc, 0x05, 0xfc, 0x05, 0xfc,
    0xe5, 0xfb, 0x05, 0xfc, 0x05, 0xfc, 0xe5, 0xfb, 0x05, 0xfc, 0x05, 0xfc,
    0xe5, 0xfb, 0x05, 0xfc, 0x04, 0xfc, 0xe5, 0xfb, 0x05, 0xfc, 0x05, 0xfc,
    0x05, 0xfc, 0x05, 0xfc, 0x05, 0xfc, 0xe5, 0xfb, 0x05, 0xfc, 0x05, 0xfc,
    0xe5, 0xfb, 0x05, 0xfc, 0x05, 0xfc, 0x05, 0xfc, 0x05, 0xfc, 0x05, 0xfc,
    0x05, 0xfc, 0x05, 0xfc, 0xe5, 0xfb, 0x04, 0xfc, 0x05, 0xfc, 0x05, 0xfc,
    0x05, 0xfc, 0x05, 0xfc, 0x05, 0xfc, 0x05, 0xfc, 0xe5, 0xfb, 0x04, 0xfc,
    0x05, 0xfc, 0xe5, 0xfb, 0x05, 0xfc, 0x05, 0xfc, 0xe4, 0xfb, 0x05, 0xfc,
    0x05, 0xfc, 0x05, 0xfc, 0x04, 0xfc, 0x05, 0xfc, 0x05, 0xfc, 0x04, 0xfc,
    0xe5, 0xfb, 0x05, 0xfc, 0x05, 0xfc, 0x05, 0xfc, 0xe5, 0xfb, 0x05, 0xfc,
    0x04, 0xfc, 0xe5, 0xfb, 0x05, 0xfc, 0x05, 0xfc, 0x04, 0xfc, 0xe5, 0xfb,
    0x05, 0xfc, 0xe5, 0xfb, 0x05, 0xfc, 0x05, 0xfc, 0x05, 0xfc, 0x05, 0xfc,
    0xe4, 0xfb, 0xe5, 0xfb, 0x05, 0xfc, 0x04, 0xfc, 0xe5, 0xfb, 0x05, 0xfc,
    0x05, 0xfc, 0x05, 0xfc, 0x05, 0xfc, 0xe4, 0xfb, 0x05, 0xfc, 0xe5, 0xfb,
    0x05, 0xfc, 0xe5, 0xfb, 0x05, 0xfc, 0x05, 0xfc, 0x05, 0xfc, 0xe5, 0xfb,
    0x05, 0xfc, 0x05, 0xfc, 0x05, 0xfc, 0xe5, 0xfb, 0x05, 0xfc, 0x05, 0xfc,
    0xe5, 0xfb, 0x05, 0xfc, 0x05, 0xfc, 0x05, 0xfc, 0xe5, 0xfb, 0x05, 0xfc,
    0x04, 0xfc, 0x05, 0xfc, 0xe5, 0xfb, 0x05, 0xfc, 0x05, 0xfc, 0xe5, 0xfb,
    0x05, 0xfc, 0xe5, 0xfb, 0xe5, 0xfb, 0x05, 0xfc, 0x04, 0xfc, 0xe5, 0xfb,
    0x05, 0xfc, 0x04, 0xfc, 0x05, 0xfc, 0x05, 0xfc, 0x05, 0xfc, 0xe5, 0xfb,
    0x04, 0xfc, 0x05, 0xfc, 0x05, 0xfc, 0x04, 0xfc, 0x05, 0xfc, 0xe5, 0xfb,
    0x04, 0xfc, 0x05, 0xfc, 0xe5, 0xfb, 0x05, 0xfc, 0x05, 0xfc, 0x05, 0xfc,
    0xe5, 0xfb, 0x04, 0xfc, 0x05, 0xfc, 0xe5, 0xfb, 0x04, 0xfc, 0x05, 0xfc,
    0x05, 0xfc, 0x05, 0xfc, 0xe4, 0xfb, 0x05, 0xfc, 0x05, 0xfc, 0xe5, 0xfb,
    0x05, 0xfc, 0xe4, 0xfb, 0x05, 0xfc, 0x05, 0xfc, 0x05, 0xfc, 0xe5, 0xfb,
    0x05, 0xfc, 0xe4, 0xfb, 0x05, 0xfc, 0xe5, 0xfb, 0x04, 0xfc, 0x05, 0xfc,
    0x05, 0xfc, 0x05, 0xfc, 0x05, 0xfc, 0x05, 0xfc, 0x04, 0xfc, 0xe5, 0xfb,
    0x05, 0xfc, 0x05, 0xfc, 0xe5, 0xfb, 0x05, 0xfc, 0xe5, 0xfb, 0x05, 0xfc,
    0x05, 0xfc, 0xe5, 0xfb, 0x05, 0xfc, 0x05, 0xfc, 0xe4, 0xfb, 0x05, 0xfc,
    0x05, 0xfc, 0x05, 0xfc, 0xe5, 0xfb, 0x05, 0xfc, 0x05, 0xfc, 0x05, 0xfc,
    0x05, 0xfc, 0x05, 0xfc, 0xe4, 0xfb, 0x05, 0xfc, 0x05, 0xfc, 0xe4, 0xfb,
    0x05, 0xfc, 0x05, 0xfc, 0x05, 0xfc, 0x05, 0xfc, 0x05, 0xfc, 0x05, 0xfc,
    0x05, 0xfc, 0xe5, 0xfb, 0x05, 0xfc, 0xe5, 0xfb, 0x05, 0xfc, 0x05, 0xfc,
    0x05, 0xfc, 0x05, 0xfc, 0xe4, 0xfb, 0x05, 0xfc, 0x05, 0xfc, 0x04, 0xfc,
    0xe5, 0xfb, 0x05, 0xfc, 0x04, 0xfc, 0x05, 0xfc, 0x05, 0xfc, 0x05, 0xfc,
    0x05, 0xfc, 0x05, 0xfc, 0x04, 0xfc, 0x05, 0xfc, 0x05, 0xfc, 0x05, 0xfc,
    0x05, 0xfc, 0xe5, 0xfb, 0x05, 0xfc, 0x05, 0xfc, 0xe4, 0xfb, 0x05, 0xfc,
    0x05, 0xfc, 0x05, 0xfc, 0x04, 0xfc, 0x05, 0xfc, 0x05, 0xfc, 0x05, 0xfc,
    0xe5, 0xfb, 0x05, 0xfc, 0x05, 0xfc, 0xe5, 0xfb, 0x05, 0xfc, 0x05, 0xfc,
    0xe5, 0xfb, 0x05, 0xfc, 0x05, 0xfc, 0xe5, 0xfb, 0x05, 0xfc, 0x05, 0xfc,
    0xe5, 0xfb, 0x05, 0xfc, 0x05, 0xfc, 0x05, 0xfc, 0x04, 0xfc, 0x05, 0xfc,
    0x05, 0xfc, 0x05, 0xfc, 0x05, 0xfc, 0xe5, 0xfb, 0x05, 0xfc, 0x05, 0xfc,
    0xe5, 0xfb, 0x05, 0xfc, 0x05, 0xfc, 0xe5, 0xfb, 0x05, 0xfc, 0x05, 0xfc,
    0x05, 0xfc, 0xe4, 0xfb, 0x05, 0xfc, 0x05, 0xfc, 0xe5, 0xfb, 0x05, 0xfc,
    0x04, 0xfc, 0x05, 0xfc, 0x05, 0xfc, 0x05, 0xfc, 0xe5, 0xfb, 0x05, 0xfc,
    0x05, 0xfc, 0xe5, 0xfb, 0x05, 0xfc, 0xe5, 0xfb, 0x05, 0xfc, 0x05, 0xfc,
    0xe5, 0xfb, 0x05, 0xfc, 0x05, 0xfc, 0x05, 0xfc, 0x04, 0xfc, 0xe5, 0xfb,
    0x05, 0xfc, 0x05, 0xfc, 0xe5, 0xfb, 0x05, 0xfc, 0x05, 0xfc, 0x05, 0xfc,
    0x05, 0xfc, 0xe5, 0xfb, 0x05, 0xfc, 0x05, 0xfc, 0x05, 0xfc, 0x05, 0xfc,
    0xe4, 0xfb, 0xe5, 0xfb, 0x05, 0xfc, 0x05, 0xfc, 0x05, 0xfc, 0x05, 0xfc,
    0x05, 0xfc, 0xe5, 0xfb, 0x05, 0xfc, 0x05, 0xfc, 0xe5, 0xfb, 0x05, 0xfc,
    0x05, 0xfc, 0xe5, 0xfb, 0x05, 0xfc, 0x04, 0xfc, 0x05, 0xfc, 0x05, 0xfc,
    0xe4, 0xfb, 0x05, 0xfc, 0x05, 0xfc, 0x05, 0xfc, 0x05, 0xfc, 0x05, 0xfc,
    0xe5, 0xfb, 0x05, 0xfc, 0x05, 0xfc, 0x05, 0xfc, 0xe5, 0xfb, 0xe5, 0xfb,
    0x05, 0xfc, 0xe4, 0xfb, 0x05, 0xfc, 0xe5, 0xfb, 0x05, 0xfc, 0xe5, 0xfb,
    0xe4, 0xfb, 0x05, 0xfc, 0x05, 0xfc, 0x04, 0xfc, 0x05, 0xfc, 0x05, 0xfc,
    0x05, 0xfc, 0x05, 0xfc, 0xe5, 0xfb, 0x05, 0xfc, 0x05, 0xfc, 0x05, 0xfc,
    0x05, 0xfc, 0x04, 0xfc, 0x05, 0xfc, 0x05, 0xfc, 0x05, 0xfc, 0xe5, 0xfb,
    0x05, 0xfc, 0x04, 0xfc, 0xe5, 0xfb, 0x05, 0xfc, 0x05, 0xfc, 0xe5, 0xfb,
    0x04, 0xfc, 0x05, 0xfc, 0x05, 0xfc, 0x05, 0xfc, 0xe5, 0xfb, 0x05, 0xfc,
    0x05, 0xfc, 0xe5, 0xfb, 0xe5, 0xfb, 0x04, 0xfc, 0x05, 0xfc, 0x05, 0xfc,
    0x05, 0xfc, 0x05, 0xfc, 0x05, 0xfc, 0xe4, 0xfb, 0x05, 0xfc, 0x05, 0xfc,
    0x05, 0xfc, 0x05, 0xfc, 0xe5, 0xfb, 0x05, 0xfc, 0x05, 0xfc, 0x05, 0xfc,
    0x05, 0xfc, 0xe5, 0xfb, 0x05, 0xfc, 0x05, 0xfc, 0xe5, 0xfb, 0x05, 0xfc,
    0x05, 0xfc, 0x05, 0xfc, 0x05, 0xfc, 0xe4, 0xfb, 0x05, 0xfc, 0x05, 0xfc,
    0xe4, 0xfb, 0x05, 0xfc, 0x05, 0xfc, 0x05, 0xfc, 0xe5, 0xfb, 0x05, 0xfc,
    0x05, 0xfc, 0x05, 0xfc, 0x05, 0xfc, 0x04, 0xfc, 0x05, 0xfc, 0x05, 0xfc,
    0xe4, 0xfb, 0x05, 0xfc, 0x05, 0xfc, 0x05, 0xfc, 0xe5, 0xfb, 0x05, 0xfc,
    0x05, 0xfc, 0x05, 0xfc, 0x05, 0xfc, 0x05, 0xfc, 0xe5, 0xfb, 0x05, 0xfc,
    0x05, 0xfc, 0xe5, 0xfb, 0x05, 0xfc, 0x05, 0xfc, 0x04, 0xfc, 0xe5, 0xfb,
    0x05, 0xfc, 0x04, 0xfc, 0xe5, 0xfb, 0x05, 0xfc, 0x05, 0xfc, 0xe5, 0xfb,
    0x05, 0xfc, 0x05, 0xfc, 0x05, 0xfc, 0xe5, 0xfb, 0x05, 0xfc, 0xe5, 0xfb,
    0x05, 0xfc, 0x05, 0xfc, 0xe5, 0xfb, 0x05, 0xfc, 0x05, 0xfc, 0x05, 0xfc,
    0x05, 0xfc, 0x05, 0xfc, 0x05, 0xfc, 0x05, 0xfc, 0xe5, 0xfb, 0x05, 0xfc,
    0x05, 0xfc, 0x05, 0xfc, 0x05, 0xfc, 0x05, 0xfc, 0xe5, 0xfb, 0x05, 0xfc,
    0xe5, 0xfb, 0x05, 0xfc, 0x05, 0xfc, 0xe5, 0xfb, 0x04, 0xfc, 0x05, 0xfc,
    0xe5, 0xfb, 0xe5, 0xfb, 0x05, 0xfc, 0xe5, 0xfb, 0x05, 0xfc, 0x05, 0xfc,
    0x04, 0xfc, 0x05, 0xfc, 0x05, 0xfc, 0x05, 0xfc, 0x05, 0xfc, 0x05, 0xfc,
    0x04, 0xfc, 0x05, 0xfc, 0xe5, 0xfb, 0x05, 0xfc, 0x05, 0xfc, 0xe4, 0xfb,
    0x05, 0xfc, 0x05, 0xfc, 0x05, 0xfc, 0x05, 0xfc, 0x05, 0xfc, 0xe5, 0xfb,
    0x05, 0xfc, 0x05, 0xfc, 0xe4, 0xfb, 0x05, 0xfc, 0x05, 0xfc, 0x05, 0xfc,
    0x05, 0xfc, 0xe5, 0xfb, 0x04, 0xfc, 0x05, 0xfc, 0x05, 0xfc, 0x05, 0xfc,
    0xe5, 0xfb, 0x04, 0xfc, 0x05, 0xfc, 0x05, 0xfc, 0xe5, 0xfb, 0x05, 0xfc,
    0x04, 0xfc, 0xe5, 0xfb, 0x05, 0xfc, 0x04, 0xfc, 0xe5, 0xfb, 0x05, 0xfc,
    0x05, 0xfc, 0x05, 0xfc, 0x05, 0xfc, 0xe5, 0xfb, 0x05, 0xfc, 0x04, 0xfc,
    0x05, 0xfc, 0xe5, 0xfb, 0x05, 0xfc, 0x05, 0xfc, 0xe5, 0xfb, 0x05, 0xfc,
    0x05, 0xfc, 0xe5, 0xfb, 0x05, 0xfc, 0x05, 0xfc, 0xe5, 0xfb, 0x05, 0xfc,
    0x05, 0xfc, 0xe5, 0xfb, 0x04, 0xfc, 0xe5, 0xfb, 0x05, 0xfc, 0x05, 0xfc,
    0x04, 0xfc, 0x05, 0xfc, 0xe5, 0xfb, 0x04, 0xfc, 0x05, 0xfc, 0x05, 0xfc,
    0xe5, 0xfb, 0x05, 0xfc, 0x05, 0xfc, 0x05, 0xfc, 0x05, 0xfc, 0x04, 0xfc,
    0x05, 0xfc, 0xe5, 0xfb, 0x05, 0xfc, 0x05, 0xfc, 0x05, 0xfc, 0x05, 0xfc,
    0x04, 0xfc, 0xe5, 0xfb, 0x05, 0xfc, 0x04, 0xfc, 0x05, 0xfc, 0xe5, 0xfb,
    0x04, 0xfc, 0xe5, 0xfb, 0x05, 0xfc, 0x04, 0xfc, 0x05, 0xfc, 0x05, 0xfc,
    0x05, 0xfc, 0x04, 0xfc, 0x05, 0xfc, 0x05, 0xfc, 0x05, 0xfc, 0xe5, 0xfb,
    0x05, 0xfc, 0x05, 0xfc, 0x05, 0xfc, 0xe4, 0xfb, 0x05, 0xfc, 0x05, 0xfc,
    0x05, 0xfc, 0x05, 0xfc, 0x05, 0xfc, 0x04, 0xfc, 0x05, 0xfc, 0xe5, 0xfb,
    0x05, 0xfc, 0xe5, 0xfb, 0xe5, 0xfb, 0x05, 0xfc, 0xe5, 0xfb, 0x05, 0xfc,
    0x05, 0xfc, 0xe5, 0xfb, 0x05, 0xfc, 0x05, 0xfc, 0x05, 0xfc, 0xe5, 0xfb,
    0x05, 0xfc, 0x05, 0xfc, 0x05, 0xfc, 0xe4, 0xfb, 0x05, 0xfc, 0x05, 0xfc,
    0x04, 0xfc, 0x05, 0xfc, 0xe5, 0xfb, 0x05, 0xfc, 0x05, 0xfc, 0xe5, 0xfb,
    0x05, 0xfc, 0x05, 0xfc, 0xe5, 0xfb, 0x05, 0xfc, 0x05, 0xfc, 0xe5, 0xfb,
    0x05, 0xfc, 0x04, 0xfc, 0xe5, 0xfb, 0x05, 0xfc, 0x05, 0xfc, 0x05, 0xfc,
    0x05, 0xfc, 0x05, 0xfc, 0x05, 0xfc, 0x05, 0xfc, 0x05, 0xfc, 0x05, 0xfc,
    0x05, 0xfc, 0x05, 0xfc, 0xe5, 0xfb, 0x05, 0xfc, 0x05, 0xfc, 0x05, 0xfc,
    0xe5, 0xfb, 0x05, 0xfc, 0x05, 0xfc, 0x05, 0xfc, 0xe4, 0xfb, 0x05, 0xfc,
    0x05, 0xfc, 0xe5, 0xfb, 0x05, 0xfc, 0x05, 0xfc, 0x05, 0xfc, 0x05, 0xfc,
    0x05, 0xfc, 0xe5, 0xfb, 0x05, 0xfc, 0x05, 0xfc, 0x05, 0xfc, 0x05, 0xfc,
    0xe5, 0xfb, 0x05, 0xfc, 0x05, 0xfc, 0xe5, 0xfb, 0x05, 0xfc, 0x05, 0xfc,
    0xe5, 0xfb, 0x05, 0xfc, 0x05, 0xfc, 0x05, 0xfc, 0xe5, 0xfb, 0x05, 0xfc,
    0xe5, 0xfb, 0x05, 0xfc, 0x05, 0xfc, 0x05, 0xfc, 0xe4, 0xfb, 0x05, 0xfc,
    0xe5, 0xfb, 0x05, 0xfc, 0x05, 0xfc, 0x05, 0xfc, 0x05, 0xfc, 0x05, 0xfc,
    0x05, 0xfc, 0x05, 0xfc, 0x05, 0xfc, 0x05, 0xfc, 0xe5, 0xfb, 0xe5, 0xfb,
    0x05, 0xfc, 0xe5, 0xfb, 0x05, 0xfc, 0xe5, 0xfb, 0xe5, 0xfb, 0x05, 0xfc,
    0x04, 0xfc, 0xe5, 0xfb, 0x05, 0xfc, 0x04, 0xfc, 0x05, 0xfc, 0x05, 0xfc,
    0xe5, 0xfb, 0x05, 0xfc, 0xe5, 0xfb, 0x05, 0xfc, 0x05, 0xfc, 0x05, 0xfc,
    0x05, 0xfc, 0x05, 0xfc, 0x04, 0xfc, 0x05, 0xfc, 0x05, 0xfc, 0x05, 0xfc,
    0x04, 0xfc, 0xe5, 0xfb, 0x05, 0xfc, 0x04, 0xfc, 0xe5, 0xfb, 0x05, 0xfc,
    0x05, 0xfc, 0x04, 0xfc, 0xe5, 0xfb, 0x05, 0xfc, 0x05, 0xfc, 0xe5, 0xfb,
    0x05, 0xfc, 0xe5, 0xfb, 0x05, 0xfc, 0x05, 0xfc, 0xe5, 0xfb, 0x04, 0xfc,
    0x05, 0xfc, 0xe5, 0xfb, 0x04, 0xfc, 0x05, 0xfc, 0xe5, 0xfb, 0x04, 0xfc,
    0x05, 0xfc, 0xe5, 0xfb, 0x05, 0xfc, 0x05, 0xfc, 0x05, 0xfc, 0xe5, 0xfb,
    0x05, 0xfc, 0xe4, 0xfb, 0x05, 0xfc, 0xe5, 0xfb, 0x05, 0xfc, 0xe5, 0xfb,
    0x05, 0xfc, 0xe5, 0xfb, 0x05, 0xfc, 0x04, 0xfc, 0xe5, 0xfb, 0x05, 0xfc,
    0x04, 0xfc, 0x05, 0xfc, 0x05, 0xfc, 0xe5, 0xfb, 0x05, 0xfc, 0x05, 0xfc,
    0x05, 0xfc, 0x05, 0xfc, 0x04, 0xfc, 0xe5, 0xfb, 0x05, 0xfc, 0x04, 0xfc,
    0xe5, 0xfb, 0x05, 0xfc, 0x04, 0xfc, 0x05, 0xfc, 0x05, 0xfc, 0x05, 0xfc,
    0xe5, 0xfb, 0x05, 0xfc, 0x04, 0xfc, 0x05, 0xfc, 0xe5, 0xfb, 0x05, 0xfc,
    0x05, 0xfc, 0x05, 0xfc, 0x04, 0xfc, 0xe5, 0xfb, 0x05, 0xfc, 0x04, 0xfc,
    0x05, 0xfc, 0xe5, 0xfb, 0x04, 0xfc, 0x05, 0xfc, 0xe5, 0xfb, 0x05, 0xfc,
    0x05, 0xfc, 0x05, 0xfc, 0x04, 0xfc, 0xe5, 0xfb, 0x05, 0xfc, 0xe5, 0xfb,
    0x04, 0xfc, 0xe5, 0xfb, 0xe5, 0xfb, 0x05, 0xfc, 0x05, 0xfc, 0x04, 0xfc,
    0x05, 0xfc, 0x05, 0xfc, 0x05, 0xfc, 0x04, 0xfc, 0x05, 0xfc, 0x05, 0xfc,
    0x05, 0xfc, 0x05, 0xfc, 0x05, 0xfc, 0x05, 0xfc, 0xe5, 0xfb, 0x05, 0xfc,
    0x05, 0xfc, 0xe5, 0xfb, 0x05, 0xfc, 0x05, 0xfc, 0x04, 0xfc, 0xe5, 0xfb,
    0xe5, 0xfb, 0x05, 0xfc, 0xe5, 0xfb, 0x05, 0xfc, 0x05, 0xfc, 0xe5, 0xfb,
    0x05, 0xfc, 0x05, 0xfc, 0x05, 0xfc, 0x05, 0xfc, 0x05, 0xfc, 0x05, 0xfc,
    0xe5, 0xfb, 0x05, 0xfc, 0x05, 0xfc, 0x05, 0xfc, 0x05, 0xfc, 0x05, 0xfc,
    0x05, 0xfc, 0x05, 0xfc, 0x05, 0xfc, 0xe5, 0xfb, 0x05, 0xfc, 0x05, 0xfc,
    0x05, 0xfc, 0x05, 0xfc, 0x05, 0xfc, 0x05, 0xfc, 0x05, 0xfc, 0x05, 0xfc,
    0x05, 0xfc, 0x05, 0xfc, 0x05, 0xfc, 0x05, 0xfc, 0x05, 0xfc, 0x05, 0xfc,
    0x05, 0xfc, 0x05, 0xfc, 0x05, 0xfc, 0x05, 0xfc, 0xe5, 0xfb, 0x04, 0xfc,
    0x05, 0xfc, 0x05, 0xfc, 0xe4, 0xfb, 0x05, 0xfc, 0x05, 0xfc, 0x05, 0xfc,
    0x05, 0xfc, 0xe5, 0xfb, 0x05, 0xfc, 0x05, 0xfc, 0xe4, 0xfb, 0x05, 0xfc,
    0x05, 0xfc, 0xe4, 0xfb, 0x05, 0xfc, 0x05, 0xfc, 0xe5, 0xfb, 0x05, 0xfc,
    0x05, 0xfc, 0x05, 0xfc, 0xe5, 0xfb, 0x05, 0xfc, 0x05, 0xfc, 0xe5, 0xfb,
    0x05, 0xfc, 0xe5, 0xfb, 0x05, 0xfc, 0x05, 0xfc, 0x05, 0xfc, 0xe5, 0xfb,
    0x05, 0xfc, 0x04, 0xfc, 0x05, 0xfc, 0xe5, 0xfb, 0x05, 0xfc, 0x05, 0xfc,
    0xe5, 0xfb, 0x05, 0xfc, 0x05, 0xfc, 0x05, 0xfc, 0x05, 0xfc, 0x05, 0xfc,
    0x05, 0xfc, 0xe5, 0xfb, 0x05, 0xfc, 0x05, 0xfc, 0x05, 0xfc, 0x05, 0xfc,
    0x05, 0xfc, 0x05, 0xfc, 0x05, 0xfc, 0x05, 0xfc, 0x04, 0xfc, 0xe5, 0xfb,
    0x05, 0xfc, 0xe5, 0xfb, 0x05, 0xfc, 0x05, 0xfc, 0xe5, 0xfb, 0x05, 0xfc,
    0x05, 0xfc, 0xe5, 0xfb, 0x04, 0xfc, 0xe5, 0xfb, 0x05, 0xfc, 0x05, 0xfc,
    0x05, 0xfc, 0xe5, 0xfb, 0x05, 0xfc, 0x04, 0xfc, 0x05, 0xfc, 0x05, 0xfc,
    0x05, 0xfc, 0x05, 0xfc, 0x04, 0xfc, 0x05, 0xfc, 0xe5, 0xfb, 0x04, 0xfc,
    0x05, 0xfc, 0xe5, 0xfb, 0x04, 0xfc, 0xe5, 0xfb, 0xe5, 0xfb, 0x05, 0xfc,
    0x05, 0xfc, 0xe5, 0xfb, 0x05, 0xfc, 0x04, 0xfc, 0xe5, 0xfb, 0xe5, 0xfb,
    0x05, 0xfc, 0xe4, 0xfb, 0x05, 0xfc, 0x05, 0xfc, 0x04, 0xfc, 0x05, 0xfc,
    0xe5, 0xfb, 0x04, 0xfc, 0x05, 0xfc, 0xe5, 0xfb, 0x05, 0xfc, 0xe5, 0xfb,
    0x05, 0xfc, 0xe5, 0xfb, 0x05, 0xfc, 0x05, 0xfc, 0xe5, 0xfb, 0x04, 0xfc,
    0xe5, 0xfb, 0xe5, 0xfb, 0x04, 0xfc, 0x05, 0xfc, 0xe5, 0xfb, 0x05, 0xfc,
    0x05, 0xfc, 0x05, 0xfc, 0x05, 0xfc, 0x05, 0xfc, 0x05, 0xfc, 0x05, 0xfc,
    0xe5, 0xfb, 0x05, 0xfc, 0x05, 0xfc, 0x05, 0xfc, 0xe5, 0xfb, 0x05, 0xfc,
    0x05, 0xfc, 0x05, 0xfc, 0x05, 0xfc, 0xe5, 0xfb, 0x05, 0xfc, 0x05, 0xfc,
    0x05, 0xfc, 0x05, 0xfc, 0x05, 0xfc, 0xe5, 0xfb, 0x04, 0xfc, 0x05, 0xfc,
    0x05, 0xfc, 0x05, 0xfc, 0x05, 0xfc, 0x05, 0xfc, 0x04, 0xfc, 0xe5, 0xfb,
    0x05, 0xfc, 0x05, 0xfc, 0x05, 0xfc, 0x05, 0xfc, 0xe5, 0xfb, 0x05, 0xfc,
    0x05, 0xfc, 0x05, 0xfc, 0x05, 0xfc, 0xe5, 0xfb, 0x05, 0xfc, 0x05, 0xfc,
    0xe5, 0xfb, 0x05, 0xfc, 0x04, 0xfc, 0x05, 0xfc, 0xe5, 0xfb, 0x04, 0xfc,
    0xe5, 0xfb, 0x05, 0xfc, 0xe4, 0xfb, 0x05, 0xfc, 0x05, 0xfc, 0x05, 0xfc,
    0x05, 0xfc, 0x05, 0xfc, 0x05, 0xfc, 0x05, 0xfc, 0xe5, 0xfb, 0x04, 0xfc,
    0x05, 0xfc, 0xe5, 0xfb, 0x05, 0xfc, 0x05, 0xfc, 0x05, 0xfc, 0xe5, 0xfb,
    0x05, 0xfc, 0x04, 0xfc, 0x05, 0xfc, 0x05, 0xfc, 0xe5, 0xfb, 0x05, 0xfc,
    0x05, 0xfc, 0xe5, 0xfb, 0x05, 0xfc, 0x05, 0xfc, 0x05, 0xfc, 0x05, 0xfc,
    0x05, 0xfc, 0x05, 0xfc, 0x05, 0xfc, 0x05, 0xfc, 0x05, 0xfc, 0x05, 0xfc,
    0x05, 0xfc, 0x04, 0xfc, 0xe5, 0xfb, 0x05, 0xfc, 0x05, 0xfc, 0x05, 0xfc,
    0x05, 0xfc, 0x05, 0xfc, 0x05, 0xfc, 0xe5, 0xfb, 0x05, 0xfc, 0xe5, 0xfb,
    0x05, 0xfc, 0x05, 0xfc, 0x05, 0xfc, 0xe5, 0xfb, 0x05, 0xfc, 0x05, 0xfc,
    0xe4, 0xfb, 0x05, 0xfc, 0x05, 0xfc, 0x04, 0xfc, 0xe5, 0xfb, 0x05, 0xfc,
    0x05, 0xfc, 0x05, 0xfc, 0x05, 0xfc, 0x05, 0xfc, 0xe5, 0xfb, 0x05, 0xfc,
    0x05, 0xfc, 0xe4, 0xfb, 0x05, 0xfc, 0x05, 0xfc, 0xe5, 0xfb, 0xe5, 0xfb,
    0x05, 0xfc, 0x05, 0xfc, 0xe4, 0xfb, 0x05, 0xfc, 0x05, 0xfc, 0x04, 0xfc,
    0x05, 0xfc, 0xe5, 0xfb, 0x05, 0xfc, 0x05, 0xfc, 0xe5, 0xfb, 0x05, 0xfc,
    0x05, 0xfc, 0xe4, 0xfb, 0x05, 0xfc, 0x05, 0xfc, 0xe4, 0xfb, 0x05, 0xfc,
    0x05, 0xfc, 0xe5, 0xfb, 0x05, 0xfc, 0x05, 0xfc, 0x05, 0xfc, 0x05, 0xfc,
    0xe5, 0xfb, 0x05, 0xfc, 0x05, 0xfc, 0xe4, 0xfb, 0x05, 0xfc, 0x05, 0xfc,
    0x05, 0xfc, 0x04, 0xfc, 0xe5, 0xfb, 0x05, 0xfc, 0x04, 0xfc, 0x05, 0xfc,
    0xe5, 0xfb, 0x04, 0xfc, 0x05, 0xfc, 0xe5, 0xfb, 0x05, 0xfc, 0x05, 0xfc,
    0x05, 0xfc, 0x05, 0xfc, 0x05, 0xfc, 0xe5, 0xfb, 0x05, 0xfc, 0xe5, 0xfb,
    0xe5, 0xfb, 0x05, 0xfc, 0xe5, 0xfb, 0x05, 0xfc, 0x04, 0xfc, 0x05, 0xfc,
    0x05, 0xfc, 0x05, 0xfc, 0x05, 0xfc, 0x05, 0xfc, 0xe4, 0xfb, 0x05, 0xfc,
    0x05, 0xfc, 0x05, 0xfc, 0xe5, 0xfb, 0x05, 0xfc, 0x05, 0xfc, 0xe5, 0xfb,
    0x04, 0xfc, 0x05, 0xfc, 0xe5, 0xfb, 0x05, 0xfc, 0xe4, 0xfb, 0xe5, 0xfb,
    0x05, 0xfc, 0xe5, 0xfb, 0x05, 0xfc, 0xe5, 0xfb, 0x05, 0xfc, 0x05, 0xfc,
    0xe5, 0xfb, 0x05, 0xfc, 0x05, 0xfc, 0x05, 0xfc, 0x05, 0xfc, 0x05, 0xfc,
    0xe4, 0xfb, 0x05, 0xfc, 0x05, 0xfc, 0x05, 0xfc, 0x04, 0xfc, 0x05, 0xfc,
    0x05, 0xfc, 0x05, 0xfc, 0xe5, 0xfb, 0x04, 0xfc, 0x05, 0xfc, 0x05, 0xfc,
    0x05, 0xfc, 0x05, 0xfc, 0x05, 0xfc, 0x05, 0xfc, 0x05, 0xfc, 0x05, 0xfc,
    0x05, 0xfc, 0xe4, 0xfb, 0x05, 0xfc, 0x05, 0xfc, 0x05, 0xfc, 0x05, 0xfc,
    0x05, 0xfc, 0x05, 0xfc, 0x05, 0xfc, 0x05, 0xfc, 0xe5, 0xfb, 0x05, 0xfc,
    0x04, 0xfc, 0x05, 0xfc, 0x05, 0xfc, 0x05, 0xfc, 0x05, 0xfc, 0xe5, 0xfb,
    0x05, 0xfc, 0xe5, 0xfb, 0x05, 0xfc, 0x05, 0xfc, 0x04, 0xfc, 0xe5, 0xfb,
    0x05, 0xfc, 0x04, 0xfc, 0x05, 0xfc, 0xe5, 0xfb, 0x05, 0xfc, 0x05, 0xfc,
    0xe5, 0xfb, 0x05, 0xfc, 0x05, 0xfc, 0x05, 0xfc, 0xe5, 0xfb, 0x05, 0xfc,
    0x05, 0xfc, 0xe5, 0xfb, 0x05, 0xfc, 0x05, 0xfc, 0x05, 0xfc, 0xe5, 0xfb,
    0x05, 0xfc, 0x05, 0xfc, 0xe5, 0xfb, 0x05, 0xfc, 0x05, 0xfc, 0xe5, 0xfb,
    0x05, 0xfc, 0x05, 0xfc, 0x05, 0xfc, 0x05, 0xfc, 0x05, 0xfc, 0xe5, 0xfb,
    0x05, 0xfc, 0x05, 0xfc, 0xe5, 0xfb, 0x05, 0xfc, 0x05, 0xfc, 0x05, 0xfc,
    0x05, 0xfc, 0x05, 0xfc, 0x04, 0xfc, 0x05, 0xfc, 0xe5, 0xfb, 0x05, 0xfc,
    0xe5, 0xfb, 0xe5, 0xfb, 0x05, 0xfc, 0xe5, 0xfb, 0x05, 0xfc, 0x05, 0xfc,
    0x05, 0xfc, 0xe5, 0xfb, 0x05, 0xfc, 0x04, 0xfc, 0x05, 0xfc, 0xe5, 0xfb,
    0x05, 0xfc, 0x05, 0xfc, 0x05, 0xfc, 0x05, 0xfc, 0x05, 0xfc, 0x05, 0xfc,
    0x05, 0xfc, 0x05, 0xfc, 0x05, 0xfc, 0x04, 0xfc, 0xe5, 0xfb, 0x05, 0xfc,
    0x04, 0xfc, 0xe5, 0xfb, 0x05, 0xfc, 0x04, 0xfc, 0xe5, 0xfb, 0xe5, 0xfb,
    0x05, 0xfc, 0x05, 0xfc, 0xe5, 0xfb, 0x05, 0xfc, 0xe5, 0xfb, 0xe5, 0xfb,
    0x05, 0xfc, 0x05, 0xfc, 0xe5, 0xfb, 0x04, 0xfc, 0x05, 0xfc, 0xe5, 0xfb,
    0x05, 0xfc, 0xe5, 0xfb, 0x04, 0xfc, 0xe5, 0xfb, 0x05, 0xfc, 0xe5, 0xfb,
    0xe5, 0xfb, 0x05, 0xfc, 0x05, 0xfc, 0x05, 0xfc, 0xe5, 0xfb, 0xe5, 0xfb,
    0x04, 0xfc, 0xe5, 0xfb, 0x05, 0xfc, 0xe4, 0xfb, 0x05, 0xfc, 0x05, 0xfc,
    0x05, 0xfc, 0x05, 0xfc, 0x05, 0xfc, 0xe5, 0xfb, 0x04, 0xfc, 0x05, 0xfc,
    0xe5, 0xfb, 0x05, 0xfc, 0x05, 0xfc, 0x05, 0xfc, 0xe5, 0xfb, 0x05, 0xfc,
    0x05, 0xfc, 0x05, 0xfc, 0x05, 0xfc, 0x05, 0xfc, 0xe5, 0xfb, 0x05, 0xfc,
    0x05, 0xfc, 0x05, 0xfc, 0x05, 0xfc, 0x05, 0xfc, 0x04, 0xfc, 0x05, 0xfc,
    0x05, 0xfc, 0xe5, 0xfb, 0x05, 0xfc, 0x05, 0xfc, 0x04, 0xfc, 0x05, 0xfc,
    0xe5, 0xfb, 0x05, 0xfc, 0x04, 0xfc, 0xe5, 0xfb, 0x05, 0xfc, 0x05, 0xfc,
    0x04, 0xfc, 0x05, 0xfc, 0xe5, 0xfb, 0x05, 0xfc, 0x04, 0xfc, 0xe5, 0xfb,
    0x05, 0xfc, 0x04, 0xfc, 0x05, 0xfc, 0xe5, 0xfb, 0x04, 0xfc, 0x05, 0xfc,
    0xe5, 0xfb, 0x04, 0xfc, 0x05, 0xfc, 0x05, 0xfc, 0x05, 0xfc, 0x05, 0xfc,
    0x05, 0xfc, 0x04, 0xfc, 0x05, 0xfc, 0x05, 0xfc, 0x04, 0xfc, 0x05, 0xfc,
    0xe5, 0xfb, 0x04, 0xfc, 0x05, 0xfc, 0x05, 0xfc, 0xe5, 0xfb, 0x05, 0xfc,
    0x05, 0xfc, 0x04, 0xfc, 0xe5, 0xfb, 0x05, 0xfc, 0x05, 0xfc, 0xe5, 0xfb,
    0x04, 0xfc, 0x05, 0xfc, 0x05, 0xfc, 0x05, 0xfc, 0x05, 0xfc, 0x05, 0xfc,
    0x05, 0xfc, 0x05, 0xfc, 0x05, 0xfc, 0x05, 0xfc, 0x05, 0xfc, 0x05, 0xfc,
    0x05, 0xfc, 0x05, 0xfc, 0x04, 0xfc, 0x05, 0xfc, 0x05, 0xfc, 0x05, 0xfc,
    0x04, 0xfc, 0x05, 0xfc, 0x05, 0xfc, 0xe5, 0xfb, 0x05, 0xfc, 0x05, 0xfc,
    0x05, 0xfc, 0x05, 0xfc, 0x05, 0xfc, 0x05, 0xfc, 0xe5, 0xfb, 0x05, 0xfc,
    0x05, 0xfc, 0x04, 0xfc, 0x05, 0xfc, 0xe5, 0xfb, 0x04, 0xfc, 0x05, 0xfc,
    0x05, 0xfc, 0x05, 0xfc, 0x05, 0xfc, 0x05, 0xfc, 0xe5, 0xfb, 0x05, 0xfc,
    0x05, 0xfc, 0xe4, 0xfb, 0x05, 0xfc, 0x05, 0xfc, 0xe5, 0xfb, 0x05, 0xfc,
    0x05, 0xfc, 0xe5, 0xfb, 0x05, 0xfc, 0x04, 0xfc, 0x05, 0xfc, 0x05, 0xfc,
    0x04, 0xfc, 0xe5, 0xfb, 0x05, 0xfc, 0x05, 0xfc, 0xe5, 0xfb, 0x05, 0xfc,
    0x05, 0xfc, 0x04, 0xfc, 0xe5, 0xfb, 0x05, 0xfc, 0x05, 0xfc, 0xe5, 0xfb,
    0xe5, 0xfb, 0x05, 0xfc, 0x05, 0xfc, 0x05, 0xfc, 0x05, 0xfc, 0xe5, 0xfb,
    0x05, 0xfc, 0x05, 0xfc, 0x05, 0xfc, 0x05, 0xfc, 0x05, 0xfc, 0x05, 0xfc,
    0x05, 0xfc, 0xe5, 0xfb, 0x05, 0xfc, 0x05, 0xfc, 0x05, 0xfc, 0xe5, 0xfb,
    0x05, 0xfc, 0x05, 0xfc, 0xe5, 0xfb, 0x05, 0xfc, 0x05, 0xfc, 0x05, 0xfc,
    0x05, 0xfc, 0x05, 0xfc, 0xe5, 0xfb, 0x05, 0xfc, 0xe5, 0xfb, 0xe5, 0xfb,
    0x05, 0xfc, 0xe5, 0xfb, 0x05, 0xfc, 0x05, 0xfc, 0x05, 0xfc, 0xe5, 0xfb,
    0x05, 0xfc, 0x05, 0xfc, 0x05, 0xfc, 0xe5, 0xfb, 0x05, 0xfc, 0x05, 0xfc,
    0x05, 0xfc, 0xe5, 0xfb, 0x05, 0xfc, 0x05, 0xfc, 0x05, 0xfc, 0xe5, 0xfb,
    0x04, 0xfc, 0x05, 0xfc, 0xe5, 0xfb, 0xe5, 0xfb, 0x05, 0xfc, 0xe4, 0xfb,
    0xe5, 0xfb, 0x05, 0xfc, 0xe5, 0xfb, 0x05, 0xfc, 0xe5, 0xfb, 0x05, 0xfc,
    0xe5, 0xfb, 0x05, 0xfc, 0x05, 0xfc, 0xe5, 0xfb, 0x05, 0xfc, 0xe5, 0xfb,
    0x05, 0xfc, 0x05, 0xfc, 0x05, 0xfc, 0x05, 0xfc, 0xe5, 0xfb, 0x04, 0xfc,
    0x05, 0xfc, 0xe5, 0xfb, 0x05, 0xfc, 0x05, 0xfc, 0xe4, 0xfb, 0x05, 0xfc,
    0x05, 0xfc, 0x05, 0xfc, 0x05, 0xfc, 0x05, 0xfc, 0x05, 0xfc, 0x05, 0xfc,
    0xe5, 0xfb, 0x05, 0xfc, 0x05, 0xfc, 0xe5, 0xfb, 0x05, 0xfc, 0x04, 0xfc,
    0x05, 0xfc, 0x05, 0xfc, 0x05, 0xfc, 0xe5, 0xfb, 0x05, 0xfc, 0x05, 0xfc,
    0xe4, 0xfb, 0x05, 0xfc, 0x05, 0xfc, 0x05, 0xfc, 0x05, 0xfc, 0xe5, 0xfb,
    0x05, 0xfc, 0x05, 0xfc, 0xe5, 0xfb, 0x05, 0xfc, 0x04, 0xfc, 0xe5, 0xfb,
    0x05, 0xfc, 0x04, 0xfc, 0x05, 0xfc, 0xe5, 0xfb, 0x05, 0xfc, 0x05, 0xfc,
    0xe4, 0xfb, 0x05, 0xfc, 0x05, 0xfc, 0xe4, 0xfb, 0x05, 0xfc, 0x05, 0xfc,
    0x05, 0xfc, 0xe5, 0xfb, 0x05, 0xfc, 0x05, 0xfc, 0xe4, 0xfb, 0x05, 0xfc,
    0xe5, 0xfb, 0x05, 0xfc, 0x04, 0xfc, 0xe5, 0xfb, 0x05, 0xfc, 0x05, 0xfc,
    0xe4, 0xfb, 0x05, 0xfc, 0x05, 0xfc, 0x05, 0xfc, 0x05, 0xfc, 0xe5, 0xfb,
    0x05, 0xfc, 0xe5, 0xfb, 0x05, 0xfc, 0x04, 0xfc, 0x05, 0xfc, 0x05, 0xfc,
    0x05, 0xfc, 0x04, 0xfc, 0x05, 0xfc, 0x05, 0xfc, 0xe4, 0xfb, 0x05, 0xfc,
    0x05, 0xfc, 0xe5, 0xfb, 0x05, 0xfc, 0x05, 0xfc, 0xe5, 0xfb, 0x05, 0xfc,
    0x05, 0xfc, 0xe4, 0xfb, 0x05, 0xfc, 0x05, 0xfc, 0xe5, 0xfb, 0x05, 0xfc,
    0x05, 0xfc, 0x05, 0xfc, 0x05, 0xfc, 0x05, 0xfc, 0x05, 0xfc, 0x05, 0xfc,
    0x05, 0xfc, 0x05, 0xfc, 0x05, 0xfc, 0x05, 0xfc, 0x04, 0xfc, 0xe5, 0xfb,
    0x05, 0xfc, 0x04, 0xfc, 0x05, 0xfc, 0xe5, 0xfb, 0x04, 0xfc, 0x05, 0xfc,
    0x05, 0xfc, 0x05, 0xfc, 0xe4, 0xfb, 0xe5, 0xfb, 0x05, 0xfc, 0x05, 0xfc,
    0x05, 0xfc, 0x05, 0xfc, 0x05, 0xfc, 0xe5, 0xfb, 0x05, 0xfc, 0x05, 0xfc,
    0xe5, 0xfb, 0x05, 0xfc, 0x05, 0xfc, 0xe4, 0xfb, 0x05, 0xfc, 0xe5, 0xfb,
    0x05, 0xfc, 0x05, 0xfc, 0x05, 0xfc, 0x05, 0xfc, 0xe4, 0xfb, 0x05, 0xfc,
    0x05, 0xfc, 0xe5, 0xfb, 0x05, 0xfc, 0x05, 0xfc, 0xe5, 0xfb, 0x05, 0xfc,
    0x05, 0xfc, 0x05, 0xfc, 0x05, 0xfc, 0xe5, 0xfb, 0x05, 0xfc, 0x04, 0xfc,
    0xe5, 0xfb, 0x05, 0xfc, 0x05, 0xfc, 0xe4, 0xfb, 0x05, 0xfc, 0x05, 0xfc,
    0x05, 0xfc, 0x05, 0xfc, 0x05, 0xfc, 0xe5, 0xfb, 0x05, 0xfc, 0x05, 0xfc,
    0x05, 0xfc, 0x05, 0xfc, 0x05, 0xfc, 0x05, 0xfc, 0x05, 0xfc, 0x05, 0xfc,
    0xe5, 0xfb, 0x05, 0xfc, 0x05, 0xfc, 0x05, 0xfc, 0x05, 0xfc, 0xe5, 0xfb,
    0x05, 0xfc, 0x05, 0xfc, 0xe5, 0xfb, 0x05, 0xfc, 0x05, 0xfc, 0x05, 0xfc,
    0x05, 0xfc, 0xe5, 0xfb, 0x05, 0xfc, 0x05, 0xfc, 0xe5, 0xfb, 0x04, 0xfc,
    0x05, 0xfc, 0x05, 0xfc, 0x04, 0xfc, 0xe5, 0xfb, 0x05, 0xfc, 0x05, 0xfc,
    0xe5, 0xfb, 0x05, 0xfc, 0x05, 0xfc, 0x05, 0xfc, 0x05, 0xfc, 0x05, 0xfc,
    0xe5, 0xfb, 0x05, 0xfc, 0x05, 0xfc, 0x04, 0xfc, 0x05, 0xfc, 0x05, 0xfc,
    0x04, 0xfc, 0x05, 0xfc, 0x05, 0xfc, 0x05, 0xfc, 0x05, 0xfc, 0x04, 0xfc,
    0x05, 0xfc, 0xe5, 0xfb, 0x04, 0xfc, 0x05, 0xfc, 0xe5, 0xfb, 0x05, 0xfc,
    0x05, 0xfc, 0xe4, 0xfb, 0x05, 0xfc, 0x05, 0xfc, 0xe5, 0xfb, 0x05, 0xfc,
    0x05, 0xfc, 0x05, 0xfc, 0x05, 0xfc, 0x05, 0xfc, 0x05, 0xfc, 0x05, 0xfc,
    0xe5, 0xfb, 0x05, 0xfc, 0x05, 0xfc, 0x05, 0xfc, 0x05, 0xfc, 0x05, 0xfc,
    0xe5, 0xfb, 0x04, 0xfc, 0xe5, 0xfb, 0x05, 0xfc, 0x05, 0xfc, 0x04, 0xfc,
    0x05, 0xfc, 0x05, 0xfc, 0x05, 0xfc, 0x05, 0xfc, 0x05, 0xfc, 0x05, 0xfc,
    0xe5, 0xfb, 0x05, 0xfc, 0x04, 0xfc, 0xe5, 0xfb, 0x05, 0xfc, 0x05, 0xfc,
    0x05, 0xfc, 0x05, 0xfc, 0x05, 0xfc, 0xe5, 0xfb, 0x05, 0xfc, 0x04, 0xfc,
    0x05, 0xfc, 0x05, 0xfc, 0xe4, 0xfb, 0x05, 0xfc, 0x05, 0xfc, 0x05, 0xfc,
    0x05, 0xfc, 0xe5, 0xfb, 0x05, 0xfc, 0x05, 0xfc, 0x05, 0xfc, 0x05, 0xfc,
    0x05, 0xfc, 0xe5, 0xfb, 0x05, 0xfc, 0x05, 0xfc, 0xe5, 0xfb, 0x05, 0xfc,
    0x05, 0xfc, 0xe4, 0xfb, 0x05, 0xfc, 0xe5, 0xfb, 0x05, 0xfc, 0x05, 0xfc,
    0xe5, 0xfb, 0x05, 0xfc, 0x05, 0xfc, 0x05, 0xfc, 0x05, 0xfc, 0x05, 0xfc,
    0xe4, 0xfb, 0x05, 0xfc, 0x05, 0xfc, 0x05, 0xfc, 0x04, 0xfc, 0x05, 0xfc,
    0xe5, 0xfb, 0x05, 0xfc, 0x04, 0xfc, 0x05, 0xfc, 0x05, 0xfc, 0x05, 0xfc,
    0x05, 0xfc, 0xe5, 0xfb, 0x05, 0xfc, 0x05, 0xfc, 0x05, 0xfc, 0x05, 0xfc,
    0x05, 0xfc, 0xe5, 0xfb, 0x05, 0xfc, 0x04, 0xfc, 0xe5, 0xfb, 0xe5, 0xfb,
    0x05, 0xfc, 0x05, 0xfc, 0x05, 0xfc, 0xe5, 0xfb, 0x05, 0xfc, 0xe5, 0xfb,
    0x05, 0xfc, 0xe5, 0xfb, 0x05, 0xfc, 0xe5, 0xfb, 0x05, 0xfc, 0xe5, 0xfb,
    0x05, 0xfc, 0x05, 0xfc, 0x05, 0xfc, 0x05, 0xfc, 0xe5, 0xfb, 0x05, 0xfc,
    0x05, 0xfc, 0xe5, 0xfb, 0x05, 0xfc, 0x05, 0xfc, 0xe5, 0xfb, 0x05, 0xfc,
    0x04, 0xfc, 0xe5, 0xfb, 0x05, 0xfc, 0x05, 0xfc, 0xe4, 0xfb, 0xe5, 0xfb,
    0x05, 0xfc, 0x05, 0xfc, 0x05, 0xfc, 0xe4, 0xfb, 0x05, 0xfc, 0xe5, 0xfb,
    0x05, 0xfc, 0x05, 0xfc, 0x05, 0xfc, 0x05, 0xfc, 0x05, 0xfc, 0xe5, 0xfb,
    0x05, 0xfc, 0x05, 0xfc, 0xe5, 0xfb, 0x04, 0xfc, 0xe5, 0xfb, 0x05, 0xfc,
    0x04, 0xfc, 0xe5, 0xfb, 0x05, 0xfc, 0x05, 0xfc, 0x05, 0xfc, 0xe5, 0xfb,
    0x04, 0xfc, 0x05, 0xfc, 0xe5, 0xfb, 0x05, 0xfc, 0x04, 0xfc, 0x05, 0xfc,
    0xe5, 0xfb, 0x05, 0xfc, 0x05, 0xfc, 0xe5, 0xfb, 0x05, 0xfc, 0x05, 0xfc,
    0xe5, 0xfb, 0x04, 0xfc, 0x05, 0xfc, 0x05, 0xfc, 0x05, 0xfc, 0xe4, 0xfb,
    0x05, 0xfc, 0x05, 0xfc, 0xe5, 0xfb, 0x05, 0xfc, 0x04, 0xfc, 0xe5, 0xfb,
    0x05, 0xfc, 0x04, 0xfc, 0x05, 0xfc, 0x05, 0xfc, 0xe5, 0xfb, 0x05, 0xfc,
    0x04, 0xfc, 0xe5, 0xfb, 0x05, 0xfc, 0x04, 0xfc, 0x05, 0xfc, 0xe5, 0xfb,
    0x05, 0xfc, 0xe5, 0xfb, 0x05, 0xfc, 0x05, 0xfc, 0xe5, 0xfb, 0x05, 0xfc,
    0x05, 0xfc, 0xe5, 0xfb, 0x05, 0xfc, 0x05, 0xfc, 0xe5, 0xfb, 0x05, 0xfc,
    0xe5, 0xfb, 0x04, 0xfc, 0x05, 0xfc, 0x05, 0xfc, 0xe5, 0xfb, 0x05, 0xfc,
    0xe5, 0xfb, 0x04, 0xfc, 0x05, 0xfc, 0x05, 0xfc, 0x05, 0xfc, 0x05, 0xfc,
    0x05, 0xfc, 0x05, 0xfc, 0xe4, 0xfb, 0x05, 0xfc, 0x05, 0xfc, 0x04, 0xfc,
    0x05, 0xfc, 0x05, 0xfc, 0xe5, 0xfb, 0x05, 0xfc, 0x05, 0xfc, 0x05, 0xfc,
    0xe4, 0xfb, 0x05, 0xfc, 0xe5, 0xfb, 0x05, 0xfc, 0xe5, 0xfb, 0x05, 0xfc,
    0x05, 0xfc, 0x04, 0xfc, 0x05, 0xfc, 0xe5, 0xfb, 0x04, 0xfc, 0x05, 0xfc,
    0x05, 0xfc, 0x05, 0xfc, 0x05, 0xfc, 0x05, 0xfc, 0xe5, 0xfb, 0x05, 0xfc,
    0x05, 0xfc, 0x05, 0xfc, 0xe4, 0xfb, 0x05, 0xfc, 0x05, 0xfc, 0x05, 0xfc,
    0x05, 0xfc, 0x04, 0xfc, 0xe5, 0xfb, 0x05, 0xfc, 0x04, 0xfc, 0xe5, 0xfb,
    0x05, 0xfc, 0x04, 0xfc, 0xe5, 0xfb, 0x05, 0xfc, 0x05, 0xfc, 0xe5, 0xfb,
    0x05, 0xfc, 0x05, 0xfc, 0xe5, 0xfb, 0x05, 0xfc, 0x05, 0xfc, 0x05, 0xfc,
    0x05, 0xfc, 0x05, 0xfc, 0xe5, 0xfb, 0x05, 0xfc, 0x05, 0xfc, 0xe5, 0xfb,
    0x05, 0xfc, 0x05, 0xfc, 0x05, 0xfc, 0xe5, 0xfb, 0x05, 0xfc, 0x05, 0xfc,
    0x05, 0xfc, 0x05, 0xfc, 0xe5, 0xfb, 0x05, 0xfc, 0x05, 0xfc, 0xe5, 0xfb,
    0x05, 0xfc, 0x05, 0xfc, 0xe5, 0xfb, 0x05, 0xfc, 0x04, 0xfc, 0x05, 0xfc,
    0x05, 0xfc, 0x05, 0xfc, 0x05, 0xfc, 0xe5, 0xfb, 0x05, 0xfc, 0x05, 0xfc,
    0x05, 0xfc, 0x05, 0xfc, 0x05, 0xfc, 0x05, 0xfc, 0x05, 0xfc, 0xe5, 0xfb,
    0x05, 0xfc, 0x05, 0xfc, 0x05, 0xfc, 0x05, 0xfc, 0x05, 0xfc, 0x05, 0xfc,
    0xe4, 0xfb, 0x05, 0xfc, 0x05, 0xfc, 0x05, 0xfc, 0x04, 0xfc, 0x05, 0xfc,
    0x05, 0xfc, 0xe5, 0xfb, 0x05, 0xfc, 0x05, 0xfc, 0xe5, 0xfb, 0x05, 0xfc,
    0x04, 0xfc, 0x05, 0xfc, 0xe5, 0xfb, 0x05, 0xfc, 0x05, 0xfc, 0xe5, 0xfb,
    0xe4, 0xfb, 0x05, 0xfc, 0x05, 0xfc, 0x05, 0xfc, 0x05, 0xfc, 0xe5, 0xfb,
    0x05, 0xfc, 0x05, 0xfc, 0xe5, 0xfb, 0x05, 0xfc, 0x04, 0xfc, 0x05, 0xfc,
    0x05, 0xfc, 0x05, 0xfc, 0x05, 0xfc, 0x05, 0xfc, 0x05, 0xfc, 0x04, 0xfc,
    0x05, 0xfc, 0xe5, 0xfb, 0x05, 0xfc, 0x05, 0xfc, 0xe5, 0xfb, 0x05, 0xfc,
    0x05, 0xfc, 0xe5, 0xfb, 0x05, 0xfc, 0x05, 0xfc, 0xe5, 0xfb, 0x04, 0xfc,
    0x05, 0xfc, 0x05, 0xfc, 0x05, 0xfc, 0x05, 0xfc, 0x05, 0xfc, 0xe5, 0xfb,
    0x05, 0xfc, 0x05, 0xfc, 0xe5, 0xfb, 0x05, 0xfc, 0x05, 0xfc, 0x05, 0xfc,
    0xe5, 0xfb, 0x05, 0xfc, 0x05, 0xfc, 0x05, 0xfc, 0x05, 0xfc, 0x05, 0xfc,
    0x05, 0xfc, 0x05, 0xfc, 0x05, 0xfc, 0x05, 0xfc, 0x05, 0xfc, 0x05, 0xfc,
    0xe4, 0xfb, 0xe5, 0xfb, 0x05, 0xfc, 0x04, 0xfc, 0x05, 0xfc, 0x05, 0xfc,
    0x05, 0xfc, 0xe4, 0xfb, 0x05, 0xfc, 0x05, 0xfc, 0x04, 0xfc, 0x05, 0xfc,
    0xe5, 0xfb, 0x04, 0xfc, 0x05, 0xfc, 0xe5, 0xfb, 0x04, 0xfc, 0x05, 0xfc,
    0xe5, 0xfb, 0x04, 0xfc, 0x05, 0xfc, 0x05, 0xfc, 0x05, 0xfc, 0xe5, 0xfb,
    0x05, 0xfc, 0x05, 0xfc, 0xe5, 0xfb, 0x05, 0xfc, 0x05, 0xfc, 0xe5, 0xfb,
    0x05, 0xfc, 0x05, 0xfc, 0xe4, 0xfb, 0x05, 0xfc, 0xe5, 0xfb, 0x05, 0xfc,
    0x05, 0xfc, 0xe5, 0xfb, 0x05, 0xfc, 0x05, 0xfc
};
